,user_id,name,last_role,raw_cv_text,extracted_user_skills,education,major,extracted_skills_structured,projects,experience
0,4053a618-a3ad-48a8-bc47-60f2b78f23a9,Rian Setiawan,ui designer magang,curriculum vitae ringkas nama rian setiawan kontak riansetiawanemailcom riwayat pendidikan institut teknologi sepuluh nopember kelulusan 2023 pengalaman profesional ui designer magang pt inovasi data deskripsi kompetensi memiliki dedikasi menyelesaikan tugastugas analitis teknis keahlian utama miliki terapkan meliputi figma user research uiux prototyping kreativitas berkomitmen penuh akselerasi karir transisi kompetensi industri digital ekosistem teknologi,"figma, user research, ui ux, prototyping, kreativitas",not specified,other,"figma, user research, ui ux, prototyping, kreativitas",not specified,not specified
1,6cbc999b-c041-4015-bf6f-dea1ec3249c4,Fikran Setiawan,ketua bem,curriculum vitae ringkas nama fikran setiawan kontak fikransetiawanemailcom riwayat pendidikan universitas airlangga kelulusan 2022 pengalaman profesional ketua bem pt nusantara digital indonesia deskripsi kompetensi memiliki dedikasi menyelesaikan tugastugas analitis teknis keahlian utama miliki terapkan meliputi leadership microsoft office manajemen komunikasi agile berkomitmen penuh akselerasi karir transisi kompetensi industri digital ekosistem teknologi,"leadership, microsoft office, manajemen waktu, komunikasi, agile",not specified,other,"leadership, microsoft office, manajemen waktu, komunikasi, agile",not specified,terapkan meliputi leadership microsoft office manajemen komunikasi
2,e52de38f-bf7b-4567-9217-78bf54964452,Rina Siregar,asisten laboratorium komputer,curriculum vitae ringkas nama rina siregar kontak rinasiregaremailcom riwayat pendidikan universitas telkom kelulusan 2022 pengalaman profesional asisten laboratorium komputer pt pratama cloud deskripsi kompetensi memiliki dedikasi menyelesaikan tugastugas analitis teknis keahlian utama miliki terapkan meliputi postgresql problem solving htmlcss berkomitmen penuh akselerasi karir transisi kompetensi industri digital ekosistem teknologi,"postgresql, problem solving, html css",not specified,other,"postgresql, problem solving, html css",not specified,not specified
3,6cdd63df-d646-4127-ba00-8c5fc8ce7097,Sri Setiawan,content creator,curriculum vitae ringkas nama sri setiawan kontak srisetiawanemailcom riwayat pendidikan universitas airlangga kelulusan 2025 pengalaman profesional content creator pt karya teknologi deskripsi kompetensi memiliki dedikasi menyelesaikan tugastugas analitis teknis keahlian utama miliki terapkan meliputi figma adobe illustrator prototyping berkomitmen penuh akselerasi karir transisi kompetensi industri digital ekosistem teknologi,"figma, adobe illustrator, prototyping",not specified,other,"figma, adobe illustrator, prototyping",not specified,not specified
4,dd0c1320-a40d-41da-8c52-31fda2009b20,Eko Utomo,sales executive,curriculum vitae ringkas nama eko utomo kontak ekoutomoemailcom riwayat pendidikan universitas indonesia ui kelulusan 2025 pengalaman profesional sale executive pt digital creative deskripsi kompetensi memiliki dedikasi menyelesaikan tugastugas analitis teknis keahlian utama miliki terapkan meliputi manajemen komunikasi agile negosiasi microsoft office berkomitmen penuh akselerasi karir transisi kompetensi industri digital ekosistem teknologi,"manajemen waktu, komunikasi, agile, negosiasi, microsoft office",not specified,other,"manajemen waktu, komunikasi, agile, negosiasi, microsoft office",not specified,not specified
5,e705a59a-100c-4d0d-9df6-04f9f5bd5d2a,Rian Susanto,junior programmer,curriculum vitae ringkas nama rian susanto kontak riansusantoemailcom riwayat pendidikan universitas airlangga kelulusan 2023 pengalaman profesional junior programmer pt karya data deskripsi kompetensi memiliki dedikasi menyelesaikan tugastugas analitis teknis keahlian utama miliki terapkan meliputi htmlcss problem solving python komunikasi berkomitmen penuh akselerasi karir transisi kompetensi industri digital ekosistem teknologi,"html css, problem solving, python, komunikasi",not specified,other,"html css, problem solving, python, komunikasi",not specified,pengalaman profesional junior programmer pt karya data
6,3a1f23ce-d332-4482-91f6-04ee33be6cc2,Rina Nasution,content creator,curriculum vitae ringkas nama rina nasution kontak rinanasutionemailcom riwayat pendidikan universitas gadjah mada ugm kelulusan 2022 pengalaman profesional content creator pt nusa creative deskripsi kompetensi memiliki dedikasi menyelesaikan tugastugas analitis teknis keahlian utama miliki terapkan meliputi prototyping uiux user research figma kreativitas berkomitmen penuh akselerasi karir transisi kompetensi industri digital ekosistem teknologi,"prototyping, ui ux, user research, figma, kreativitas",not specified,other,"prototyping, ui ux, user research, figma, kreativitas",not specified,not specified
7,6c093120-eada-4264-8b08-05509c95988e,Orell Susanto,fresh graduate matematika,curriculum vitae ringkas nama orell susanto kontak orellsusantoemailcom riwayat pendidikan universitas padjadjaran kelulusan 2025 pengalaman profesional fresh graduate matematika pt lancar data tbk deskripsi kompetensi memiliki dedikasi menyelesaikan tugastugas analitis teknis keahlian utama miliki terapkan meliputi sql problem solving python berkomitmen penuh akselerasi karir transisi kompetensi industri digital ekosistem teknologi,"sql, problem solving, python",not specified,other,"sql, problem solving, python",not specified,not specified
8,fe370533-2d9c-4d7b-9ae8-7a7abf44330c,Putri Gunawan,business development intern,curriculum vitae ringkas nama putri gunawan kontak putrigunawanemailcom riwayat pendidikan binus university kelulusan 2026 pengalaman profesional business development intern pt berjaya data deskripsi kompetensi memiliki dedikasi menyelesaikan tugastugas analitis teknis keahlian utama miliki terapkan meliputi microsoft office komunikasi agile manajemen berkomitmen penuh akselerasi karir transisi kompetensi industri digital ekosistem teknologi,"microsoft office, komunikasi, agile, manajemen waktu",kontak putrigunawanemailcom riwayat pendidikan binus university kelulusan 2026 pengalaman profesional business,business,"microsoft office, komunikasi, agile, manajemen waktu",not specified,business development intern pt berjaya data deskripsi
9,27cc1247-6a2e-4c1a-9a9b-fa545a08cfdc,Eko Sari,junior programmer,curriculum vitae ringkas nama eko sari kontak ekosariemailcom riwayat pendidikan universitas padjadjaran kelulusan 2026 pengalaman profesional junior programmer pt nusa teknologi deskripsi kompetensi memiliki dedikasi menyelesaikan tugastugas analitis teknis keahlian utama miliki terapkan meliputi problem solving komunikasi git berkomitmen penuh akselerasi karir transisi kompetensi industri digital ekosistem teknologi,"problem solving, komunikasi, git",not specified,other,"problem solving, komunikasi, git",not specified,pengalaman profesional junior programmer pt nusa teknologi
10,14879226-fbde-4ee1-9e2c-af55a6dda37a,Ahmad Santoso,staf administrasi data,curriculum vitae ringkas nama ahmad santoso kontak ahmadsantosoemailcom riwayat pendidikan binus university kelulusan 2023 pengalaman profesional staf administrasi data pt global creative deskripsi kompetensi memiliki dedikasi menyelesaikan tugastugas analitis teknis keahlian utama miliki terapkan meliputi data visualization sql problem solving berkomitmen penuh akselerasi karir transisi kompetensi industri digital ekosistem teknologi,"data visualization, sql, problem solving",kontak ahmadsantosoemailcom riwayat pendidikan binus university kelulusan 2023 pengalaman profesional staf,other,"data visualization, sql, problem solving",not specified,not specified
11,7fe3db61-811a-46be-86f4-a69c35014615,Eko Siregar,fresh graduate matematika,curriculum vitae ringkas nama eko siregar kontak ekosiregaremailcom riwayat pendidikan universitas airlangga kelulusan 2026 pengalaman profesional fresh graduate matematika pt pratama sistem tbk deskripsi kompetensi memiliki dedikasi menyelesaikan tugastugas analitis teknis keahlian utama miliki terapkan meliputi excel problem solving tableau sql python berkomitmen penuh akselerasi karir transisi kompetensi industri digital ekosistem teknologi,"excel, problem solving, tableau, sql, python",not specified,other,"excel, problem solving, tableau, sql, python",not specified,not specified
12,ceced509-4620-42a3-af12-4343d5d5bf47,Naufal Gunawan,it support,curriculum vitae ringkas nama naufal gunawan kontak naufalgunawanemailcom riwayat pendidikan universitas gadjah mada ugm kelulusan 2024 pengalaman profesional support pt artha system deskripsi kompetensi memiliki dedikasi menyelesaikan tugastugas analitis teknis keahlian utama miliki terapkan meliputi htmlcss git python javascript berkomitmen penuh akselerasi karir transisi kompetensi industri digital ekosistem teknologi,"html css, git, python, javascript",not specified,other,"html css, git, python, javascript",pt artha system deskripsi kompetensi memiliki dedikasi menyelesaikan tugastugas analitis,not specified
13,54aee9dc-60a2-42f6-9143-9c0f910b282f,Hendra Utomo,technical writer,curriculum vitae ringkas nama hendra utomo kontak hendrautomoemailcom riwayat pendidikan universitas padjadjaran kelulusan 2021 pengalaman profesional technical writer pt sentosa analitika deskripsi kompetensi memiliki dedikasi menyelesaikan tugastugas analitis teknis keahlian utama miliki terapkan meliputi postgresql javascript python git berkomitmen penuh akselerasi karir transisi kompetensi industri digital ekosistem teknologi,"postgresql, javascript, python, git",not specified,other,"postgresql, javascript, python, git",not specified,not specified
14,b2c1fc6b-eb39-4b58-95e9-21ca1d0e9b01,Yanto Susanto,staf marketing,curriculum vitae ringkas nama yanto susanto kontak yantosusantoemailcom riwayat pendidikan universitas indonesia ui kelulusan 2025 pengalaman profesional staf marketing pt digital sistem tbk deskripsi kompetensi memiliki dedikasi menyelesaikan tugastugas analitis teknis keahlian utama miliki terapkan meliputi user research uiux kreativitas prototyping berkomitmen penuh akselerasi karir transisi kompetensi industri digital ekosistem teknologi,"user research, ui ux, kreativitas, prototyping",not specified,other,"user research, ui ux, kreativitas, prototyping",not specified,not specified
15,b6c496e4-a685-4c1f-baa2-a5f60dbc713b,Jennifer Budiman,staf administrasi data,curriculum vitae ringkas nama jennifer budiman kontak jenniferbudimanemailcom riwayat pendidikan universitas telkom kelulusan 2021 pengalaman profesional staf administrasi data pt citra creative deskripsi kompetensi memiliki dedikasi menyelesaikan tugastugas analitis teknis keahlian utama miliki terapkan meliputi statistika excel problem solving berkomitmen penuh akselerasi karir transisi kompetensi industri digital ekosistem teknologi,"statistika, excel, problem solving",not specified,other,"statistika, excel, problem solving",not specified,not specified
16,e0bb900a-0fd6-466c-ac75-4459495f8420,Ahmad Ramadhan,technical writer,curriculum vitae ringkas nama ahmad ramadhan kontak ahmadramadhanemailcom riwayat pendidikan universitas telkom kelulusan 2024 pengalaman profesional technical writer pt citra creative tbk deskripsi kompetensi memiliki dedikasi menyelesaikan tugastugas analitis teknis keahlian utama miliki terapkan meliputi problem solving python komunikasi git berkomitmen penuh akselerasi karir transisi kompetensi industri digital ekosistem teknologi,"problem solving, python, komunikasi, git",not specified,other,"problem solving, python, komunikasi, git",not specified,not specified
17,fd4cefde-3bc2-4c5a-99c8-c1f81960e9c2,Rian Kurniawan,business development intern,curriculum vitae ringkas nama rian kurniawan kontak riankurniawanemailcom riwayat pendidikan universitas telkom kelulusan 2025 pengalaman profesional business development intern pt inovasi hub tbk deskripsi kompetensi memiliki dedikasi menyelesaikan tugastugas analitis teknis keahlian utama miliki terapkan meliputi komunikasi leadership manajemen berkomitmen penuh akselerasi karir transisi kompetensi industri digital ekosistem teknologi,"komunikasi, leadership, manajemen waktu",not specified,business,"komunikasi, leadership, manajemen waktu",not specified,business development intern pt inovasi hub tbk | meliputi komunikasi leadership manajemen berkomitmen penuh akselerasi
18,a4432a19-4252-4b8e-a2ec-1d20bc50542c,Yanto Setiawan,technical writer,curriculum vitae ringkas nama yanto setiawan kontak yantosetiawanemailcom riwayat pendidikan universitas padjadjaran kelulusan 2023 pengalaman profesional technical writer pt karya hub tbk deskripsi kompetensi memiliki dedikasi menyelesaikan tugastugas analitis teknis keahlian utama miliki terapkan meliputi python javascript htmlcss komunikasi git berkomitmen penuh akselerasi karir transisi kompetensi industri digital ekosistem teknologi,"python, javascript, html css, komunikasi, git",not specified,other,"python, javascript, html css, komunikasi, git",not specified,not specified
19,03484acf-7493-4204-9d1d-d3a8602f19f0,Bambang Wijaya,staf administrasi data,curriculum vitae ringkas nama bambang wijaya kontak bambangwijayaemailcom riwayat pendidikan universitas airlangga kelulusan 2021 pengalaman profesional staf administrasi data pt maju system deskripsi kompetensi memiliki dedikasi menyelesaikan tugastugas analitis teknis keahlian utama miliki terapkan meliputi excel sql data visualization python berkomitmen penuh akselerasi karir transisi kompetensi industri digital ekosistem teknologi,"excel, sql, data visualization, python",not specified,other,"excel, sql, data visualization, python",pt maju system deskripsi kompetensi memiliki dedikasi menyelesaikan tugastugas analitis,not specified
20,f82a6c4f-ad54-4ef9-bbad-df8a806efb1d,Bagus Putra,sales executive,curriculum vitae ringkas nama bagus putra kontak bagusputraemailcom riwayat pendidikan institut teknologi sepuluh nopember kelulusan 2024 pengalaman profesional sale executive pt solusi cloud deskripsi kompetensi memiliki dedikasi menyelesaikan tugastugas analitis teknis keahlian utama miliki terapkan meliputi manajemen leadership agile komunikasi berkomitmen penuh akselerasi karir transisi kompetensi industri digital ekosistem teknologi,"manajemen waktu, leadership, agile, komunikasi",not specified,other,"manajemen waktu, leadership, agile, komunikasi",not specified,meliputi manajemen leadership agile komunikasi berkomitmen penuh
21,28f5d69c-9913-4dbd-8b76-05f16c5ca77b,Orell Prabowo,sales executive,curriculum vitae ringkas nama orell prabowo kontak orellprabowoemailcom riwayat pendidikan universitas telkom kelulusan 2022 pengalaman profesional sale executive pt utama teknologi deskripsi kompetensi memiliki dedikasi menyelesaikan tugastugas analitis teknis keahlian utama miliki terapkan meliputi negosiasi manajemen komunikasi berkomitmen penuh akselerasi karir transisi kompetensi industri digital ekosistem teknologi,"negosiasi, manajemen waktu, komunikasi",not specified,other,"negosiasi, manajemen waktu, komunikasi",not specified,not specified
22,a856fcac-872a-489c-ae00-05f0090d93b3,Dewi Nasution,staf marketing,curriculum vitae ringkas nama dewi nasution kontak dewinasutionemailcom riwayat pendidikan binus university kelulusan 2021 pengalaman profesional staf marketing pt tekno hub tbk deskripsi kompetensi memiliki dedikasi menyelesaikan tugastugas analitis teknis keahlian utama miliki terapkan meliputi uiux user research prototyping kreativitas berkomitmen penuh akselerasi karir transisi kompetensi industri digital ekosistem teknologi,"ui ux, user research, prototyping, kreativitas",kontak dewinasutionemailcom riwayat pendidikan binus university kelulusan 2021 pengalaman profesional staf,other,"ui ux, user research, prototyping, kreativitas",not specified,not specified
23,abeece7d-8ad1-4042-b420-2abd3cf542d6,Putri Saputra,asisten laboratorium komputer,curriculum vitae ringkas nama putri saputra kontak putrisaputraemailcom riwayat pendidikan universitas indonesia ui kelulusan 2021 pengalaman profesional asisten laboratorium komputer pt citra hub deskripsi kompetensi memiliki dedikasi menyelesaikan tugastugas analitis teknis keahlian utama miliki terapkan meliputi git python komunikasi javascript berkomitmen penuh akselerasi karir transisi kompetensi industri digital ekosistem teknologi,"git, python, komunikasi, javascript",not specified,other,"git, python, komunikasi, javascript",not specified,not specified
24,44164eb0-f03d-49e4-be2a-3147964f5460,Naufal Utomo,ui designer magang,curriculum vitae ringkas nama naufal utomo kontak naufalutomoemailcom riwayat pendidikan universitas indonesia ui kelulusan 2025 pengalaman profesional ui designer magang pt lancar hub deskripsi kompetensi memiliki dedikasi menyelesaikan tugastugas analitis teknis keahlian utama miliki terapkan meliputi adobe illustrator prototyping user research uiux berkomitmen penuh akselerasi karir transisi kompetensi industri digital ekosistem teknologi,"adobe illustrator, prototyping, user research, ui ux",not specified,other,"adobe illustrator, prototyping, user research, ui ux",not specified,not specified
25,5967a590-7b80-4a36-84c0-196191205fac,Mega Budiman,technical writer,curriculum vitae ringkas nama mega budiman kontak megabudimanemailcom riwayat pendidikan institut teknologi bandung itb kelulusan 2025 pengalaman profesional technical writer pt maju sistem deskripsi kompetensi memiliki dedikasi menyelesaikan tugastugas analitis teknis keahlian utama miliki terapkan meliputi python problem solving javascript postgresql komunikasi berkomitmen penuh akselerasi karir transisi kompetensi industri digital ekosistem teknologi,"python, problem solving, javascript, postgresql, komunikasi",not specified,other,"python, problem solving, javascript, postgresql, komunikasi",not specified,not specified
26,3f588efb-396b-4a4f-8a90-54f207ef8c41,Bambang Sitorus,graphic designer,curriculum vitae ringkas nama bambang sitorus kontak bambangsitorusemailcom riwayat pendidikan universitas airlangga kelulusan 2026 pengalaman profesional graphic designer pt maju creative deskripsi kompetensi memiliki dedikasi menyelesaikan tugastugas analitis teknis keahlian utama miliki terapkan meliputi user research prototyping adobe illustrator figma berkomitmen penuh akselerasi karir transisi kompetensi industri digital ekosistem teknologi,"user research, prototyping, adobe illustrator, figma",not specified,other,"user research, prototyping, adobe illustrator, figma",not specified,not specified
27,ed3afa51-a7c3-42fb-81ad-0e25d1b5eeab,Sri Nugroho,staf administrasi data,curriculum vitae ringkas nama sri nugroho kontak srinugrohoemailcom riwayat pendidikan universitas padjadjaran kelulusan 2022 pengalaman profesional staf administrasi data pt solusi creative deskripsi kompetensi memiliki dedikasi menyelesaikan tugastugas analitis teknis keahlian utama miliki terapkan meliputi python problem solving sql excel data visualization berkomitmen penuh akselerasi karir transisi kompetensi industri digital ekosistem teknologi,"python, problem solving, sql, excel, data visualization",not specified,other,"python, problem solving, sql, excel, data visualization",not specified,not specified
28,f4c4a9ee-d78d-4cc3-84b2-471dfd641b7f,Fikran Nugroho,ketua bem,curriculum vitae ringkas nama fikran nugroho kontak fikrannugrohoemailcom riwayat pendidikan universitas airlangga kelulusan 2022 pengalaman profesional ketua bem pt tekno digital indonesia deskripsi kompetensi memiliki dedikasi menyelesaikan tugastugas analitis teknis keahlian utama miliki terapkan meliputi agile leadership microsoft office berkomitmen penuh akselerasi karir transisi kompetensi industri digital ekosistem teknologi,"agile, leadership, microsoft office",not specified,other,"agile, leadership, microsoft office",not specified,meliputi agile leadership microsoft office berkomitmen penuh
29,95ce63ed-af49-4a22-b88b-5629652c7580,Rizky Ramadhan,staf administrasi data,curriculum vitae ringkas nama rizky ramadhan kontak rizkyramadhanemailcom riwayat pendidikan universitas padjadjaran kelulusan 2025 pengalaman profesional staf administrasi data pt nusa digital indonesia deskripsi kompetensi memiliki dedikasi menyelesaikan tugastugas analitis teknis keahlian utama miliki terapkan meliputi data visualization tableau excel berkomitmen penuh akselerasi karir transisi kompetensi industri digital ekosistem teknologi,"data visualization, tableau, excel",not specified,other,"data visualization, tableau, excel",not specified,not specified
30,27e2ce95-8a53-4874-9118-87381091c6ba,Rina Nugroho,graphic designer,curriculum vitae ringkas nama rina nugroho kontak rinanugrohoemailcom riwayat pendidikan binus university kelulusan 2024 pengalaman profesional graphic designer pt maju system deskripsi kompetensi memiliki dedikasi menyelesaikan tugastugas analitis teknis keahlian utama miliki terapkan meliputi adobe illustrator uiux prototyping user research kreativitas berkomitmen penuh akselerasi karir transisi kompetensi industri digital ekosistem teknologi,"adobe illustrator, ui ux, prototyping, user research, kreativitas",kontak rinanugrohoemailcom riwayat pendidikan binus university kelulusan 2024 pengalaman profesional graphic,other,"adobe illustrator, ui ux, prototyping, user research, kreativitas",pt maju system deskripsi kompetensi memiliki dedikasi menyelesaikan tugastugas analitis,not specified
31,9be0d1d0-7ce1-4c19-a195-d304bf6e0e83,Siti Putri,project administrator,curriculum vitae ringkas nama siti putri kontak sitiputriemailcom riwayat pendidikan universitas padjadjaran kelulusan 2026 pengalaman profesional project administrator pt pratama analitika tbk deskripsi kompetensi memiliki dedikasi menyelesaikan tugastugas analitis teknis keahlian utama miliki terapkan meliputi microsoft office komunikasi leadership berkomitmen penuh akselerasi karir transisi kompetensi industri digital ekosistem teknologi,"microsoft office, komunikasi, leadership",not specified,other,"microsoft office, komunikasi, leadership",pengalaman profesional project administrator pt pratama analitika tbk deskripsi kompetensi,office komunikasi leadership berkomitmen penuh akselerasi karir
32,b90b9f59-b696-430f-94bd-217e931d63b6,Eko Saputra,content creator,curriculum vitae ringkas nama eko saputra kontak ekosaputraemailcom riwayat pendidikan binus university kelulusan 2026 pengalaman profesional content creator pt maju data deskripsi kompetensi memiliki dedikasi menyelesaikan tugastugas analitis teknis keahlian utama miliki terapkan meliputi kreativitas figma user research berkomitmen penuh akselerasi karir transisi kompetensi industri digital ekosistem teknologi,"kreativitas, figma, user research",kontak ekosaputraemailcom riwayat pendidikan binus university kelulusan 2026 pengalaman profesional content,other,"kreativitas, figma, user research",not specified,not specified
33,c09b896f-9ddb-4002-a41a-07768a499029,Andi Budiman,project administrator,curriculum vitae ringkas nama andi budiman kontak andibudimanemailcom riwayat pendidikan universitas indonesia ui kelulusan 2026 pengalaman profesional project administrator pt karya system deskripsi kompetensi memiliki dedikasi menyelesaikan tugastugas analitis teknis keahlian utama miliki terapkan meliputi microsoft office negosiasi agile komunikasi berkomitmen penuh akselerasi karir transisi kompetensi industri digital ekosistem teknologi,"microsoft office, negosiasi, agile, komunikasi",not specified,other,"microsoft office, negosiasi, agile, komunikasi",pengalaman profesional project administrator pt karya system deskripsi kompetensi memiliki | pt karya system deskripsi kompetensi memiliki dedikasi menyelesaikan tugastugas analitis,not specified
34,35cbc69a-c2ff-4345-9117-3f8d96f77eaf,Siti Budiman,ui designer magang,curriculum vitae ringkas nama siti budiman kontak sitibudimanemailcom riwayat pendidikan universitas indonesia ui kelulusan 2025 pengalaman profesional ui designer magang pt sinergi sistem deskripsi kompetensi memiliki dedikasi menyelesaikan tugastugas analitis teknis keahlian utama miliki terapkan meliputi uiux prototyping adobe illustrator figma kreativitas berkomitmen penuh akselerasi karir transisi kompetensi industri digital ekosistem teknologi,"ui ux, prototyping, adobe illustrator, figma, kreativitas",not specified,other,"ui ux, prototyping, adobe illustrator, figma, kreativitas",not specified,not specified
35,12698479-4e68-4ccc-a802-b7f42c86b6f5,Hendra Setiawan,staf administrasi data,curriculum vitae ringkas nama hendra setiawan kontak hendrasetiawanemailcom riwayat pendidikan universitas gadjah mada ugm kelulusan 2022 pengalaman profesional staf administrasi data pt citra system deskripsi kompetensi memiliki dedikasi menyelesaikan tugastugas analitis teknis keahlian utama miliki terapkan meliputi data visualization statistika problem solving tableau sql berkomitmen penuh akselerasi karir transisi kompetensi industri digital ekosistem teknologi,"data visualization, statistika, problem solving, tableau, sql",not specified,other,"data visualization, statistika, problem solving, tableau, sql",pt citra system deskripsi kompetensi memiliki dedikasi menyelesaikan tugastugas analitis,not specified
36,4227aa48-9613-4780-bdd8-b79198dc4718,Albi Kurniawan,statistisi junior,curriculum vitae ringkas nama albi kurniawan kontak albikurniawanemailcom riwayat pendidikan universitas padjadjaran kelulusan 2023 pengalaman profesional statistisi junior pt pratama hub deskripsi kompetensi memiliki dedikasi menyelesaikan tugastugas analitis teknis keahlian utama miliki terapkan meliputi python excel tableau sql berkomitmen penuh akselerasi karir transisi kompetensi industri digital ekosistem teknologi,"python, excel, tableau, sql",not specified,other,"python, excel, tableau, sql",not specified,profesional statistisi junior pt pratama hub deskripsi
37,366e0162-5754-4aa5-ad45-46c4ade035c6,Putri Putra,statistisi junior,curriculum vitae ringkas nama putri putra kontak putriputraemailcom riwayat pendidikan institut teknologi sepuluh nopember kelulusan 2025 pengalaman profesional statistisi junior pt berjaya cloud deskripsi kompetensi memiliki dedikasi menyelesaikan tugastugas analitis teknis keahlian utama miliki terapkan meliputi problem solving excel sql statistika data visualization berkomitmen penuh akselerasi karir transisi kompetensi industri digital ekosistem teknologi,"problem solving, excel, sql, statistika, data visualization",not specified,other,"problem solving, excel, sql, statistika, data visualization",not specified,profesional statistisi junior pt berjaya cloud deskripsi
38,7b3e77f1-47c6-4b5a-89dd-efa54b24fb58,Taufik Sari,staf administrasi data,curriculum vitae ringkas nama taufik sari kontak taufiksariemailcom riwayat pendidikan universitas airlangga kelulusan 2026 pengalaman profesional staf administrasi data pt sentosa digital indonesia deskripsi kompetensi memiliki dedikasi menyelesaikan tugastugas analitis teknis keahlian utama miliki terapkan meliputi problem solving sql data visualization berkomitmen penuh akselerasi karir transisi kompetensi industri digital ekosistem teknologi,"problem solving, sql, data visualization",not specified,other,"problem solving, sql, data visualization",not specified,not specified
39,cc914738-30d2-46c8-8630-2207746ba342,Taufik Siregar,social media specialist,curriculum vitae ringkas nama taufik siregar kontak taufiksiregaremailcom riwayat pendidikan universitas padjadjaran kelulusan 2023 pengalaman profesional social medium specialist pt digital system deskripsi kompetensi memiliki dedikasi menyelesaikan tugastugas analitis teknis keahlian utama miliki terapkan meliputi adobe illustrator uiux prototyping figma berkomitmen penuh akselerasi karir transisi kompetensi industri digital ekosistem teknologi,"adobe illustrator, ui ux, prototyping, figma",not specified,other,"adobe illustrator, ui ux, prototyping, figma",pt digital system deskripsi kompetensi memiliki dedikasi menyelesaikan tugastugas analitis,social medium specialist pt digital system deskripsi
40,efbbd9d7-d2a2-4075-8b1c-a8157cf96c4b,Albi Santoso,content creator,curriculum vitae ringkas nama albi santoso kontak albisantosoemailcom riwayat pendidikan institut teknologi sepuluh nopember kelulusan 2026 pengalaman profesional content creator pt tekno teknologi deskripsi kompetensi memiliki dedikasi menyelesaikan tugastugas analitis teknis keahlian utama miliki terapkan meliputi figma adobe illustrator uiux berkomitmen penuh akselerasi karir transisi kompetensi industri digital ekosistem teknologi,"figma, adobe illustrator, ui ux",not specified,other,"figma, adobe illustrator, ui ux",not specified,not specified
41,1641470d-6a1b-492d-802f-dbf48358c512,Eko Putri,web developer magang,curriculum vitae ringkas nama eko putri kontak ekoputriemailcom riwayat pendidikan binus university kelulusan 2025 pengalaman profesional web developer magang pt pratama hub tbk deskripsi kompetensi memiliki dedikasi menyelesaikan tugastugas analitis teknis keahlian utama miliki terapkan meliputi javascript problem solving git htmlcss postgresql berkomitmen penuh akselerasi karir transisi kompetensi industri digital ekosistem teknologi,"javascript, problem solving, git, html css, postgresql",kontak ekoputriemailcom riwayat pendidikan binus university kelulusan 2025 pengalaman profesional web,other,"javascript, problem solving, git, html css, postgresql",not specified,profesional web developer magang pt pratama hub
42,921313d4-33aa-46d0-b599-aa4ba6615d34,Rian Nugroho,social media specialist,curriculum vitae ringkas nama rian nugroho kontak riannugrohoemailcom riwayat pendidikan universitas indonesia ui kelulusan 2023 pengalaman profesional social medium specialist pt digital system deskripsi kompetensi memiliki dedikasi menyelesaikan tugastugas analitis teknis keahlian utama miliki terapkan meliputi prototyping adobe illustrator user research figma kreativitas berkomitmen penuh akselerasi karir transisi kompetensi industri digital ekosistem teknologi,"prototyping, adobe illustrator, user research, figma, kreativitas",not specified,other,"prototyping, adobe illustrator, user research, figma, kreativitas",pt digital system deskripsi kompetensi memiliki dedikasi menyelesaikan tugastugas analitis,social medium specialist pt digital system deskripsi
43,35c68ef4-619a-4f27-af48-09af8bc036a6,Hendra Saputra,content creator,curriculum vitae ringkas nama hendra saputra kontak hendrasaputraemailcom riwayat pendidikan universitas telkom kelulusan 2021 pengalaman profesional content creator pt tekno analitika deskripsi kompetensi memiliki dedikasi menyelesaikan tugastugas analitis teknis keahlian utama miliki terapkan meliputi prototyping user research adobe illustrator berkomitmen penuh akselerasi karir transisi kompetensi industri digital ekosistem teknologi,"prototyping, user research, adobe illustrator",not specified,other,"prototyping, user research, adobe illustrator",not specified,not specified
44,a851f5b6-2080-451c-9392-930bb9cff8a9,Eko Putra,project administrator,curriculum vitae ringkas nama eko putra kontak ekoputraemailcom riwayat pendidikan binus university kelulusan 2021 pengalaman profesional project administrator pt lancar software tbk deskripsi kompetensi memiliki dedikasi menyelesaikan tugastugas analitis teknis keahlian utama miliki terapkan meliputi leadership manajemen komunikasi agile microsoft office berkomitmen penuh akselerasi karir transisi kompetensi industri digital ekosistem teknologi,"leadership, manajemen waktu, komunikasi, agile, microsoft office",kontak ekoputraemailcom riwayat pendidikan binus university kelulusan 2021 pengalaman profesional project,other,"leadership, manajemen waktu, komunikasi, agile, microsoft office",pengalaman profesional project administrator pt lancar software tbk deskripsi kompetensi,terapkan meliputi leadership manajemen komunikasi agile microsoft
45,25961a79-7e1e-4589-a71a-158d43763a57,Rizky Kurniawan,web developer magang,curriculum vitae ringkas nama rizky kurniawan kontak rizkykurniawanemailcom riwayat pendidikan universitas airlangga kelulusan 2024 pengalaman profesional web developer magang pt citra data deskripsi kompetensi memiliki dedikasi menyelesaikan tugastugas analitis teknis keahlian utama miliki terapkan meliputi komunikasi javascript htmlcss postgresql berkomitmen penuh akselerasi karir transisi kompetensi industri digital ekosistem teknologi,"komunikasi, javascript, html css, postgresql",not specified,other,"komunikasi, javascript, html css, postgresql",not specified,profesional web developer magang pt citra data
46,a3a66377-7179-4565-be18-e1140759ebd3,Putri Nasution,social media specialist,curriculum vitae ringkas nama putri nasution kontak putrinasutionemailcom riwayat pendidikan universitas indonesia ui kelulusan 2022 pengalaman profesional social medium specialist pt inovasi cloud deskripsi kompetensi memiliki dedikasi menyelesaikan tugastugas analitis teknis keahlian utama miliki terapkan meliputi user research uiux kreativitas adobe illustrator berkomitmen penuh akselerasi karir transisi kompetensi industri digital ekosistem teknologi,"user research, ui ux, kreativitas, adobe illustrator",not specified,other,"user research, ui ux, kreativitas, adobe illustrator",not specified,social medium specialist pt inovasi cloud deskripsi
47,20033faf-9147-4a0f-aa02-230a00e80d20,Andi Sitorus,graphic designer,curriculum vitae ringkas nama andi sitorus kontak andisitorusemailcom riwayat pendidikan institut teknologi bandung itb kelulusan 2022 pengalaman profesional graphic designer pt digital teknologi tbk deskripsi kompetensi memiliki dedikasi menyelesaikan tugastugas analitis teknis keahlian utama miliki terapkan meliputi uiux adobe illustrator user research berkomitmen penuh akselerasi karir transisi kompetensi industri digital ekosistem teknologi,"ui ux, adobe illustrator, user research",not specified,other,"ui ux, adobe illustrator, user research",not specified,not specified
48,a96cff1c-e66d-4ab1-aa3b-cbab7182caad,Albi Saputra,staf administrasi data,curriculum vitae ringkas nama albi saputra kontak albisaputraemailcom riwayat pendidikan institut teknologi sepuluh nopember kelulusan 2026 pengalaman profesional staf administrasi data pt sinergi sistem tbk deskripsi kompetensi memiliki dedikasi menyelesaikan tugastugas analitis teknis keahlian utama miliki terapkan meliputi python statistika excel berkomitmen penuh akselerasi karir transisi kompetensi industri digital ekosistem teknologi,"python, statistika, excel",not specified,other,"python, statistika, excel",not specified,not specified
49,5e1087ba-40fe-40a6-989c-d0aa3876020c,Yanto Setiawan,ketua bem,curriculum vitae ringkas nama yanto setiawan kontak yantosetiawanemailcom riwayat pendidikan binus university kelulusan 2025 pengalaman profesional ketua bem pt citra data deskripsi kompetensi memiliki dedikasi menyelesaikan tugastugas analitis teknis keahlian utama miliki terapkan meliputi agile manajemen komunikasi microsoft office berkomitmen penuh akselerasi karir transisi kompetensi industri digital ekosistem teknologi,"agile, manajemen waktu, komunikasi, microsoft office",kontak yantosetiawanemailcom riwayat pendidikan binus university kelulusan 2025 pengalaman profesional ketua,other,"agile, manajemen waktu, komunikasi, microsoft office",not specified,not specified
50,d04812e7-2723-4acc-be4d-6cf38bcd2c85,Deni Budiman,graphic designer,curriculum vitae ringkas nama deni budiman kontak denibudimanemailcom riwayat pendidikan universitas indonesia ui kelulusan 2026 pengalaman profesional graphic designer pt pratama sistem deskripsi kompetensi memiliki dedikasi menyelesaikan tugastugas analitis teknis keahlian utama miliki terapkan meliputi kreativitas figma prototyping user research berkomitmen penuh akselerasi karir transisi kompetensi industri digital ekosistem teknologi,"kreativitas, figma, prototyping, user research",not specified,other,"kreativitas, figma, prototyping, user research",not specified,not specified
51,baad51ce-3bd0-4306-a6f7-db3f7aaa6a26,Rizky Prabowo,staf marketing,curriculum vitae ringkas nama rizky prabowo kontak rizkyprabowoemailcom riwayat pendidikan institut teknologi bandung itb kelulusan 2022 pengalaman profesional staf marketing pt nusantara system deskripsi kompetensi memiliki dedikasi menyelesaikan tugastugas analitis teknis keahlian utama miliki terapkan meliputi figma uiux user research adobe illustrator prototyping berkomitmen penuh akselerasi karir transisi kompetensi industri digital ekosistem teknologi,"figma, ui ux, user research, adobe illustrator, prototyping",not specified,other,"figma, ui ux, user research, adobe illustrator, prototyping",pt nusantara system deskripsi kompetensi memiliki dedikasi menyelesaikan tugastugas analitis,not specified
52,01baf5e4-43c1-49d5-b169-1983cef6d1bc,Eko Susanto,statistisi junior,curriculum vitae ringkas nama eko susanto kontak ekosusantoemailcom riwayat pendidikan universitas telkom kelulusan 2026 pengalaman profesional statistisi junior pt global creative deskripsi kompetensi memiliki dedikasi menyelesaikan tugastugas analitis teknis keahlian utama miliki terapkan meliputi python tableau problem solving excel sql berkomitmen penuh akselerasi karir transisi kompetensi industri digital ekosistem teknologi,"python, tableau, problem solving, excel, sql",not specified,other,"python, tableau, problem solving, excel, sql",not specified,profesional statistisi junior pt global creative deskripsi
53,6c6f577a-c9bf-4f61-b8a3-1caeb64decdf,Fajar Susanto,web developer magang,curriculum vitae ringkas nama fajar susanto kontak fajarsusantoemailcom riwayat pendidikan universitas padjadjaran kelulusan 2023 pengalaman profesional web developer magang pt inovasi analitika deskripsi kompetensi memiliki dedikasi menyelesaikan tugastugas analitis teknis keahlian utama miliki terapkan meliputi javascript problem solving python berkomitmen penuh akselerasi karir transisi kompetensi industri digital ekosistem teknologi,"javascript, problem solving, python",not specified,other,"javascript, problem solving, python",not specified,profesional web developer magang pt inovasi analitika
54,f5befffe-602a-4a90-8c27-7e2fb88c0028,Agus Ramadhan,business development intern,curriculum vitae ringkas nama agus ramadhan kontak agusramadhanemailcom riwayat pendidikan universitas indonesia ui kelulusan 2026 pengalaman profesional business development intern pt sinergi sistem deskripsi kompetensi memiliki dedikasi menyelesaikan tugastugas analitis teknis keahlian utama miliki terapkan meliputi agile manajemen microsoft office leadership negosiasi berkomitmen penuh akselerasi karir transisi kompetensi industri digital ekosistem teknologi,"agile, manajemen waktu, microsoft office, leadership, negosiasi",not specified,business,"agile, manajemen waktu, microsoft office, leadership, negosiasi",not specified,business development intern pt sinergi sistem deskripsi | microsoft office leadership negosiasi berkomitmen penuh akselerasi
55,29b68356-ea99-40b3-8d72-1833c88694ee,Agus Setiawan,junior programmer,curriculum vitae ringkas nama agus setiawan kontak agussetiawanemailcom riwayat pendidikan universitas gadjah mada ugm kelulusan 2023 pengalaman profesional junior programmer pt global software deskripsi kompetensi memiliki dedikasi menyelesaikan tugastugas analitis teknis keahlian utama miliki terapkan meliputi git postgresql problem solving komunikasi berkomitmen penuh akselerasi karir transisi kompetensi industri digital ekosistem teknologi,"git, postgresql, problem solving, komunikasi",not specified,other,"git, postgresql, problem solving, komunikasi",not specified,pengalaman profesional junior programmer pt global software
56,7d9a1eeb-4266-4550-83ec-04d873713611,Orell Kurniawan,ui designer magang,curriculum vitae ringkas nama orell kurniawan kontak orellkurniawanemailcom riwayat pendidikan universitas airlangga kelulusan 2025 pengalaman profesional ui designer magang pt sentosa sistem deskripsi kompetensi memiliki dedikasi menyelesaikan tugastugas analitis teknis keahlian utama miliki terapkan meliputi prototyping figma uiux user research adobe illustrator berkomitmen penuh akselerasi karir transisi kompetensi industri digital ekosistem teknologi,"prototyping, figma, ui ux, user research, adobe illustrator",not specified,other,"prototyping, figma, ui ux, user research, adobe illustrator",not specified,not specified
57,ac3bbb4a-4bbd-4b54-a238-93f5a106f32b,Sri Prabowo,business development intern,curriculum vitae ringkas nama sri prabowo kontak sriprabowoemailcom riwayat pendidikan universitas airlangga kelulusan 2022 pengalaman profesional business development intern pt digital teknologi deskripsi kompetensi memiliki dedikasi menyelesaikan tugastugas analitis teknis keahlian utama miliki terapkan meliputi leadership negosiasi komunikasi microsoft office berkomitmen penuh akselerasi karir transisi kompetensi industri digital ekosistem teknologi,"leadership, negosiasi, komunikasi, microsoft office",not specified,business,"leadership, negosiasi, komunikasi, microsoft office",not specified,business development intern pt digital teknologi deskripsi | terapkan meliputi leadership negosiasi komunikasi microsoft office
58,b8836ffa-4f2d-460d-9f87-22f226b22e9f,Rian Santoso,statistisi junior,curriculum vitae ringkas nama rian santoso kontak riansantosoemailcom riwayat pendidikan institut teknologi bandung itb kelulusan 2021 pengalaman profesional statistisi junior pt maju cloud deskripsi kompetensi memiliki dedikasi menyelesaikan tugastugas analitis teknis keahlian utama miliki terapkan meliputi sql python statistika problem solving tableau berkomitmen penuh akselerasi karir transisi kompetensi industri digital ekosistem teknologi,"sql, python, statistika, problem solving, tableau",not specified,other,"sql, python, statistika, problem solving, tableau",not specified,profesional statistisi junior pt maju cloud deskripsi
59,72ddd8b2-a143-4803-bc7f-f9daddc0c7e2,Deni Saputra,junior programmer,curriculum vitae ringkas nama deni saputra kontak denisaputraemailcom riwayat pendidikan universitas indonesia ui kelulusan 2025 pengalaman profesional junior programmer pt nusantara hub tbk deskripsi kompetensi memiliki dedikasi menyelesaikan tugastugas analitis teknis keahlian utama miliki terapkan meliputi javascript postgresql git berkomitmen penuh akselerasi karir transisi kompetensi industri digital ekosistem teknologi,"javascript, postgresql, git",not specified,other,"javascript, postgresql, git",not specified,pengalaman profesional junior programmer pt nusantara hub
60,443766f0-5e3c-4a66-b96e-090a458557d3,Andi Sari,fresh graduate matematika,curriculum vitae ringkas nama andi sari kontak andisariemailcom riwayat pendidikan universitas airlangga kelulusan 2026 pengalaman profesional fresh graduate matematika pt nusa data deskripsi kompetensi memiliki dedikasi menyelesaikan tugastugas analitis teknis keahlian utama miliki terapkan meliputi python problem solving sql tableau data visualization berkomitmen penuh akselerasi karir transisi kompetensi industri digital ekosistem teknologi,"python, problem solving, sql, tableau, data visualization",not specified,other,"python, problem solving, sql, tableau, data visualization",not specified,not specified
61,52d23cd9-2cfe-411d-bde5-2f217a0b1773,Aditya Santoso,asisten peneliti,curriculum vitae ringkas nama aditya santoso kontak adityasantosoemailcom riwayat pendidikan universitas gadjah mada ugm kelulusan 2025 pengalaman profesional asisten peneliti pt maju sistem tbk deskripsi kompetensi memiliki dedikasi menyelesaikan tugastugas analitis teknis keahlian utama miliki terapkan meliputi tableau problem solving data visualization berkomitmen penuh akselerasi karir transisi kompetensi industri digital ekosistem teknologi,"tableau, problem solving, data visualization",not specified,other,"tableau, problem solving, data visualization",not specified,not specified
62,896324ad-c848-4df1-aa6b-3e748dc7008b,Putri Lestari,fresh graduate matematika,curriculum vitae ringkas nama putri lestari kontak putrilestariemailcom riwayat pendidikan institut teknologi bandung itb kelulusan 2025 pengalaman profesional fresh graduate matematika pt buana system tbk deskripsi kompetensi memiliki dedikasi menyelesaikan tugastugas analitis teknis keahlian utama miliki terapkan meliputi sql python tableau data visualization berkomitmen penuh akselerasi karir transisi kompetensi industri digital ekosistem teknologi,"sql, python, tableau, data visualization",not specified,other,"sql, python, tableau, data visualization",pt buana system tbk deskripsi kompetensi memiliki dedikasi menyelesaikan tugastugas,not specified
63,443afbc8-3f06-4e32-a365-4164bc519a20,Deni Setiawan,staf administrasi data,curriculum vitae ringkas nama deni setiawan kontak denisetiawanemailcom riwayat pendidikan universitas indonesia ui kelulusan 2021 pengalaman profesional staf administrasi data pt artha system deskripsi kompetensi memiliki dedikasi menyelesaikan tugastugas analitis teknis keahlian utama miliki terapkan meliputi statistika data visualization tableau problem solving excel berkomitmen penuh akselerasi karir transisi kompetensi industri digital ekosistem teknologi,"statistika, data visualization, tableau, problem solving, excel",not specified,other,"statistika, data visualization, tableau, problem solving, excel",pt artha system deskripsi kompetensi memiliki dedikasi menyelesaikan tugastugas analitis,not specified
64,466fd844-1d9e-47f9-b6f4-adb92348a81a,Taufik Budiman,business development intern,curriculum vitae ringkas nama taufik budiman kontak taufikbudimanemailcom riwayat pendidikan binus university kelulusan 2023 pengalaman profesional business development intern pt sentosa sistem deskripsi kompetensi memiliki dedikasi menyelesaikan tugastugas analitis teknis keahlian utama miliki terapkan meliputi komunikasi negosiasi agile microsoft office leadership berkomitmen penuh akselerasi karir transisi kompetensi industri digital ekosistem teknologi,"komunikasi, negosiasi, agile, microsoft office, leadership",kontak taufikbudimanemailcom riwayat pendidikan binus university kelulusan 2023 pengalaman profesional business,business,"komunikasi, negosiasi, agile, microsoft office, leadership",not specified,business development intern pt sentosa sistem deskripsi | microsoft office leadership berkomitmen penuh akselerasi karir
65,faca0079-21b5-4157-ac6f-ed0bb6fddbac,Bambang Santoso,junior data analyst,curriculum vitae ringkas nama bambang santoso kontak bambangsantosoemailcom riwayat pendidikan universitas gadjah mada ugm kelulusan 2025 pengalaman profesional junior data analyst pt maju creative deskripsi kompetensi memiliki dedikasi menyelesaikan tugastugas analitis teknis keahlian utama miliki terapkan meliputi problem solving statistika tableau sql berkomitmen penuh akselerasi karir transisi kompetensi industri digital ekosistem teknologi,"problem solving, statistika, tableau, sql",not specified,other,"problem solving, statistika, tableau, sql",not specified,pengalaman profesional junior data analyst pt maju | junior data analyst pt maju creative deskripsi
66,dda6daa7-1020-4b1b-9198-4ee4c4bd087a,Agus Hidayat,asisten laboratorium komputer,curriculum vitae ringkas nama agus hidayat kontak agushidayatemailcom riwayat pendidikan universitas gadjah mada ugm kelulusan 2025 pengalaman profesional asisten laboratorium komputer pt global digital indonesia tbk deskripsi kompetensi memiliki dedikasi menyelesaikan tugastugas analitis teknis keahlian utama miliki terapkan meliputi komunikasi python htmlcss postgresql git berkomitmen penuh akselerasi karir transisi kompetensi industri digital ekosistem teknologi,"komunikasi, python, html css, postgresql, git",not specified,other,"komunikasi, python, html css, postgresql, git",not specified,not specified
67,e63f0890-04bb-4519-981b-5de03ed32c65,Ahmad Putra,technical writer,curriculum vitae ringkas nama ahmad putra kontak ahmadputraemailcom riwayat pendidikan institut teknologi sepuluh nopember kelulusan 2023 pengalaman profesional technical writer pt digital cloud deskripsi kompetensi memiliki dedikasi menyelesaikan tugastugas analitis teknis keahlian utama miliki terapkan meliputi problem solving postgresql htmlcss python komunikasi berkomitmen penuh akselerasi karir transisi kompetensi industri digital ekosistem teknologi,"problem solving, postgresql, html css, python, komunikasi",not specified,other,"problem solving, postgresql, html css, python, komunikasi",not specified,not specified
68,c7b727ad-cdc7-4737-abe8-5de2f61a2d78,Sri Budiman,fresh graduate matematika,curriculum vitae ringkas nama sri budiman kontak sribudimanemailcom riwayat pendidikan universitas padjadjaran kelulusan 2022 pengalaman profesional fresh graduate matematika pt karya cloud tbk deskripsi kompetensi memiliki dedikasi menyelesaikan tugastugas analitis teknis keahlian utama miliki terapkan meliputi tableau statistika problem solving berkomitmen penuh akselerasi karir transisi kompetensi industri digital ekosistem teknologi,"tableau, statistika, problem solving",not specified,other,"tableau, statistika, problem solving",not specified,not specified
69,b2e0cda5-f8a0-42bd-99fa-8656c2cafc79,Rian Putra,graphic designer,curriculum vitae ringkas nama rian putra kontak rianputraemailcom riwayat pendidikan institut teknologi sepuluh nopember kelulusan 2022 pengalaman profesional graphic designer pt digital software deskripsi kompetensi memiliki dedikasi menyelesaikan tugastugas analitis teknis keahlian utama miliki terapkan meliputi uiux figma adobe illustrator user research kreativitas berkomitmen penuh akselerasi karir transisi kompetensi industri digital ekosistem teknologi,"ui ux, figma, adobe illustrator, user research, kreativitas",not specified,other,"ui ux, figma, adobe illustrator, user research, kreativitas",not specified,not specified
70,2c51186e-cf61-4ee3-90b0-d802f19d22d6,Bambang Ramadhan,ketua bem,curriculum vitae ringkas nama bambang ramadhan kontak bambangramadhanemailcom riwayat pendidikan institut teknologi bandung itb kelulusan 2026 pengalaman profesional ketua bem pt nusa cloud deskripsi kompetensi memiliki dedikasi menyelesaikan tugastugas analitis teknis keahlian utama miliki terapkan meliputi komunikasi microsoft office manajemen agile negosiasi berkomitmen penuh akselerasi karir transisi kompetensi industri digital ekosistem teknologi,"komunikasi, microsoft office, manajemen waktu, agile, negosiasi",not specified,other,"komunikasi, microsoft office, manajemen waktu, agile, negosiasi",not specified,not specified
71,20248417-d060-431d-a3db-3635bb671bda,Hendra Santoso,staf administrasi data,curriculum vitae ringkas nama hendra santoso kontak hendrasantosoemailcom riwayat pendidikan universitas padjadjaran kelulusan 2026 pengalaman profesional staf administrasi data pt inti software deskripsi kompetensi memiliki dedikasi menyelesaikan tugastugas analitis teknis keahlian utama miliki terapkan meliputi tableau sql data visualization statistika berkomitmen penuh akselerasi karir transisi kompetensi industri digital ekosistem teknologi,"tableau, sql, data visualization, statistika",not specified,other,"tableau, sql, data visualization, statistika",not specified,not specified
72,a337f813-b563-4e86-b2eb-d4b019c3ce11,Rina Nasution,graphic designer,curriculum vitae ringkas nama rina nasution kontak rinanasutionemailcom riwayat pendidikan universitas telkom kelulusan 2026 pengalaman profesional graphic designer pt digital digital indonesia deskripsi kompetensi memiliki dedikasi menyelesaikan tugastugas analitis teknis keahlian utama miliki terapkan meliputi adobe illustrator prototyping uiux kreativitas berkomitmen penuh akselerasi karir transisi kompetensi industri digital ekosistem teknologi,"adobe illustrator, prototyping, ui ux, kreativitas",not specified,other,"adobe illustrator, prototyping, ui ux, kreativitas",not specified,not specified
73,c5e3c7c1-2885-4cac-a001-d9a15cf7fa6c,Hendra Putri,staf marketing,curriculum vitae ringkas nama hendra putri kontak hendraputriemailcom riwayat pendidikan universitas airlangga kelulusan 2022 pengalaman profesional staf marketing pt maju sistem deskripsi kompetensi memiliki dedikasi menyelesaikan tugastugas analitis teknis keahlian utama miliki terapkan meliputi prototyping kreativitas uiux user research berkomitmen penuh akselerasi karir transisi kompetensi industri digital ekosistem teknologi,"prototyping, kreativitas, ui ux, user research",not specified,other,"prototyping, kreativitas, ui ux, user research",not specified,not specified
74,33e20c7e-98ce-4e85-a035-cc2b6d250de9,Naufal Putri,junior data analyst,curriculum vitae ringkas nama naufal putri kontak naufalputriemailcom riwayat pendidikan universitas padjadjaran kelulusan 2026 pengalaman profesional junior data analyst pt inti teknologi deskripsi kompetensi memiliki dedikasi menyelesaikan tugastugas analitis teknis keahlian utama miliki terapkan meliputi problem solving sql python data visualization berkomitmen penuh akselerasi karir transisi kompetensi industri digital ekosistem teknologi,"problem solving, sql, python, data visualization",not specified,other,"problem solving, sql, python, data visualization",not specified,pengalaman profesional junior data analyst pt inti | junior data analyst pt inti teknologi deskripsi
75,182ef69c-4f94-46a5-9fc2-0442c5940984,Rian Nasution,ketua bem,curriculum vitae ringkas nama rian nasution kontak riannasutionemailcom riwayat pendidikan universitas gadjah mada ugm kelulusan 2023 pengalaman profesional ketua bem pt pratama software deskripsi kompetensi memiliki dedikasi menyelesaikan tugastugas analitis teknis keahlian utama miliki terapkan meliputi komunikasi leadership manajemen berkomitmen penuh akselerasi karir transisi kompetensi industri digital ekosistem teknologi,"komunikasi, leadership, manajemen waktu",not specified,other,"komunikasi, leadership, manajemen waktu",not specified,meliputi komunikasi leadership manajemen berkomitmen penuh akselerasi
76,f57d41bc-7e84-439a-bee1-5b6489878207,Albi Saputra,hr staff,curriculum vitae ringkas nama albi saputra kontak albisaputraemailcom riwayat pendidikan universitas telkom kelulusan 2024 pengalaman profesional hr staff pt karya system deskripsi kompetensi memiliki dedikasi menyelesaikan tugastugas analitis teknis keahlian utama miliki terapkan meliputi negosiasi microsoft office agile berkomitmen penuh akselerasi karir transisi kompetensi industri digital ekosistem teknologi,"negosiasi, microsoft office, agile",not specified,other,"negosiasi, microsoft office, agile",pt karya system deskripsi kompetensi memiliki dedikasi menyelesaikan tugastugas analitis,not specified
77,6e70498e-5413-42d8-9a14-b1212d198883,Rudi Siregar,ui designer magang,curriculum vitae ringkas nama rudi siregar kontak rudisiregaremailcom riwayat pendidikan universitas telkom kelulusan 2023 pengalaman profesional ui designer magang pt artha software deskripsi kompetensi memiliki dedikasi menyelesaikan tugastugas analitis teknis keahlian utama miliki terapkan meliputi user research prototyping uiux berkomitmen penuh akselerasi karir transisi kompetensi industri digital ekosistem teknologi,"user research, prototyping, ui ux",not specified,other,"user research, prototyping, ui ux",not specified,not specified
78,5a886471-a687-4e87-be7e-94f7656bec12,Andi Gunawan,junior programmer,curriculum vitae ringkas nama andi gunawan kontak andigunawanemailcom riwayat pendidikan institut teknologi sepuluh nopember kelulusan 2023 pengalaman profesional junior programmer pt pratama system deskripsi kompetensi memiliki dedikasi menyelesaikan tugastugas analitis teknis keahlian utama miliki terapkan meliputi javascript python htmlcss git berkomitmen penuh akselerasi karir transisi kompetensi industri digital ekosistem teknologi,"javascript, python, html css, git",not specified,other,"javascript, python, html css, git",pt pratama system deskripsi kompetensi memiliki dedikasi menyelesaikan tugastugas analitis,pengalaman profesional junior programmer pt pratama system
79,20a0ddc1-44f2-4964-9a96-c9e6ea9bf653,Hendra Susanto,asisten peneliti,curriculum vitae ringkas nama hendra susanto kontak hendrasusantoemailcom riwayat pendidikan universitas airlangga kelulusan 2026 pengalaman profesional asisten peneliti pt digital hub deskripsi kompetensi memiliki dedikasi menyelesaikan tugastugas analitis teknis keahlian utama miliki terapkan meliputi tableau sql data visualization berkomitmen penuh akselerasi karir transisi kompetensi industri digital ekosistem teknologi,"tableau, sql, data visualization",not specified,other,"tableau, sql, data visualization",not specified,not specified
80,a258688d-6df1-4907-9eb8-8ca910a5eab8,Yanto Hidayat,project administrator,curriculum vitae ringkas nama yanto hidayat kontak yantohidayatemailcom riwayat pendidikan institut teknologi bandung itb kelulusan 2021 pengalaman profesional project administrator pt pratama analitika deskripsi kompetensi memiliki dedikasi menyelesaikan tugastugas analitis teknis keahlian utama miliki terapkan meliputi leadership negosiasi komunikasi microsoft office agile berkomitmen penuh akselerasi karir transisi kompetensi industri digital ekosistem teknologi,"leadership, negosiasi, komunikasi, microsoft office, agile",not specified,other,"leadership, negosiasi, komunikasi, microsoft office, agile",pengalaman profesional project administrator pt pratama analitika deskripsi kompetensi memiliki,terapkan meliputi leadership negosiasi komunikasi microsoft office
81,d8b548d4-fb18-4ad4-88e8-f1b0e21a2ee3,Ahmad Prabowo,statistisi junior,curriculum vitae ringkas nama ahmad prabowo kontak ahmadprabowoemailcom riwayat pendidikan institut teknologi bandung itb kelulusan 2023 pengalaman profesional statistisi junior pt global sistem deskripsi kompetensi memiliki dedikasi menyelesaikan tugastugas analitis teknis keahlian utama miliki terapkan meliputi statistika python sql problem solving berkomitmen penuh akselerasi karir transisi kompetensi industri digital ekosistem teknologi,"statistika, python, sql, problem solving",not specified,other,"statistika, python, sql, problem solving",not specified,profesional statistisi junior pt global sistem deskripsi
82,4e432717-785e-4810-8ed2-b11def01a6b9,Orell Sitorus,staf marketing,curriculum vitae ringkas nama orell sitorus kontak orellsitorusemailcom riwayat pendidikan universitas telkom kelulusan 2021 pengalaman profesional staf marketing pt artha sistem deskripsi kompetensi memiliki dedikasi menyelesaikan tugastugas analitis teknis keahlian utama miliki terapkan meliputi figma user research kreativitas berkomitmen penuh akselerasi karir transisi kompetensi industri digital ekosistem teknologi,"figma, user research, kreativitas",not specified,other,"figma, user research, kreativitas",not specified,not specified
83,32035125-fd0a-459e-8c7a-626674484222,Bagus Hidayat,web developer magang,curriculum vitae ringkas nama bagus hidayat kontak bagushidayatemailcom riwayat pendidikan binus university kelulusan 2025 pengalaman profesional web developer magang pt artha data deskripsi kompetensi memiliki dedikasi menyelesaikan tugastugas analitis teknis keahlian utama miliki terapkan meliputi komunikasi problem solving htmlcss postgresql git berkomitmen penuh akselerasi karir transisi kompetensi industri digital ekosistem teknologi,"komunikasi, problem solving, html css, postgresql, git",kontak bagushidayatemailcom riwayat pendidikan binus university kelulusan 2025 pengalaman profesional web,other,"komunikasi, problem solving, html css, postgresql, git",not specified,profesional web developer magang pt artha data
84,67d23f66-60a9-4f1c-8707-d08e5e84c03d,Mega Santoso,it support,curriculum vitae ringkas nama mega santoso kontak megasantosoemailcom riwayat pendidikan universitas airlangga kelulusan 2024 pengalaman profesional support pt inti analitika deskripsi kompetensi memiliki dedikasi menyelesaikan tugastugas analitis teknis keahlian utama miliki terapkan meliputi postgresql htmlcss problem solving git berkomitmen penuh akselerasi karir transisi kompetensi industri digital ekosistem teknologi,"postgresql, html css, problem solving, git",not specified,other,"postgresql, html css, problem solving, git",not specified,not specified
85,b83a95e7-d8ea-44c7-9ce3-281156a82969,Ahmad Budiman,sales executive,curriculum vitae ringkas nama ahmad budiman kontak ahmadbudimanemailcom riwayat pendidikan universitas gadjah mada ugm kelulusan 2023 pengalaman profesional sale executive pt inovasi cloud deskripsi kompetensi memiliki dedikasi menyelesaikan tugastugas analitis teknis keahlian utama miliki terapkan meliputi komunikasi agile microsoft office berkomitmen penuh akselerasi karir transisi kompetensi industri digital ekosistem teknologi,"komunikasi, agile, microsoft office",not specified,other,"komunikasi, agile, microsoft office",not specified,not specified
86,e837a940-5fbc-4746-9e8f-6c9f04a14307,Rizky Nasution,content creator,curriculum vitae ringkas nama rizky nasution kontak rizkynasutionemailcom riwayat pendidikan universitas airlangga kelulusan 2022 pengalaman profesional content creator pt citra data deskripsi kompetensi memiliki dedikasi menyelesaikan tugastugas analitis teknis keahlian utama miliki terapkan meliputi uiux kreativitas figma adobe illustrator user research berkomitmen penuh akselerasi karir transisi kompetensi industri digital ekosistem teknologi,"ui ux, kreativitas, figma, adobe illustrator, user research",not specified,other,"ui ux, kreativitas, figma, adobe illustrator, user research",not specified,not specified
87,1e4efdfe-b6bc-4b16-aa46-b0327bf36480,Mega Gunawan,staf administrasi data,curriculum vitae ringkas nama mega gunawan kontak megagunawanemailcom riwayat pendidikan institut teknologi bandung itb kelulusan 2024 pengalaman profesional staf administrasi data pt lancar creative deskripsi kompetensi memiliki dedikasi menyelesaikan tugastugas analitis teknis keahlian utama miliki terapkan meliputi excel statistika sql problem solving python berkomitmen penuh akselerasi karir transisi kompetensi industri digital ekosistem teknologi,"excel, statistika, sql, problem solving, python",not specified,other,"excel, statistika, sql, problem solving, python",not specified,not specified
88,b1d0b94d-330d-4243-9bfe-c1e6ec86ad76,Sri Wijaya,junior programmer,curriculum vitae ringkas nama sri wijaya kontak sriwijayaemailcom riwayat pendidikan universitas padjadjaran kelulusan 2026 pengalaman profesional junior programmer pt citra data deskripsi kompetensi memiliki dedikasi menyelesaikan tugastugas analitis teknis keahlian utama miliki terapkan meliputi python htmlcss komunikasi postgresql berkomitmen penuh akselerasi karir transisi kompetensi industri digital ekosistem teknologi,"python, html css, komunikasi, postgresql",not specified,other,"python, html css, komunikasi, postgresql",not specified,pengalaman profesional junior programmer pt citra data
89,bfd99f31-5864-418a-a4ac-8c4d44ff5ad1,Jennifer Susanto,technical writer,curriculum vitae ringkas nama jennifer susanto kontak jennifersusantoemailcom riwayat pendidikan universitas telkom kelulusan 2023 pengalaman profesional technical writer pt digital data deskripsi kompetensi memiliki dedikasi menyelesaikan tugastugas analitis teknis keahlian utama miliki terapkan meliputi git python komunikasi problem solving htmlcss berkomitmen penuh akselerasi karir transisi kompetensi industri digital ekosistem teknologi,"git, python, komunikasi, problem solving, html css",not specified,other,"git, python, komunikasi, problem solving, html css",not specified,not specified
90,382fad69-5d5c-4d2f-a329-dfe9d1355fe5,Amalia Lestari,technical writer,curriculum vitae ringkas nama amalia lestari kontak amalialestariemailcom riwayat pendidikan universitas airlangga kelulusan 2021 pengalaman profesional technical writer pt nusa software deskripsi kompetensi memiliki dedikasi menyelesaikan tugastugas analitis teknis keahlian utama miliki terapkan meliputi komunikasi python postgresql git javascript berkomitmen penuh akselerasi karir transisi kompetensi industri digital ekosistem teknologi,"komunikasi, python, postgresql, git, javascript",not specified,other,"komunikasi, python, postgresql, git, javascript",not specified,not specified
91,226560f6-81d8-4d48-969e-ebaa64644088,Velicia Saputra,sales executive,curriculum vitae ringkas nama velicia saputra kontak veliciasaputraemailcom riwayat pendidikan universitas telkom kelulusan 2022 pengalaman profesional sale executive pt lancar creative tbk deskripsi kompetensi memiliki dedikasi menyelesaikan tugastugas analitis teknis keahlian utama miliki terapkan meliputi leadership agile komunikasi negosiasi berkomitmen penuh akselerasi karir transisi kompetensi industri digital ekosistem teknologi,"leadership, agile, komunikasi, negosiasi",not specified,other,"leadership, agile, komunikasi, negosiasi",not specified,terapkan meliputi leadership agile komunikasi negosiasi berkomitmen
92,d5a9f1ca-d171-493f-8be9-79a66beca55e,Taufik Utomo,staf marketing,curriculum vitae ringkas nama taufik utomo kontak taufikutomoemailcom riwayat pendidikan universitas indonesia ui kelulusan 2024 pengalaman profesional staf marketing pt solusi creative tbk deskripsi kompetensi memiliki dedikasi menyelesaikan tugastugas analitis teknis keahlian utama miliki terapkan meliputi kreativitas prototyping adobe illustrator figma user research berkomitmen penuh akselerasi karir transisi kompetensi industri digital ekosistem teknologi,"kreativitas, prototyping, adobe illustrator, figma, user research",not specified,other,"kreativitas, prototyping, adobe illustrator, figma, user research",not specified,not specified
93,e4590588-d1d5-4f01-9366-43ba4c1499ed,Anita Nasution,asisten peneliti,curriculum vitae ringkas nama anita nasution kontak anitanasutionemailcom riwayat pendidikan universitas gadjah mada ugm kelulusan 2023 pengalaman profesional asisten peneliti pt medium sistem deskripsi kompetensi memiliki dedikasi menyelesaikan tugastugas analitis teknis keahlian utama miliki terapkan meliputi python data visualization problem solving sql berkomitmen penuh akselerasi karir transisi kompetensi industri digital ekosistem teknologi,"python, data visualization, problem solving, sql",curriculum vitae ringkas nama anita nasution kontak anitanasutionemailcom riwayat pendidikan | ringkas nama anita nasution kontak anitanasutionemailcom riwayat pendidikan universitas gadjah mada,other,"python, data visualization, problem solving, sql",not specified,not specified
94,c07be5de-a98e-4d0f-8495-d39491547c7c,Mega Gunawan,statistisi junior,curriculum vitae ringkas nama mega gunawan kontak megagunawanemailcom riwayat pendidikan institut teknologi sepuluh nopember kelulusan 2022 pengalaman profesional statistisi junior pt solusi sistem deskripsi kompetensi memiliki dedikasi menyelesaikan tugastugas analitis teknis keahlian utama miliki terapkan meliputi sql tableau excel python berkomitmen penuh akselerasi karir transisi kompetensi industri digital ekosistem teknologi,"sql, tableau, excel, python",not specified,other,"sql, tableau, excel, python",not specified,profesional statistisi junior pt solusi sistem deskripsi
95,f1478485-7ff5-43c1-90b7-b3d5e354b55b,Taufik Ramadhan,social media specialist,curriculum vitae ringkas nama taufik ramadhan kontak taufikramadhanemailcom riwayat pendidikan institut teknologi bandung itb kelulusan 2026 pengalaman profesional social medium specialist pt buana digital indonesia deskripsi kompetensi memiliki dedikasi menyelesaikan tugastugas analitis teknis keahlian utama miliki terapkan meliputi figma user research kreativitas berkomitmen penuh akselerasi karir transisi kompetensi industri digital ekosistem teknologi,"figma, user research, kreativitas",not specified,other,"figma, user research, kreativitas",not specified,social medium specialist pt buana digital indonesia
96,f61a8eba-f00b-49aa-919b-e8e4fbbbb4f2,Rizky Putra,staf marketing,curriculum vitae ringkas nama rizky putra kontak rizkyputraemailcom riwayat pendidikan universitas telkom kelulusan 2026 pengalaman profesional staf marketing pt sinergi data tbk deskripsi kompetensi memiliki dedikasi menyelesaikan tugastugas analitis teknis keahlian utama miliki terapkan meliputi kreativitas adobe illustrator uiux berkomitmen penuh akselerasi karir transisi kompetensi industri digital ekosistem teknologi,"kreativitas, adobe illustrator, ui ux",not specified,other,"kreativitas, adobe illustrator, ui ux",not specified,not specified
97,6d62c86e-c61d-413b-9f02-9dd850052b17,Agus Kurniawan,social media specialist,curriculum vitae ringkas nama agus kurniawan kontak aguskurniawanemailcom riwayat pendidikan universitas gadjah mada ugm kelulusan 2022 pengalaman profesional social medium specialist pt solusi hub deskripsi kompetensi memiliki dedikasi menyelesaikan tugastugas analitis teknis keahlian utama miliki terapkan meliputi kreativitas uiux prototyping adobe illustrator berkomitmen penuh akselerasi karir transisi kompetensi industri digital ekosistem teknologi,"kreativitas, ui ux, prototyping, adobe illustrator",not specified,other,"kreativitas, ui ux, prototyping, adobe illustrator",not specified,social medium specialist pt solusi hub deskripsi
98,b6150a4f-45dd-4b3e-aa23-2f3c4b1a7782,Velicia Gunawan,business development intern,curriculum vitae ringkas nama velicia gunawan kontak veliciagunawanemailcom riwayat pendidikan universitas airlangga kelulusan 2024 pengalaman profesional business development intern pt inti data deskripsi kompetensi memiliki dedikasi menyelesaikan tugastugas analitis teknis keahlian utama miliki terapkan meliputi agile leadership komunikasi berkomitmen penuh akselerasi karir transisi kompetensi industri digital ekosistem teknologi,"agile, leadership, komunikasi",not specified,business,"agile, leadership, komunikasi",not specified,business development intern pt inti data deskripsi | meliputi agile leadership komunikasi berkomitmen penuh akselerasi
99,f46772a2-4b45-4341-898b-7330a17f28c1,Andi Kurniawan,content creator,curriculum vitae ringkas nama andi kurniawan kontak andikurniawanemailcom riwayat pendidikan universitas indonesia ui kelulusan 2024 pengalaman profesional content creator pt inovasi sistem deskripsi kompetensi memiliki dedikasi menyelesaikan tugastugas analitis teknis keahlian utama miliki terapkan meliputi user research prototyping figma adobe illustrator berkomitmen penuh akselerasi karir transisi kompetensi industri digital ekosistem teknologi,"user research, prototyping, figma, adobe illustrator",not specified,other,"user research, prototyping, figma, adobe illustrator",not specified,not specified
100,42495e7d-ec6c-49c6-8de4-cf9e2a767472,Orell Nugroho,ui designer magang,curriculum vitae ringkas nama orell nugroho kontak orellnugrohoemailcom riwayat pendidikan universitas airlangga kelulusan 2026 pengalaman profesional ui designer magang pt artha sistem deskripsi kompetensi memiliki dedikasi menyelesaikan tugastugas analitis teknis keahlian utama miliki terapkan meliputi kreativitas adobe illustrator uiux figma berkomitmen penuh akselerasi karir transisi kompetensi industri digital ekosistem teknologi,"kreativitas, adobe illustrator, ui ux, figma",not specified,other,"kreativitas, adobe illustrator, ui ux, figma",not specified,not specified
101,2e0f433e-ab12-4816-be2b-d512b5586d10,Rizky Siregar,ui designer magang,curriculum vitae ringkas nama rizky siregar kontak rizkysiregaremailcom riwayat pendidikan institut teknologi bandung itb kelulusan 2023 pengalaman profesional ui designer magang pt nusantara digital indonesia deskripsi kompetensi memiliki dedikasi menyelesaikan tugastugas analitis teknis keahlian utama miliki terapkan meliputi kreativitas prototyping adobe illustrator user research figma berkomitmen penuh akselerasi karir transisi kompetensi industri digital ekosistem teknologi,"kreativitas, prototyping, adobe illustrator, user research, figma",not specified,other,"kreativitas, prototyping, adobe illustrator, user research, figma",not specified,not specified
102,b7060a87-9934-40fe-aa5e-890fd1dcd45a,Mega Hidayat,asisten peneliti,curriculum vitae ringkas nama mega hidayat kontak megahidayatemailcom riwayat pendidikan universitas indonesia ui kelulusan 2022 pengalaman profesional asisten peneliti pt maju teknologi tbk deskripsi kompetensi memiliki dedikasi menyelesaikan tugastugas analitis teknis keahlian utama miliki terapkan meliputi tableau excel data visualization berkomitmen penuh akselerasi karir transisi kompetensi industri digital ekosistem teknologi,"tableau, excel, data visualization",not specified,other,"tableau, excel, data visualization",not specified,not specified
103,068ab0d4-f8a3-4d93-80af-b2ccfd0473cf,Siti Nugroho,staf administrasi data,curriculum vitae ringkas nama siti nugroho kontak sitinugrohoemailcom riwayat pendidikan binus university kelulusan 2022 pengalaman profesional staf administrasi data pt pratama software deskripsi kompetensi memiliki dedikasi menyelesaikan tugastugas analitis teknis keahlian utama miliki terapkan meliputi sql python statistika excel problem solving berkomitmen penuh akselerasi karir transisi kompetensi industri digital ekosistem teknologi,"sql, python, statistika, excel, problem solving",kontak sitinugrohoemailcom riwayat pendidikan binus university kelulusan 2022 pengalaman profesional staf,other,"sql, python, statistika, excel, problem solving",not specified,not specified
104,d8a88785-4e18-4920-87fa-cdc5518ca30d,Albi Sitorus,statistisi junior,curriculum vitae ringkas nama albi sitorus kontak albisitorusemailcom riwayat pendidikan institut teknologi sepuluh nopember kelulusan 2021 pengalaman profesional statistisi junior pt sentosa teknologi tbk deskripsi kompetensi memiliki dedikasi menyelesaikan tugastugas analitis teknis keahlian utama miliki terapkan meliputi python tableau data visualization statistika berkomitmen penuh akselerasi karir transisi kompetensi industri digital ekosistem teknologi,"python, tableau, data visualization, statistika",not specified,other,"python, tableau, data visualization, statistika",not specified,profesional statistisi junior pt sentosa teknologi tbk
105,c14ca39d-1f1c-4c7c-a4cf-3d72927e8f4e,Eko Putra,ui designer magang,curriculum vitae ringkas nama eko putra kontak ekoputraemailcom riwayat pendidikan binus university kelulusan 2023 pengalaman profesional ui designer magang pt inovasi software deskripsi kompetensi memiliki dedikasi menyelesaikan tugastugas analitis teknis keahlian utama miliki terapkan meliputi kreativitas adobe illustrator prototyping user research berkomitmen penuh akselerasi karir transisi kompetensi industri digital ekosistem teknologi,"kreativitas, adobe illustrator, prototyping, user research",kontak ekoputraemailcom riwayat pendidikan binus university kelulusan 2023 pengalaman profesional ui,other,"kreativitas, adobe illustrator, prototyping, user research",not specified,not specified
106,624773ec-d56d-41eb-98d2-332b4e96dc44,Orell Wijaya,project administrator,curriculum vitae ringkas nama orell wijaya kontak orellwijayaemailcom riwayat pendidikan binus university kelulusan 2026 pengalaman profesional project administrator pt inovasi creative deskripsi kompetensi memiliki dedikasi menyelesaikan tugastugas analitis teknis keahlian utama miliki terapkan meliputi komunikasi leadership negosiasi microsoft office agile berkomitmen penuh akselerasi karir transisi kompetensi industri digital ekosistem teknologi,"komunikasi, leadership, negosiasi, microsoft office, agile",kontak orellwijayaemailcom riwayat pendidikan binus university kelulusan 2026 pengalaman profesional project,other,"komunikasi, leadership, negosiasi, microsoft office, agile",pengalaman profesional project administrator pt inovasi creative deskripsi kompetensi memiliki,meliputi komunikasi leadership negosiasi microsoft office agile
107,060ac67b-3f42-4626-9e3b-d78ce30e5789,Fajar Gunawan,web developer magang,curriculum vitae ringkas nama fajar gunawan kontak fajargunawanemailcom riwayat pendidikan universitas gadjah mada ugm kelulusan 2023 pengalaman profesional web developer magang pt citra digital indonesia tbk deskripsi kompetensi memiliki dedikasi menyelesaikan tugastugas analitis teknis keahlian utama miliki terapkan meliputi htmlcss postgresql git berkomitmen penuh akselerasi karir transisi kompetensi industri digital ekosistem teknologi,"html css, postgresql, git",not specified,other,"html css, postgresql, git",not specified,profesional web developer magang pt citra digital
108,1dc81480-6b90-41a5-8a77-70de729b6952,Mega Susanto,technical writer,curriculum vitae ringkas nama mega susanto kontak megasusantoemailcom riwayat pendidikan universitas airlangga kelulusan 2026 pengalaman profesional technical writer pt utama digital indonesia tbk deskripsi kompetensi memiliki dedikasi menyelesaikan tugastugas analitis teknis keahlian utama miliki terapkan meliputi javascript postgresql problem solving git python berkomitmen penuh akselerasi karir transisi kompetensi industri digital ekosistem teknologi,"javascript, postgresql, problem solving, git, python",not specified,other,"javascript, postgresql, problem solving, git, python",not specified,not specified
109,3e5688f3-2264-49e6-94b1-82b1564efacc,Budi Gunawan,sales executive,curriculum vitae ringkas nama budi gunawan kontak budigunawanemailcom riwayat pendidikan binus university kelulusan 2021 pengalaman profesional sale executive pt citra cloud deskripsi kompetensi memiliki dedikasi menyelesaikan tugastugas analitis teknis keahlian utama miliki terapkan meliputi agile manajemen microsoft office berkomitmen penuh akselerasi karir transisi kompetensi industri digital ekosistem teknologi,"agile, manajemen waktu, microsoft office",kontak budigunawanemailcom riwayat pendidikan binus university kelulusan 2021 pengalaman profesional sale,other,"agile, manajemen waktu, microsoft office",not specified,not specified
110,7759a0c5-83d7-409a-b7f5-dc525e870438,Aditya Setiawan,staf administrasi data,curriculum vitae ringkas nama aditya setiawan kontak adityasetiawanemailcom riwayat pendidikan institut teknologi bandung itb kelulusan 2026 pengalaman profesional staf administrasi data pt inti analitika deskripsi kompetensi memiliki dedikasi menyelesaikan tugastugas analitis teknis keahlian utama miliki terapkan meliputi excel tableau data visualization python statistika berkomitmen penuh akselerasi karir transisi kompetensi industri digital ekosistem teknologi,"excel, tableau, data visualization, python, statistika",not specified,other,"excel, tableau, data visualization, python, statistika",not specified,not specified
111,1ef1276d-68e8-4d65-9f85-7bc419c52928,Rina Putra,asisten laboratorium komputer,curriculum vitae ringkas nama rina putra kontak rinaputraemailcom riwayat pendidikan universitas indonesia ui kelulusan 2024 pengalaman profesional asisten laboratorium komputer pt global software deskripsi kompetensi memiliki dedikasi menyelesaikan tugastugas analitis teknis keahlian utama miliki terapkan meliputi problem solving javascript python komunikasi htmlcss berkomitmen penuh akselerasi karir transisi kompetensi industri digital ekosistem teknologi,"problem solving, javascript, python, komunikasi, html css",not specified,other,"problem solving, javascript, python, komunikasi, html css",not specified,not specified
112,f6c48795-5a90-4502-8308-a196c91635b4,Yanto Putra,statistisi junior,curriculum vitae ringkas nama yanto putra kontak yantoputraemailcom riwayat pendidikan universitas gadjah mada ugm kelulusan 2023 pengalaman profesional statistisi junior pt sentosa software deskripsi kompetensi memiliki dedikasi menyelesaikan tugastugas analitis teknis keahlian utama miliki terapkan meliputi statistika problem solving tableau python berkomitmen penuh akselerasi karir transisi kompetensi industri digital ekosistem teknologi,"statistika, problem solving, tableau, python",not specified,other,"statistika, problem solving, tableau, python",not specified,profesional statistisi junior pt sentosa software deskripsi
113,8989e4f3-e616-45c5-ba2c-21044ed66afe,Hendra Sari,staf administrasi data,curriculum vitae ringkas nama hendra sari kontak hendrasariemailcom riwayat pendidikan universitas airlangga kelulusan 2025 pengalaman profesional staf administrasi data pt sentosa system deskripsi kompetensi memiliki dedikasi menyelesaikan tugastugas analitis teknis keahlian utama miliki terapkan meliputi tableau statistika python data visualization berkomitmen penuh akselerasi karir transisi kompetensi industri digital ekosistem teknologi,"tableau, statistika, python, data visualization",not specified,other,"tableau, statistika, python, data visualization",pt sentosa system deskripsi kompetensi memiliki dedikasi menyelesaikan tugastugas analitis,not specified
114,f9bbbca1-11e3-41c9-9bae-630641ed7b14,Orell Prabowo,sales executive,curriculum vitae ringkas nama orell prabowo kontak orellprabowoemailcom riwayat pendidikan universitas padjadjaran kelulusan 2023 pengalaman profesional sale executive pt global creative tbk deskripsi kompetensi memiliki dedikasi menyelesaikan tugastugas analitis teknis keahlian utama miliki terapkan meliputi microsoft office agile komunikasi manajemen leadership berkomitmen penuh akselerasi karir transisi kompetensi industri digital ekosistem teknologi,"microsoft office, agile, komunikasi, manajemen waktu, leadership",not specified,other,"microsoft office, agile, komunikasi, manajemen waktu, leadership",not specified,komunikasi manajemen leadership berkomitmen penuh akselerasi karir
115,1ee9ddad-be25-4378-8ddd-196c5dffc04a,Rian Utomo,content creator,curriculum vitae ringkas nama rian utomo kontak rianutomoemailcom riwayat pendidikan universitas airlangga kelulusan 2021 pengalaman profesional content creator pt digital system deskripsi kompetensi memiliki dedikasi menyelesaikan tugastugas analitis teknis keahlian utama miliki terapkan meliputi figma adobe illustrator uiux kreativitas prototyping berkomitmen penuh akselerasi karir transisi kompetensi industri digital ekosistem teknologi,"figma, adobe illustrator, ui ux, kreativitas, prototyping",not specified,other,"figma, adobe illustrator, ui ux, kreativitas, prototyping",pt digital system deskripsi kompetensi memiliki dedikasi menyelesaikan tugastugas analitis,not specified
116,80fd78ca-1e37-4e7b-b26c-38e6cc4c28df,Eko Saputra,it support,curriculum vitae ringkas nama eko saputra kontak ekosaputraemailcom riwayat pendidikan institut teknologi bandung itb kelulusan 2026 pengalaman profesional support pt artha cloud tbk deskripsi kompetensi memiliki dedikasi menyelesaikan tugastugas analitis teknis keahlian utama miliki terapkan meliputi postgresql git komunikasi problem solving berkomitmen penuh akselerasi karir transisi kompetensi industri digital ekosistem teknologi,"postgresql, git, komunikasi, problem solving",not specified,other,"postgresql, git, komunikasi, problem solving",not specified,not specified
117,f4095c69-362c-4aa2-be83-667dd2592aeb,Aditya Susanto,technical writer,curriculum vitae ringkas nama aditya susanto kontak adityasusantoemailcom riwayat pendidikan universitas indonesia ui kelulusan 2026 pengalaman profesional technical writer pt lancar cloud tbk deskripsi kompetensi memiliki dedikasi menyelesaikan tugastugas analitis teknis keahlian utama miliki terapkan meliputi problem solving htmlcss komunikasi javascript git berkomitmen penuh akselerasi karir transisi kompetensi industri digital ekosistem teknologi,"problem solving, html css, komunikasi, javascript, git",not specified,other,"problem solving, html css, komunikasi, javascript, git",not specified,not specified
118,881b53f0-0629-496f-8234-c10c3853383f,Andi Lestari,business development intern,curriculum vitae ringkas nama andi lestari kontak andilestariemailcom riwayat pendidikan universitas padjadjaran kelulusan 2022 pengalaman profesional business development intern pt sinergi data deskripsi kompetensi memiliki dedikasi menyelesaikan tugastugas analitis teknis keahlian utama miliki terapkan meliputi leadership negosiasi komunikasi microsoft office berkomitmen penuh akselerasi karir transisi kompetensi industri digital ekosistem teknologi,"leadership, negosiasi, komunikasi, microsoft office",not specified,business,"leadership, negosiasi, komunikasi, microsoft office",not specified,business development intern pt sinergi data deskripsi | terapkan meliputi leadership negosiasi komunikasi microsoft office
119,c9ad92d6-1eb6-4f52-b171-dfc611a299a6,Hendra Nasution,sales executive,curriculum vitae ringkas nama hendra nasution kontak hendranasutionemailcom riwayat pendidikan universitas padjadjaran kelulusan 2025 pengalaman profesional sale executive pt global creative deskripsi kompetensi memiliki dedikasi menyelesaikan tugastugas analitis teknis keahlian utama miliki terapkan meliputi komunikasi negosiasi agile manajemen berkomitmen penuh akselerasi karir transisi kompetensi industri digital ekosistem teknologi,"komunikasi, negosiasi, agile, manajemen waktu",not specified,other,"komunikasi, negosiasi, agile, manajemen waktu",not specified,not specified
120,3fe7626c-0eac-495a-a0eb-467eeb77dcec,Sri Nugroho,social media specialist,curriculum vitae ringkas nama sri nugroho kontak srinugrohoemailcom riwayat pendidikan universitas telkom kelulusan 2021 pengalaman profesional social medium specialist pt medium sistem deskripsi kompetensi memiliki dedikasi menyelesaikan tugastugas analitis teknis keahlian utama miliki terapkan meliputi uiux figma kreativitas berkomitmen penuh akselerasi karir transisi kompetensi industri digital ekosistem teknologi,"ui ux, figma, kreativitas",not specified,other,"ui ux, figma, kreativitas",not specified,social medium specialist pt medium sistem deskripsi
121,b9cd651e-68d9-4d70-adaa-6ff42b663a69,Eko Setiawan,business development intern,curriculum vitae ringkas nama eko setiawan kontak ekosetiawanemailcom riwayat pendidikan universitas padjadjaran kelulusan 2024 pengalaman profesional business development intern pt solusi sistem deskripsi kompetensi memiliki dedikasi menyelesaikan tugastugas analitis teknis keahlian utama miliki terapkan meliputi komunikasi agile manajemen leadership negosiasi berkomitmen penuh akselerasi karir transisi kompetensi industri digital ekosistem teknologi,"komunikasi, agile, manajemen waktu, leadership, negosiasi",not specified,business,"komunikasi, agile, manajemen waktu, leadership, negosiasi",not specified,business development intern pt solusi sistem deskripsi | agile manajemen leadership negosiasi berkomitmen penuh akselerasi
122,6f17795e-1879-43a3-b969-9d7b6714e378,Sri Putri,ui designer magang,curriculum vitae ringkas nama sri putri kontak sriputriemailcom riwayat pendidikan universitas airlangga kelulusan 2026 pengalaman profesional ui designer magang pt tekno hub tbk deskripsi kompetensi memiliki dedikasi menyelesaikan tugastugas analitis teknis keahlian utama miliki terapkan meliputi prototyping figma adobe illustrator kreativitas berkomitmen penuh akselerasi karir transisi kompetensi industri digital ekosistem teknologi,"prototyping, figma, adobe illustrator, kreativitas",not specified,other,"prototyping, figma, adobe illustrator, kreativitas",not specified,not specified
123,487c1d73-87cc-40fd-963b-ef9af62979fe,Dewi Lestari,graphic designer,curriculum vitae ringkas nama dewi lestari kontak dewilestariemailcom riwayat pendidikan universitas airlangga kelulusan 2023 pengalaman profesional graphic designer pt medium data deskripsi kompetensi memiliki dedikasi menyelesaikan tugastugas analitis teknis keahlian utama miliki terapkan meliputi figma uiux user research kreativitas adobe illustrator berkomitmen penuh akselerasi karir transisi kompetensi industri digital ekosistem teknologi,"figma, ui ux, user research, kreativitas, adobe illustrator",not specified,other,"figma, ui ux, user research, kreativitas, adobe illustrator",not specified,not specified
124,aa7a41fc-5618-47e3-8978-bc0324dd861a,Taufik Lestari,business development intern,curriculum vitae ringkas nama taufik lestari kontak taufiklestariemailcom riwayat pendidikan universitas telkom kelulusan 2023 pengalaman profesional business development intern pt sentosa analitika deskripsi kompetensi memiliki dedikasi menyelesaikan tugastugas analitis teknis keahlian utama miliki terapkan meliputi agile microsoft office leadership berkomitmen penuh akselerasi karir transisi kompetensi industri digital ekosistem teknologi,"agile, microsoft office, leadership",not specified,business,"agile, microsoft office, leadership",not specified,business development intern pt sentosa analitika deskripsi | microsoft office leadership berkomitmen penuh akselerasi karir
125,a932199c-9659-4e98-b814-2b3bcc5c7156,Sri Kurniawan,content creator,curriculum vitae ringkas nama sri kurniawan kontak srikurniawanemailcom riwayat pendidikan binus university kelulusan 2026 pengalaman profesional content creator pt buana system deskripsi kompetensi memiliki dedikasi menyelesaikan tugastugas analitis teknis keahlian utama miliki terapkan meliputi kreativitas adobe illustrator figma user research prototyping berkomitmen penuh akselerasi karir transisi kompetensi industri digital ekosistem teknologi,"kreativitas, adobe illustrator, figma, user research, prototyping",kontak srikurniawanemailcom riwayat pendidikan binus university kelulusan 2026 pengalaman profesional content,other,"kreativitas, adobe illustrator, figma, user research, prototyping",pt buana system deskripsi kompetensi memiliki dedikasi menyelesaikan tugastugas analitis,not specified
126,2a152aab-4d26-4dcc-a918-a6d0e93cf30a,Ahmad Nasution,content creator,curriculum vitae ringkas nama ahmad nasution kontak ahmadnasutionemailcom riwayat pendidikan universitas padjadjaran kelulusan 2024 pengalaman profesional content creator pt digital software tbk deskripsi kompetensi memiliki dedikasi menyelesaikan tugastugas analitis teknis keahlian utama miliki terapkan meliputi uiux user research figma adobe illustrator berkomitmen penuh akselerasi karir transisi kompetensi industri digital ekosistem teknologi,"ui ux, user research, figma, adobe illustrator",not specified,other,"ui ux, user research, figma, adobe illustrator",not specified,not specified
127,39bbd3d4-2cdb-4495-ad25-b3cd59451e10,Anita Hidayat,technical writer,curriculum vitae ringkas nama anita hidayat kontak anitahidayatemailcom riwayat pendidikan universitas telkom kelulusan 2026 pengalaman profesional technical writer pt global creative deskripsi kompetensi memiliki dedikasi menyelesaikan tugastugas analitis teknis keahlian utama miliki terapkan meliputi git htmlcss python problem solving berkomitmen penuh akselerasi karir transisi kompetensi industri digital ekosistem teknologi,"git, html css, python, problem solving",curriculum vitae ringkas nama anita hidayat kontak anitahidayatemailcom riwayat pendidikan | ringkas nama anita hidayat kontak anitahidayatemailcom riwayat pendidikan universitas telkom kelulusan,other,"git, html css, python, problem solving",not specified,not specified
128,2a143056-02da-49c2-8166-70549abb9834,Anita Utomo,junior programmer,curriculum vitae ringkas nama anita utomo kontak anitautomoemailcom riwayat pendidikan universitas padjadjaran kelulusan 2024 pengalaman profesional junior programmer pt utama system tbk deskripsi kompetensi memiliki dedikasi menyelesaikan tugastugas analitis teknis keahlian utama miliki terapkan meliputi problem solving javascript git htmlcss python berkomitmen penuh akselerasi karir transisi kompetensi industri digital ekosistem teknologi,"problem solving, javascript, git, html css, python",curriculum vitae ringkas nama anita utomo kontak anitautomoemailcom riwayat pendidikan | ringkas nama anita utomo kontak anitautomoemailcom riwayat pendidikan universitas padjadjaran kelulusan,other,"problem solving, javascript, git, html css, python",pt utama system tbk deskripsi kompetensi memiliki dedikasi menyelesaikan tugastugas,pengalaman profesional junior programmer pt utama system
129,411538af-f75a-4a8e-97b8-4d874b48e31f,Anita Putra,it support,curriculum vitae ringkas nama anita putra kontak anitaputraemailcom riwayat pendidikan universitas padjadjaran kelulusan 2023 pengalaman profesional support pt utama system deskripsi kompetensi memiliki dedikasi menyelesaikan tugastugas analitis teknis keahlian utama miliki terapkan meliputi problem solving python komunikasi postgresql git berkomitmen penuh akselerasi karir transisi kompetensi industri digital ekosistem teknologi,"problem solving, python, komunikasi, postgresql, git",curriculum vitae ringkas nama anita putra kontak anitaputraemailcom riwayat pendidikan | ringkas nama anita putra kontak anitaputraemailcom riwayat pendidikan universitas padjadjaran kelulusan,other,"problem solving, python, komunikasi, postgresql, git",pt utama system deskripsi kompetensi memiliki dedikasi menyelesaikan tugastugas analitis,not specified
130,d25b3f86-8a46-4eaa-ba56-7af9b73b031c,Sri Prabowo,web developer magang,curriculum vitae ringkas nama sri prabowo kontak sriprabowoemailcom riwayat pendidikan universitas gadjah mada ugm kelulusan 2025 pengalaman profesional web developer magang pt inovasi digital indonesia tbk deskripsi kompetensi memiliki dedikasi menyelesaikan tugastugas analitis teknis keahlian utama miliki terapkan meliputi htmlcss git postgresql komunikasi berkomitmen penuh akselerasi karir transisi kompetensi industri digital ekosistem teknologi,"html css, git, postgresql, komunikasi",not specified,other,"html css, git, postgresql, komunikasi",not specified,profesional web developer magang pt inovasi digital
131,7381974a-2b57-47d6-bee1-1856938948c1,Rizky Sitorus,asisten peneliti,curriculum vitae ringkas nama rizky sitorus kontak rizkysitorusemailcom riwayat pendidikan binus university kelulusan 2021 pengalaman profesional asisten peneliti pt medium digital indonesia deskripsi kompetensi memiliki dedikasi menyelesaikan tugastugas analitis teknis keahlian utama miliki terapkan meliputi sql statistika problem solving tableau berkomitmen penuh akselerasi karir transisi kompetensi industri digital ekosistem teknologi,"sql, statistika, problem solving, tableau",kontak rizkysitorusemailcom riwayat pendidikan binus university kelulusan 2021 pengalaman profesional asisten,other,"sql, statistika, problem solving, tableau",not specified,not specified
132,cece283a-9b2b-4a33-bb48-71986a94cdcf,Mega Wijaya,sales executive,curriculum vitae ringkas nama mega wijaya kontak megawijayaemailcom riwayat pendidikan institut teknologi bandung itb kelulusan 2022 pengalaman profesional sale executive pt nusantara analitika tbk deskripsi kompetensi memiliki dedikasi menyelesaikan tugastugas analitis teknis keahlian utama miliki terapkan meliputi microsoft office negosiasi agile leadership berkomitmen penuh akselerasi karir transisi kompetensi industri digital ekosistem teknologi,"microsoft office, negosiasi, agile, leadership",not specified,other,"microsoft office, negosiasi, agile, leadership",not specified,negosiasi agile leadership berkomitmen penuh akselerasi karir
133,5ffba092-3e61-48ec-8918-b7b469730704,Naufal Gunawan,staf administrasi data,curriculum vitae ringkas nama naufal gunawan kontak naufalgunawanemailcom riwayat pendidikan universitas telkom kelulusan 2021 pengalaman profesional staf administrasi data pt medium software deskripsi kompetensi memiliki dedikasi menyelesaikan tugastugas analitis teknis keahlian utama miliki terapkan meliputi tableau statistika python problem solving sql berkomitmen penuh akselerasi karir transisi kompetensi industri digital ekosistem teknologi,"tableau, statistika, python, problem solving, sql",not specified,other,"tableau, statistika, python, problem solving, sql",not specified,not specified
134,2d873bd5-9dfd-4c0e-8af5-e5441c51a5df,Budi Kurniawan,staf administrasi data,curriculum vitae ringkas nama budi kurniawan kontak budikurniawanemailcom riwayat pendidikan institut teknologi sepuluh nopember kelulusan 2025 pengalaman profesional staf administrasi data pt nusantara sistem deskripsi kompetensi memiliki dedikasi menyelesaikan tugastugas analitis teknis keahlian utama miliki terapkan meliputi sql tableau python berkomitmen penuh akselerasi karir transisi kompetensi industri digital ekosistem teknologi,"sql, tableau, python",not specified,other,"sql, tableau, python",not specified,not specified
135,9993e5a4-7ee4-45f1-bdc3-698189133bfb,Anita Gunawan,graphic designer,curriculum vitae ringkas nama anita gunawan kontak anitagunawanemailcom riwayat pendidikan universitas padjadjaran kelulusan 2023 pengalaman profesional graphic designer pt artha hub deskripsi kompetensi memiliki dedikasi menyelesaikan tugastugas analitis teknis keahlian utama miliki terapkan meliputi adobe illustrator figma user research prototyping uiux berkomitmen penuh akselerasi karir transisi kompetensi industri digital ekosistem teknologi,"adobe illustrator, figma, user research, prototyping, ui ux",curriculum vitae ringkas nama anita gunawan kontak anitagunawanemailcom riwayat pendidikan | ringkas nama anita gunawan kontak anitagunawanemailcom riwayat pendidikan universitas padjadjaran kelulusan,other,"adobe illustrator, figma, user research, prototyping, ui ux",not specified,not specified
136,1759f723-0176-4ce5-a179-f4dbf379656e,Deni Lestari,statistisi junior,curriculum vitae ringkas nama deni lestari kontak denilestariemailcom riwayat pendidikan institut teknologi bandung itb kelulusan 2025 pengalaman profesional statistisi junior pt inovasi software deskripsi kompetensi memiliki dedikasi menyelesaikan tugastugas analitis teknis keahlian utama miliki terapkan meliputi excel statistika data visualization tableau berkomitmen penuh akselerasi karir transisi kompetensi industri digital ekosistem teknologi,"excel, statistika, data visualization, tableau",not specified,other,"excel, statistika, data visualization, tableau",not specified,profesional statistisi junior pt inovasi software deskripsi
137,701dc2d2-7bb0-403b-a511-df322aa9ba01,Dewi Prabowo,business development intern,curriculum vitae ringkas nama dewi prabowo kontak dewiprabowoemailcom riwayat pendidikan universitas indonesia ui kelulusan 2022 pengalaman profesional business development intern pt utama software deskripsi kompetensi memiliki dedikasi menyelesaikan tugastugas analitis teknis keahlian utama miliki terapkan meliputi agile negosiasi komunikasi berkomitmen penuh akselerasi karir transisi kompetensi industri digital ekosistem teknologi,"agile, negosiasi, komunikasi",not specified,business,"agile, negosiasi, komunikasi",not specified,business development intern pt utama software deskripsi
138,24ecd84c-696d-44d1-b99f-026d1fc05781,Amalia Nugroho,technical writer,curriculum vitae ringkas nama amalia nugroho kontak amalianugrohoemailcom riwayat pendidikan universitas gadjah mada ugm kelulusan 2026 pengalaman profesional technical writer pt lancar cloud deskripsi kompetensi memiliki dedikasi menyelesaikan tugastugas analitis teknis keahlian utama miliki terapkan meliputi javascript python htmlcss git berkomitmen penuh akselerasi karir transisi kompetensi industri digital ekosistem teknologi,"javascript, python, html css, git",not specified,other,"javascript, python, html css, git",not specified,not specified
139,0c9ca969-ef5a-4f83-aa32-892cec983894,Aditya Sitorus,ketua bem,curriculum vitae ringkas nama aditya sitorus kontak adityasitorusemailcom riwayat pendidikan institut teknologi sepuluh nopember kelulusan 2023 pengalaman profesional ketua bem pt solusi digital indonesia deskripsi kompetensi memiliki dedikasi menyelesaikan tugastugas analitis teknis keahlian utama miliki terapkan meliputi agile manajemen leadership microsoft office berkomitmen penuh akselerasi karir transisi kompetensi industri digital ekosistem teknologi,"agile, manajemen waktu, leadership, microsoft office",not specified,other,"agile, manajemen waktu, leadership, microsoft office",not specified,agile manajemen leadership microsoft office berkomitmen penuh
140,6d848dac-c6ea-4f3a-a623-b3b16b832bf8,Dewi Utomo,junior programmer,curriculum vitae ringkas nama dewi utomo kontak dewiutomoemailcom riwayat pendidikan institut teknologi sepuluh nopember kelulusan 2022 pengalaman profesional junior programmer pt sentosa analitika deskripsi kompetensi memiliki dedikasi menyelesaikan tugastugas analitis teknis keahlian utama miliki terapkan meliputi postgresql problem solving git htmlcss berkomitmen penuh akselerasi karir transisi kompetensi industri digital ekosistem teknologi,"postgresql, problem solving, git, html css",not specified,other,"postgresql, problem solving, git, html css",not specified,pengalaman profesional junior programmer pt sentosa analitika
141,1f72c9b1-a137-4cad-bcba-de58d3637e79,Mega Santoso,graphic designer,curriculum vitae ringkas nama mega santoso kontak megasantosoemailcom riwayat pendidikan universitas indonesia ui kelulusan 2025 pengalaman profesional graphic designer pt medium system deskripsi kompetensi memiliki dedikasi menyelesaikan tugastugas analitis teknis keahlian utama miliki terapkan meliputi adobe illustrator figma uiux prototyping berkomitmen penuh akselerasi karir transisi kompetensi industri digital ekosistem teknologi,"adobe illustrator, figma, ui ux, prototyping",not specified,other,"adobe illustrator, figma, ui ux, prototyping",pt medium system deskripsi kompetensi memiliki dedikasi menyelesaikan tugastugas analitis,not specified
142,64c5eccb-ccd0-49a6-a544-47766a1fffc2,Rizky Sitorus,graphic designer,curriculum vitae ringkas nama rizky sitorus kontak rizkysitorusemailcom riwayat pendidikan universitas gadjah mada ugm kelulusan 2025 pengalaman profesional graphic designer pt nusantara teknologi deskripsi kompetensi memiliki dedikasi menyelesaikan tugastugas analitis teknis keahlian utama miliki terapkan meliputi uiux figma prototyping adobe illustrator berkomitmen penuh akselerasi karir transisi kompetensi industri digital ekosistem teknologi,"ui ux, figma, prototyping, adobe illustrator",not specified,other,"ui ux, figma, prototyping, adobe illustrator",not specified,not specified
143,6eba3003-cdae-429b-ab22-46454b20814e,Rizky Budiman,web developer magang,curriculum vitae ringkas nama rizky budiman kontak rizkybudimanemailcom riwayat pendidikan universitas indonesia ui kelulusan 2023 pengalaman profesional web developer magang pt sentosa system deskripsi kompetensi memiliki dedikasi menyelesaikan tugastugas analitis teknis keahlian utama miliki terapkan meliputi javascript problem solving htmlcss git postgresql berkomitmen penuh akselerasi karir transisi kompetensi industri digital ekosistem teknologi,"javascript, problem solving, html css, git, postgresql",not specified,other,"javascript, problem solving, html css, git, postgresql",pt sentosa system deskripsi kompetensi memiliki dedikasi menyelesaikan tugastugas analitis,profesional web developer magang pt sentosa system
144,43ad5647-298c-455b-8f30-36ccbd43cac9,Agus Budiman,staf administrasi data,curriculum vitae ringkas nama agus budiman kontak agusbudimanemailcom riwayat pendidikan universitas airlangga kelulusan 2023 pengalaman profesional staf administrasi data pt citra teknologi deskripsi kompetensi memiliki dedikasi menyelesaikan tugastugas analitis teknis keahlian utama miliki terapkan meliputi problem solving python data visualization statistika berkomitmen penuh akselerasi karir transisi kompetensi industri digital ekosistem teknologi,"problem solving, python, data visualization, statistika",not specified,other,"problem solving, python, data visualization, statistika",not specified,not specified
145,dcaebc8f-ccdd-478f-bac6-c499b3327a54,Putri Wijaya,business development intern,curriculum vitae ringkas nama putri wijaya kontak putriwijayaemailcom riwayat pendidikan universitas gadjah mada ugm kelulusan 2025 pengalaman profesional business development intern pt inti analitika deskripsi kompetensi memiliki dedikasi menyelesaikan tugastugas analitis teknis keahlian utama miliki terapkan meliputi leadership komunikasi manajemen microsoft office berkomitmen penuh akselerasi karir transisi kompetensi industri digital ekosistem teknologi,"leadership, komunikasi, manajemen waktu, microsoft office",not specified,business,"leadership, komunikasi, manajemen waktu, microsoft office",not specified,business development intern pt inti analitika deskripsi | terapkan meliputi leadership komunikasi manajemen microsoft office
146,fa88b763-ce1e-4d11-b53b-11161f9ad01a,Eko Nasution,ui designer magang,curriculum vitae ringkas nama eko nasution kontak ekonasutionemailcom riwayat pendidikan institut teknologi sepuluh nopember kelulusan 2021 pengalaman profesional ui designer magang pt inovasi sistem deskripsi kompetensi memiliki dedikasi menyelesaikan tugastugas analitis teknis keahlian utama miliki terapkan meliputi prototyping adobe illustrator kreativitas berkomitmen penuh akselerasi karir transisi kompetensi industri digital ekosistem teknologi,"prototyping, adobe illustrator, kreativitas",not specified,other,"prototyping, adobe illustrator, kreativitas",not specified,not specified
147,fcbe566c-61ca-47be-b382-efd0a9555833,Putri Saputra,social media specialist,curriculum vitae ringkas nama putri saputra kontak putrisaputraemailcom riwayat pendidikan universitas padjadjaran kelulusan 2024 pengalaman profesional social medium specialist pt sentosa analitika tbk deskripsi kompetensi memiliki dedikasi menyelesaikan tugastugas analitis teknis keahlian utama miliki terapkan meliputi user research adobe illustrator uiux berkomitmen penuh akselerasi karir transisi kompetensi industri digital ekosistem teknologi,"user research, adobe illustrator, ui ux",not specified,other,"user research, adobe illustrator, ui ux",not specified,social medium specialist pt sentosa analitika tbk
148,e052c234-da32-4872-a9f6-31249487fc81,Rudi Setiawan,it support,curriculum vitae ringkas nama rudi setiawan kontak rudisetiawanemailcom riwayat pendidikan universitas airlangga kelulusan 2023 pengalaman profesional support pt inti creative deskripsi kompetensi memiliki dedikasi menyelesaikan tugastugas analitis teknis keahlian utama miliki terapkan meliputi python git htmlcss problem solving postgresql berkomitmen penuh akselerasi karir transisi kompetensi industri digital ekosistem teknologi,"python, git, html css, problem solving, postgresql",not specified,other,"python, git, html css, problem solving, postgresql",not specified,not specified
149,4c729d72-6ba7-41a3-8d2e-875555b42874,Putri Sitorus,fresh graduate matematika,curriculum vitae ringkas nama putri sitorus kontak putrisitorusemailcom riwayat pendidikan universitas padjadjaran kelulusan 2025 pengalaman profesional fresh graduate matematika pt artha creative tbk deskripsi kompetensi memiliki dedikasi menyelesaikan tugastugas analitis teknis keahlian utama miliki terapkan meliputi sql statistika tableau data visualization problem solving berkomitmen penuh akselerasi karir transisi kompetensi industri digital ekosistem teknologi,"sql, statistika, tableau, data visualization, problem solving",not specified,other,"sql, statistika, tableau, data visualization, problem solving",not specified,not specified
150,1bc098b7-5c58-46fc-94d9-6aaf6d3d3c9f,Hendra Saputra,asisten laboratorium komputer,curriculum vitae ringkas nama hendra saputra kontak hendrasaputraemailcom riwayat pendidikan institut teknologi sepuluh nopember kelulusan 2021 pengalaman profesional asisten laboratorium komputer pt utama hub deskripsi kompetensi memiliki dedikasi menyelesaikan tugastugas analitis teknis keahlian utama miliki terapkan meliputi python problem solving komunikasi berkomitmen penuh akselerasi karir transisi kompetensi industri digital ekosistem teknologi,"python, problem solving, komunikasi",not specified,other,"python, problem solving, komunikasi",not specified,not specified
151,45596d94-a549-4ce1-9fe2-d97a5a3eb1d8,Amalia Prabowo,junior programmer,curriculum vitae ringkas nama amalia prabowo kontak amaliaprabowoemailcom riwayat pendidikan universitas padjadjaran kelulusan 2021 pengalaman profesional junior programmer pt global teknologi tbk deskripsi kompetensi memiliki dedikasi menyelesaikan tugastugas analitis teknis keahlian utama miliki terapkan meliputi git problem solving htmlcss komunikasi python berkomitmen penuh akselerasi karir transisi kompetensi industri digital ekosistem teknologi,"git, problem solving, html css, komunikasi, python",not specified,other,"git, problem solving, html css, komunikasi, python",not specified,pengalaman profesional junior programmer pt global teknologi
152,2f4a5500-8eb3-414e-be08-0f21443a70b9,Siti Putri,staf marketing,curriculum vitae ringkas nama siti putri kontak sitiputriemailcom riwayat pendidikan institut teknologi sepuluh nopember kelulusan 2023 pengalaman profesional staf marketing pt tekno creative deskripsi kompetensi memiliki dedikasi menyelesaikan tugastugas analitis teknis keahlian utama miliki terapkan meliputi kreativitas prototyping user research adobe illustrator berkomitmen penuh akselerasi karir transisi kompetensi industri digital ekosistem teknologi,"kreativitas, prototyping, user research, adobe illustrator",not specified,other,"kreativitas, prototyping, user research, adobe illustrator",not specified,not specified
153,bb299d63-adfa-490d-a41e-b04a366ca2c8,Bagus Prabowo,business development intern,curriculum vitae ringkas nama bagus prabowo kontak bagusprabowoemailcom riwayat pendidikan institut teknologi sepuluh nopember kelulusan 2023 pengalaman profesional business development intern pt medium digital indonesia deskripsi kompetensi memiliki dedikasi menyelesaikan tugastugas analitis teknis keahlian utama miliki terapkan meliputi agile leadership manajemen komunikasi berkomitmen penuh akselerasi karir transisi kompetensi industri digital ekosistem teknologi,"agile, leadership, manajemen waktu, komunikasi",not specified,business,"agile, leadership, manajemen waktu, komunikasi",not specified,business development intern pt medium digital indonesia | meliputi agile leadership manajemen komunikasi berkomitmen penuh
154,bc41d239-0f59-4263-9ac9-30202877d308,Fajar Putra,web developer magang,curriculum vitae ringkas nama fajar putra kontak fajarputraemailcom riwayat pendidikan institut teknologi bandung itb kelulusan 2026 pengalaman profesional web developer magang pt sinergi data deskripsi kompetensi memiliki dedikasi menyelesaikan tugastugas analitis teknis keahlian utama miliki terapkan meliputi komunikasi python git javascript problem solving berkomitmen penuh akselerasi karir transisi kompetensi industri digital ekosistem teknologi,"komunikasi, python, git, javascript, problem solving",not specified,other,"komunikasi, python, git, javascript, problem solving",not specified,profesional web developer magang pt sinergi data
155,d31fd6f1-b9b8-4b0c-a48b-7aba6d799ce1,Albi Lestari,staf administrasi data,curriculum vitae ringkas nama albi lestari kontak albilestariemailcom riwayat pendidikan universitas telkom kelulusan 2023 pengalaman profesional staf administrasi data pt tekno system deskripsi kompetensi memiliki dedikasi menyelesaikan tugastugas analitis teknis keahlian utama miliki terapkan meliputi tableau excel python sql berkomitmen penuh akselerasi karir transisi kompetensi industri digital ekosistem teknologi,"tableau, excel, python, sql",not specified,other,"tableau, excel, python, sql",pt tekno system deskripsi kompetensi memiliki dedikasi menyelesaikan tugastugas analitis,not specified
156,98960092-9b2b-492d-8ebe-ecba9e2f2c44,Putri Nasution,asisten laboratorium komputer,curriculum vitae ringkas nama putri nasution kontak putrinasutionemailcom riwayat pendidikan institut teknologi sepuluh nopember kelulusan 2022 pengalaman profesional asisten laboratorium komputer pt karya software deskripsi kompetensi memiliki dedikasi menyelesaikan tugastugas analitis teknis keahlian utama miliki terapkan meliputi javascript git problem solving htmlcss berkomitmen penuh akselerasi karir transisi kompetensi industri digital ekosistem teknologi,"javascript, git, problem solving, html css",not specified,other,"javascript, git, problem solving, html css",not specified,not specified
157,630b066b-a47d-4f31-97d0-2405a82427fd,Eko Prabowo,it support,curriculum vitae ringkas nama eko prabowo kontak ekoprabowoemailcom riwayat pendidikan binus university kelulusan 2026 pengalaman profesional support pt karya sistem deskripsi kompetensi memiliki dedikasi menyelesaikan tugastugas analitis teknis keahlian utama miliki terapkan meliputi git javascript problem solving berkomitmen penuh akselerasi karir transisi kompetensi industri digital ekosistem teknologi,"git, javascript, problem solving",kontak ekoprabowoemailcom riwayat pendidikan binus university kelulusan 2026 pengalaman profesional support,other,"git, javascript, problem solving",not specified,not specified
158,160d2d3c-7dd5-4b19-bc68-0fd54d79164f,Anita Gunawan,statistisi junior,curriculum vitae ringkas nama anita gunawan kontak anitagunawanemailcom riwayat pendidikan institut teknologi bandung itb kelulusan 2024 pengalaman profesional statistisi junior pt pratama system tbk deskripsi kompetensi memiliki dedikasi menyelesaikan tugastugas analitis teknis keahlian utama miliki terapkan meliputi sql statistika tableau data visualization excel berkomitmen penuh akselerasi karir transisi kompetensi industri digital ekosistem teknologi,"sql, statistika, tableau, data visualization, excel",curriculum vitae ringkas nama anita gunawan kontak anitagunawanemailcom riwayat pendidikan | ringkas nama anita gunawan kontak anitagunawanemailcom riwayat pendidikan institut teknologi bandung,other,"sql, statistika, tableau, data visualization, excel",pt pratama system tbk deskripsi kompetensi memiliki dedikasi menyelesaikan tugastugas,profesional statistisi junior pt pratama system tbk
159,9e97aab7-e89d-421f-821a-f754fb3b30a8,Taufik Setiawan,web developer magang,curriculum vitae ringkas nama taufik setiawan kontak taufiksetiawanemailcom riwayat pendidikan universitas padjadjaran kelulusan 2023 pengalaman profesional web developer magang pt berjaya software deskripsi kompetensi memiliki dedikasi menyelesaikan tugastugas analitis teknis keahlian utama miliki terapkan meliputi javascript postgresql htmlcss berkomitmen penuh akselerasi karir transisi kompetensi industri digital ekosistem teknologi,"javascript, postgresql, html css",not specified,other,"javascript, postgresql, html css",not specified,profesional web developer magang pt berjaya software
160,6db97a96-b951-43a9-a110-fce6b61140e1,Agus Putri,staf administrasi data,curriculum vitae ringkas nama agus putri kontak agusputriemailcom riwayat pendidikan universitas telkom kelulusan 2025 pengalaman profesional staf administrasi data pt artha cloud deskripsi kompetensi memiliki dedikasi menyelesaikan tugastugas analitis teknis keahlian utama miliki terapkan meliputi tableau data visualization statistika sql berkomitmen penuh akselerasi karir transisi kompetensi industri digital ekosistem teknologi,"tableau, data visualization, statistika, sql",not specified,other,"tableau, data visualization, statistika, sql",not specified,not specified
161,135627e7-d4b0-458e-bc9c-0429318e855e,Agus Siregar,it support,curriculum vitae ringkas nama agus siregar kontak agussiregaremailcom riwayat pendidikan universitas indonesia ui kelulusan 2021 pengalaman profesional support pt inti data deskripsi kompetensi memiliki dedikasi menyelesaikan tugastugas analitis teknis keahlian utama miliki terapkan meliputi python komunikasi htmlcss problem solving berkomitmen penuh akselerasi karir transisi kompetensi industri digital ekosistem teknologi,"python, komunikasi, html css, problem solving",not specified,other,"python, komunikasi, html css, problem solving",not specified,not specified
162,07eeb179-d06f-41d9-8d9b-d4cdbce23afc,Mega Santoso,ketua bem,curriculum vitae ringkas nama mega santoso kontak megasantosoemailcom riwayat pendidikan institut teknologi bandung itb kelulusan 2025 pengalaman profesional ketua bem pt maju creative deskripsi kompetensi memiliki dedikasi menyelesaikan tugastugas analitis teknis keahlian utama miliki terapkan meliputi microsoft office negosiasi manajemen berkomitmen penuh akselerasi karir transisi kompetensi industri digital ekosistem teknologi,"microsoft office, negosiasi, manajemen waktu",not specified,other,"microsoft office, negosiasi, manajemen waktu",not specified,not specified
163,1a244938-6957-490d-a4cc-3b6a167c5ac8,Eko Sari,project administrator,curriculum vitae ringkas nama eko sari kontak ekosariemailcom riwayat pendidikan institut teknologi bandung itb kelulusan 2021 pengalaman profesional project administrator pt artha data deskripsi kompetensi memiliki dedikasi menyelesaikan tugastugas analitis teknis keahlian utama miliki terapkan meliputi manajemen microsoft office komunikasi negosiasi leadership berkomitmen penuh akselerasi karir transisi kompetensi industri digital ekosistem teknologi,"manajemen waktu, microsoft office, komunikasi, negosiasi, leadership",not specified,other,"manajemen waktu, microsoft office, komunikasi, negosiasi, leadership",pengalaman profesional project administrator pt artha data deskripsi kompetensi memiliki,komunikasi negosiasi leadership berkomitmen penuh akselerasi karir
164,6b9aa494-a70c-4384-a4a2-3280658e8a15,Aditya Siregar,staf administrasi data,curriculum vitae ringkas nama aditya siregar kontak adityasiregaremailcom riwayat pendidikan institut teknologi bandung itb kelulusan 2021 pengalaman profesional staf administrasi data pt nusantara creative deskripsi kompetensi memiliki dedikasi menyelesaikan tugastugas analitis teknis keahlian utama miliki terapkan meliputi python sql data visualization statistika problem solving berkomitmen penuh akselerasi karir transisi kompetensi industri digital ekosistem teknologi,"python, sql, data visualization, statistika, problem solving",not specified,other,"python, sql, data visualization, statistika, problem solving",not specified,not specified
165,71df53c5-e354-48a9-903c-c89ed3b9ed72,Yanto Sitorus,statistisi junior,curriculum vitae ringkas nama yanto sitorus kontak yantositorusemailcom riwayat pendidikan universitas padjadjaran kelulusan 2021 pengalaman profesional statistisi junior pt artha data deskripsi kompetensi memiliki dedikasi menyelesaikan tugastugas analitis teknis keahlian utama miliki terapkan meliputi python statistika tableau sql excel berkomitmen penuh akselerasi karir transisi kompetensi industri digital ekosistem teknologi,"python, statistika, tableau, sql, excel",not specified,other,"python, statistika, tableau, sql, excel",not specified,profesional statistisi junior pt artha data deskripsi
166,dc5b1074-4c52-4dc8-a79a-436deaf167e4,Siti Santoso,statistisi junior,curriculum vitae ringkas nama siti santoso kontak sitisantosoemailcom riwayat pendidikan universitas airlangga kelulusan 2021 pengalaman profesional statistisi junior pt sentosa hub tbk deskripsi kompetensi memiliki dedikasi menyelesaikan tugastugas analitis teknis keahlian utama miliki terapkan meliputi data visualization python statistika berkomitmen penuh akselerasi karir transisi kompetensi industri digital ekosistem teknologi,"data visualization, python, statistika",not specified,other,"data visualization, python, statistika",not specified,profesional statistisi junior pt sentosa hub tbk
167,75944742-983b-4666-b805-bd3bd94dc4e4,Amalia Prabowo,junior programmer,curriculum vitae ringkas nama amalia prabowo kontak amaliaprabowoemailcom riwayat pendidikan universitas gadjah mada ugm kelulusan 2026 pengalaman profesional junior programmer pt digital sistem deskripsi kompetensi memiliki dedikasi menyelesaikan tugastugas analitis teknis keahlian utama miliki terapkan meliputi postgresql javascript komunikasi git berkomitmen penuh akselerasi karir transisi kompetensi industri digital ekosistem teknologi,"postgresql, javascript, komunikasi, git",not specified,other,"postgresql, javascript, komunikasi, git",not specified,pengalaman profesional junior programmer pt digital sistem
168,f2af3162-68e8-4f4c-9189-2bd4af5c15c3,Amalia Nugroho,statistisi junior,curriculum vitae ringkas nama amalia nugroho kontak amalianugrohoemailcom riwayat pendidikan institut teknologi sepuluh nopember kelulusan 2026 pengalaman profesional statistisi junior pt buana analitika deskripsi kompetensi memiliki dedikasi menyelesaikan tugastugas analitis teknis keahlian utama miliki terapkan meliputi python data visualization tableau excel berkomitmen penuh akselerasi karir transisi kompetensi industri digital ekosistem teknologi,"python, data visualization, tableau, excel",not specified,other,"python, data visualization, tableau, excel",not specified,profesional statistisi junior pt buana analitika deskripsi
169,a21c4bd8-d359-4a29-ba57-a0507008f16c,Jennifer Utomo,junior data analyst,curriculum vitae ringkas nama jennifer utomo kontak jenniferutomoemailcom riwayat pendidikan universitas padjadjaran kelulusan 2023 pengalaman profesional junior data analyst pt nusa analitika deskripsi kompetensi memiliki dedikasi menyelesaikan tugastugas analitis teknis keahlian utama miliki terapkan meliputi python excel data visualization statistika berkomitmen penuh akselerasi karir transisi kompetensi industri digital ekosistem teknologi,"python, excel, data visualization, statistika",not specified,other,"python, excel, data visualization, statistika",not specified,pengalaman profesional junior data analyst pt nusa | junior data analyst pt nusa analitika deskripsi
170,03747f58-fca9-4c6a-81b4-86ecc56dbdbe,Siti Budiman,sales executive,curriculum vitae ringkas nama siti budiman kontak sitibudimanemailcom riwayat pendidikan universitas gadjah mada ugm kelulusan 2025 pengalaman profesional sale executive pt nusa sistem deskripsi kompetensi memiliki dedikasi menyelesaikan tugastugas analitis teknis keahlian utama miliki terapkan meliputi komunikasi agile manajemen berkomitmen penuh akselerasi karir transisi kompetensi industri digital ekosistem teknologi,"komunikasi, agile, manajemen waktu",not specified,other,"komunikasi, agile, manajemen waktu",not specified,not specified
171,dac1b6e8-a137-46fb-b03c-cb8c4ae59dbe,Naufal Nasution,web developer magang,curriculum vitae ringkas nama naufal nasution kontak naufalnasutionemailcom riwayat pendidikan universitas airlangga kelulusan 2021 pengalaman profesional web developer magang pt nusa data tbk deskripsi kompetensi memiliki dedikasi menyelesaikan tugastugas analitis teknis keahlian utama miliki terapkan meliputi htmlcss problem solving javascript komunikasi postgresql berkomitmen penuh akselerasi karir transisi kompetensi industri digital ekosistem teknologi,"html css, problem solving, javascript, komunikasi, postgresql",not specified,other,"html css, problem solving, javascript, komunikasi, postgresql",not specified,profesional web developer magang pt nusa data
172,fc956ef9-612e-4e7f-adc0-a88e688c3c5b,Putri Wijaya,social media specialist,curriculum vitae ringkas nama putri wijaya kontak putriwijayaemailcom riwayat pendidikan universitas telkom kelulusan 2022 pengalaman profesional social medium specialist pt buana digital indonesia tbk deskripsi kompetensi memiliki dedikasi menyelesaikan tugastugas analitis teknis keahlian utama miliki terapkan meliputi adobe illustrator uiux prototyping berkomitmen penuh akselerasi karir transisi kompetensi industri digital ekosistem teknologi,"adobe illustrator, ui ux, prototyping",not specified,other,"adobe illustrator, ui ux, prototyping",not specified,social medium specialist pt buana digital indonesia
173,d4f277e3-0d3d-4746-a1dc-1ac35f30ad50,Ahmad Ramadhan,staf administrasi data,curriculum vitae ringkas nama ahmad ramadhan kontak ahmadramadhanemailcom riwayat pendidikan binus university kelulusan 2021 pengalaman profesional staf administrasi data pt global data deskripsi kompetensi memiliki dedikasi menyelesaikan tugastugas analitis teknis keahlian utama miliki terapkan meliputi data visualization sql python berkomitmen penuh akselerasi karir transisi kompetensi industri digital ekosistem teknologi,"data visualization, sql, python",kontak ahmadramadhanemailcom riwayat pendidikan binus university kelulusan 2021 pengalaman profesional staf,other,"data visualization, sql, python",not specified,not specified
174,178b00e2-4a30-4a88-a0ef-dd2b145650b4,Aditya Nugroho,hr staff,curriculum vitae ringkas nama aditya nugroho kontak adityanugrohoemailcom riwayat pendidikan universitas gadjah mada ugm kelulusan 2026 pengalaman profesional hr staff pt inti teknologi tbk deskripsi kompetensi memiliki dedikasi menyelesaikan tugastugas analitis teknis keahlian utama miliki terapkan meliputi microsoft office agile leadership komunikasi berkomitmen penuh akselerasi karir transisi kompetensi industri digital ekosistem teknologi,"microsoft office, agile, leadership, komunikasi",not specified,other,"microsoft office, agile, leadership, komunikasi",not specified,office agile leadership komunikasi berkomitmen penuh akselerasi
175,275b93b8-1908-4951-83e6-9d5eb1241b68,Agus Sari,web developer magang,curriculum vitae ringkas nama agus sari kontak agussariemailcom riwayat pendidikan universitas telkom kelulusan 2025 pengalaman profesional web developer magang pt tekno software deskripsi kompetensi memiliki dedikasi menyelesaikan tugastugas analitis teknis keahlian utama miliki terapkan meliputi problem solving git komunikasi berkomitmen penuh akselerasi karir transisi kompetensi industri digital ekosistem teknologi,"problem solving, git, komunikasi",not specified,other,"problem solving, git, komunikasi",not specified,profesional web developer magang pt tekno software
176,3f2ac0ea-6aa6-4cb5-8afa-454d56bba746,Agus Siregar,technical writer,curriculum vitae ringkas nama agus siregar kontak agussiregaremailcom riwayat pendidikan universitas airlangga kelulusan 2021 pengalaman profesional technical writer pt medium system deskripsi kompetensi memiliki dedikasi menyelesaikan tugastugas analitis teknis keahlian utama miliki terapkan meliputi postgresql git htmlcss python berkomitmen penuh akselerasi karir transisi kompetensi industri digital ekosistem teknologi,"postgresql, git, html css, python",not specified,other,"postgresql, git, html css, python",pt medium system deskripsi kompetensi memiliki dedikasi menyelesaikan tugastugas analitis,not specified
177,7906f2d7-b350-4a4c-a70a-2a4be4a4ca43,Orell Nasution,hr staff,curriculum vitae ringkas nama orell nasution kontak orellnasutionemailcom riwayat pendidikan institut teknologi sepuluh nopember kelulusan 2024 pengalaman profesional hr staff pt sinergi data deskripsi kompetensi memiliki dedikasi menyelesaikan tugastugas analitis teknis keahlian utama miliki terapkan meliputi microsoft office agile komunikasi manajemen berkomitmen penuh akselerasi karir transisi kompetensi industri digital ekosistem teknologi,"microsoft office, agile, komunikasi, manajemen waktu",not specified,other,"microsoft office, agile, komunikasi, manajemen waktu",not specified,not specified
178,2da4f935-1193-441c-957f-6c9534cf24bf,Hendra Putra,content creator,curriculum vitae ringkas nama hendra putra kontak hendraputraemailcom riwayat pendidikan universitas indonesia ui kelulusan 2024 pengalaman profesional content creator pt pratama hub deskripsi kompetensi memiliki dedikasi menyelesaikan tugastugas analitis teknis keahlian utama miliki terapkan meliputi user research prototyping kreativitas uiux adobe illustrator berkomitmen penuh akselerasi karir transisi kompetensi industri digital ekosistem teknologi,"user research, prototyping, kreativitas, ui ux, adobe illustrator",not specified,other,"user research, prototyping, kreativitas, ui ux, adobe illustrator",not specified,not specified
179,770190f2-d08b-4faf-8a9f-dcac3bf5d688,Fajar Santoso,graphic designer,curriculum vitae ringkas nama fajar santoso kontak fajarsantosoemailcom riwayat pendidikan universitas airlangga kelulusan 2026 pengalaman profesional graphic designer pt maju teknologi tbk deskripsi kompetensi memiliki dedikasi menyelesaikan tugastugas analitis teknis keahlian utama miliki terapkan meliputi kreativitas uiux adobe illustrator figma user research berkomitmen penuh akselerasi karir transisi kompetensi industri digital ekosistem teknologi,"kreativitas, ui ux, adobe illustrator, figma, user research",not specified,other,"kreativitas, ui ux, adobe illustrator, figma, user research",not specified,not specified
180,c9eb2552-99a1-445b-9aa7-42b640f6593f,Bambang Ramadhan,asisten laboratorium komputer,curriculum vitae ringkas nama bambang ramadhan kontak bambangramadhanemailcom riwayat pendidikan universitas telkom kelulusan 2026 pengalaman profesional asisten laboratorium komputer pt sinergi analitika deskripsi kompetensi memiliki dedikasi menyelesaikan tugastugas analitis teknis keahlian utama miliki terapkan meliputi problem solving htmlcss postgresql berkomitmen penuh akselerasi karir transisi kompetensi industri digital ekosistem teknologi,"problem solving, html css, postgresql",not specified,other,"problem solving, html css, postgresql",not specified,not specified
181,d67d7651-f9f2-476c-ac5b-1ede3ee7f04a,Sri Nugroho,it support,curriculum vitae ringkas nama sri nugroho kontak srinugrohoemailcom riwayat pendidikan universitas gadjah mada ugm kelulusan 2023 pengalaman profesional support pt inovasi hub deskripsi kompetensi memiliki dedikasi menyelesaikan tugastugas analitis teknis keahlian utama miliki terapkan meliputi git problem solving htmlcss postgresql python berkomitmen penuh akselerasi karir transisi kompetensi industri digital ekosistem teknologi,"git, problem solving, html css, postgresql, python",not specified,other,"git, problem solving, html css, postgresql, python",not specified,not specified
182,e127f769-4fc3-425c-aee6-f1dfb12f9a38,Jennifer Kurniawan,it support,curriculum vitae ringkas nama jennifer kurniawan kontak jenniferkurniawanemailcom riwayat pendidikan binus university kelulusan 2021 pengalaman profesional support pt tekno software tbk deskripsi kompetensi memiliki dedikasi menyelesaikan tugastugas analitis teknis keahlian utama miliki terapkan meliputi problem solving postgresql javascript git komunikasi berkomitmen penuh akselerasi karir transisi kompetensi industri digital ekosistem teknologi,"problem solving, postgresql, javascript, git, komunikasi",kontak jenniferkurniawanemailcom riwayat pendidikan binus university kelulusan 2021 pengalaman profesional support,other,"problem solving, postgresql, javascript, git, komunikasi",not specified,not specified
183,b32fc44b-b4d0-4321-964e-63c7ba150c94,Deni Putra,project administrator,curriculum vitae ringkas nama deni putra kontak deniputraemailcom riwayat pendidikan universitas gadjah mada ugm kelulusan 2025 pengalaman profesional project administrator pt maju creative tbk deskripsi kompetensi memiliki dedikasi menyelesaikan tugastugas analitis teknis keahlian utama miliki terapkan meliputi komunikasi microsoft office leadership manajemen berkomitmen penuh akselerasi karir transisi kompetensi industri digital ekosistem teknologi,"komunikasi, microsoft office, leadership, manajemen waktu",not specified,other,"komunikasi, microsoft office, leadership, manajemen waktu",pengalaman profesional project administrator pt maju creative tbk deskripsi kompetensi,microsoft office leadership manajemen berkomitmen penuh akselerasi
184,97675abe-e818-4611-bf44-e3760e6df4d3,Andi Nasution,sales executive,curriculum vitae ringkas nama andi nasution kontak andinasutionemailcom riwayat pendidikan universitas telkom kelulusan 2021 pengalaman profesional sale executive pt berjaya software deskripsi kompetensi memiliki dedikasi menyelesaikan tugastugas analitis teknis keahlian utama miliki terapkan meliputi agile komunikasi microsoft office berkomitmen penuh akselerasi karir transisi kompetensi industri digital ekosistem teknologi,"agile, komunikasi, microsoft office",not specified,other,"agile, komunikasi, microsoft office",not specified,not specified
185,c7dc5b6d-8cab-40fe-9f88-55181cac64bb,Ahmad Sitorus,junior programmer,curriculum vitae ringkas nama ahmad sitorus kontak ahmadsitorusemailcom riwayat pendidikan universitas indonesia ui kelulusan 2022 pengalaman profesional junior programmer pt digital hub tbk deskripsi kompetensi memiliki dedikasi menyelesaikan tugastugas analitis teknis keahlian utama miliki terapkan meliputi htmlcss git python postgresql berkomitmen penuh akselerasi karir transisi kompetensi industri digital ekosistem teknologi,"html css, git, python, postgresql",not specified,other,"html css, git, python, postgresql",not specified,pengalaman profesional junior programmer pt digital hub
186,c8a0640d-245d-42c2-9162-20b524d3ffe8,Ahmad Lestari,content creator,curriculum vitae ringkas nama ahmad lestari kontak ahmadlestariemailcom riwayat pendidikan institut teknologi bandung itb kelulusan 2023 pengalaman profesional content creator pt sinergi hub deskripsi kompetensi memiliki dedikasi menyelesaikan tugastugas analitis teknis keahlian utama miliki terapkan meliputi user research uiux kreativitas figma prototyping berkomitmen penuh akselerasi karir transisi kompetensi industri digital ekosistem teknologi,"user research, ui ux, kreativitas, figma, prototyping",not specified,other,"user research, ui ux, kreativitas, figma, prototyping",not specified,not specified
187,fa938c6e-7d03-436d-8706-dce36fe5daae,Yanto Hidayat,fresh graduate matematika,curriculum vitae ringkas nama yanto hidayat kontak yantohidayatemailcom riwayat pendidikan binus university kelulusan 2023 pengalaman profesional fresh graduate matematika pt karya hub deskripsi kompetensi memiliki dedikasi menyelesaikan tugastugas analitis teknis keahlian utama miliki terapkan meliputi tableau data visualization excel berkomitmen penuh akselerasi karir transisi kompetensi industri digital ekosistem teknologi,"tableau, data visualization, excel",kontak yantohidayatemailcom riwayat pendidikan binus university kelulusan 2023 pengalaman profesional fresh,other,"tableau, data visualization, excel",not specified,not specified
188,87103fbe-d44b-4e13-a000-d114558433cb,Jennifer Budiman,junior data analyst,curriculum vitae ringkas nama jennifer budiman kontak jenniferbudimanemailcom riwayat pendidikan universitas telkom kelulusan 2024 pengalaman profesional junior data analyst pt tekno software deskripsi kompetensi memiliki dedikasi menyelesaikan tugastugas analitis teknis keahlian utama miliki terapkan meliputi statistika sql python excel problem solving berkomitmen penuh akselerasi karir transisi kompetensi industri digital ekosistem teknologi,"statistika, sql, python, excel, problem solving",not specified,other,"statistika, sql, python, excel, problem solving",not specified,pengalaman profesional junior data analyst pt tekno | junior data analyst pt tekno software deskripsi
189,b791a38d-4b6b-4ff5-b25e-6e3e8051fa21,Anita Sitorus,staf marketing,curriculum vitae ringkas nama anita sitorus kontak anitasitorusemailcom riwayat pendidikan institut teknologi sepuluh nopember kelulusan 2022 pengalaman profesional staf marketing pt nusantara digital indonesia deskripsi kompetensi memiliki dedikasi menyelesaikan tugastugas analitis teknis keahlian utama miliki terapkan meliputi uiux figma adobe illustrator prototyping berkomitmen penuh akselerasi karir transisi kompetensi industri digital ekosistem teknologi,"ui ux, figma, adobe illustrator, prototyping",curriculum vitae ringkas nama anita sitorus kontak anitasitorusemailcom riwayat pendidikan | ringkas nama anita sitorus kontak anitasitorusemailcom riwayat pendidikan institut teknologi sepuluh,other,"ui ux, figma, adobe illustrator, prototyping",not specified,not specified
190,8b16a37f-a5c8-4e0a-b522-ba902f7f6392,Taufik Lestari,social media specialist,curriculum vitae ringkas nama taufik lestari kontak taufiklestariemailcom riwayat pendidikan universitas telkom kelulusan 2022 pengalaman profesional social medium specialist pt global data tbk deskripsi kompetensi memiliki dedikasi menyelesaikan tugastugas analitis teknis keahlian utama miliki terapkan meliputi kreativitas figma user research berkomitmen penuh akselerasi karir transisi kompetensi industri digital ekosistem teknologi,"kreativitas, figma, user research",not specified,other,"kreativitas, figma, user research",not specified,social medium specialist pt global data tbk
191,5cd8e490-765c-43ad-ae39-1c4da35c89c3,Siti Santoso,business development intern,curriculum vitae ringkas nama siti santoso kontak sitisantosoemailcom riwayat pendidikan binus university kelulusan 2023 pengalaman profesional business development intern pt sinergi sistem deskripsi kompetensi memiliki dedikasi menyelesaikan tugastugas analitis teknis keahlian utama miliki terapkan meliputi microsoft office leadership agile manajemen berkomitmen penuh akselerasi karir transisi kompetensi industri digital ekosistem teknologi,"microsoft office, leadership, agile, manajemen waktu",kontak sitisantosoemailcom riwayat pendidikan binus university kelulusan 2023 pengalaman profesional business,business,"microsoft office, leadership, agile, manajemen waktu",not specified,business development intern pt sinergi sistem deskripsi | microsoft office leadership agile manajemen berkomitmen penuh
192,92307e93-6bf5-40cf-a1d5-ba21ef4c15bb,Sri Gunawan,statistisi junior,curriculum vitae ringkas nama sri gunawan kontak srigunawanemailcom riwayat pendidikan universitas indonesia ui kelulusan 2023 pengalaman profesional statistisi junior pt berjaya system deskripsi kompetensi memiliki dedikasi menyelesaikan tugastugas analitis teknis keahlian utama miliki terapkan meliputi excel sql problem solving berkomitmen penuh akselerasi karir transisi kompetensi industri digital ekosistem teknologi,"excel, sql, problem solving",not specified,other,"excel, sql, problem solving",pt berjaya system deskripsi kompetensi memiliki dedikasi menyelesaikan tugastugas analitis,profesional statistisi junior pt berjaya system deskripsi
193,50d7a36a-2d08-4da8-bc81-6db451e6bfb4,Rizky Ramadhan,web developer magang,curriculum vitae ringkas nama rizky ramadhan kontak rizkyramadhanemailcom riwayat pendidikan binus university kelulusan 2025 pengalaman profesional web developer magang pt artha system deskripsi kompetensi memiliki dedikasi menyelesaikan tugastugas analitis teknis keahlian utama miliki terapkan meliputi komunikasi javascript git problem solving htmlcss berkomitmen penuh akselerasi karir transisi kompetensi industri digital ekosistem teknologi,"komunikasi, javascript, git, problem solving, html css",kontak rizkyramadhanemailcom riwayat pendidikan binus university kelulusan 2025 pengalaman profesional web,other,"komunikasi, javascript, git, problem solving, html css",pt artha system deskripsi kompetensi memiliki dedikasi menyelesaikan tugastugas analitis,profesional web developer magang pt artha system
194,bd2cc9d3-b9e1-48f6-aadf-6480f198f9c9,Rizky Setiawan,technical writer,curriculum vitae ringkas nama rizky setiawan kontak rizkysetiawanemailcom riwayat pendidikan binus university kelulusan 2024 pengalaman profesional technical writer pt solusi system tbk deskripsi kompetensi memiliki dedikasi menyelesaikan tugastugas analitis teknis keahlian utama miliki terapkan meliputi python komunikasi javascript berkomitmen penuh akselerasi karir transisi kompetensi industri digital ekosistem teknologi,"python, komunikasi, javascript",kontak rizkysetiawanemailcom riwayat pendidikan binus university kelulusan 2024 pengalaman profesional technical,other,"python, komunikasi, javascript",pt solusi system tbk deskripsi kompetensi memiliki dedikasi menyelesaikan tugastugas,not specified
195,bec31136-a3ae-4a2f-bb16-a40571c3f761,Putri Nasution,junior programmer,curriculum vitae ringkas nama putri nasution kontak putrinasutionemailcom riwayat pendidikan universitas airlangga kelulusan 2024 pengalaman profesional junior programmer pt karya system deskripsi kompetensi memiliki dedikasi menyelesaikan tugastugas analitis teknis keahlian utama miliki terapkan meliputi python problem solving git javascript postgresql berkomitmen penuh akselerasi karir transisi kompetensi industri digital ekosistem teknologi,"python, problem solving, git, javascript, postgresql",not specified,other,"python, problem solving, git, javascript, postgresql",pt karya system deskripsi kompetensi memiliki dedikasi menyelesaikan tugastugas analitis,pengalaman profesional junior programmer pt karya system
196,03757344-6af9-41c3-a249-7025b4918b30,Anita Wijaya,staf administrasi data,curriculum vitae ringkas nama anita wijaya kontak anitawijayaemailcom riwayat pendidikan binus university kelulusan 2025 pengalaman profesional staf administrasi data pt nusa software tbk deskripsi kompetensi memiliki dedikasi menyelesaikan tugastugas analitis teknis keahlian utama miliki terapkan meliputi problem solving sql excel python tableau berkomitmen penuh akselerasi karir transisi kompetensi industri digital ekosistem teknologi,"problem solving, sql, excel, python, tableau",kontak anitawijayaemailcom riwayat pendidikan binus university kelulusan 2025 pengalaman profesional staf | curriculum vitae ringkas nama anita wijaya kontak anitawijayaemailcom riwayat pendidikan | ringkas nama anita wijaya kontak anitawijayaemailcom riwayat pendidikan binus university kelulusan,other,"problem solving, sql, excel, python, tableau",not specified,not specified
197,74516a17-b4d8-490c-b525-22f4e5403796,Rizky Utomo,staf administrasi data,curriculum vitae ringkas nama rizky utomo kontak rizkyutomoemailcom riwayat pendidikan universitas indonesia ui kelulusan 2026 pengalaman profesional staf administrasi data pt buana hub deskripsi kompetensi memiliki dedikasi menyelesaikan tugastugas analitis teknis keahlian utama miliki terapkan meliputi sql tableau data visualization berkomitmen penuh akselerasi karir transisi kompetensi industri digital ekosistem teknologi,"sql, tableau, data visualization",not specified,other,"sql, tableau, data visualization",not specified,not specified
198,fa2194f3-045b-44dd-be77-e5aa06e30ade,Putri Nugroho,project administrator,curriculum vitae ringkas nama putri nugroho kontak putrinugrohoemailcom riwayat pendidikan institut teknologi sepuluh nopember kelulusan 2022 pengalaman profesional project administrator pt maju cloud deskripsi kompetensi memiliki dedikasi menyelesaikan tugastugas analitis teknis keahlian utama miliki terapkan meliputi negosiasi leadership microsoft office berkomitmen penuh akselerasi karir transisi kompetensi industri digital ekosistem teknologi,"negosiasi, leadership, microsoft office",not specified,other,"negosiasi, leadership, microsoft office",pengalaman profesional project administrator pt maju cloud deskripsi kompetensi memiliki,meliputi negosiasi leadership microsoft office berkomitmen penuh
199,2766b2a0-0f40-417c-9a1d-fa30bcff8472,Yanto Hidayat,ui designer magang,curriculum vitae ringkas nama yanto hidayat kontak yantohidayatemailcom riwayat pendidikan universitas airlangga kelulusan 2026 pengalaman profesional ui designer magang pt inovasi analitika deskripsi kompetensi memiliki dedikasi menyelesaikan tugastugas analitis teknis keahlian utama miliki terapkan meliputi user research figma adobe illustrator berkomitmen penuh akselerasi karir transisi kompetensi industri digital ekosistem teknologi,"user research, figma, adobe illustrator",not specified,other,"user research, figma, adobe illustrator",not specified,not specified
200,349cc7f3-29e5-4db2-8062-e7666cfc20b1,Jennifer Lestari,staf administrasi data,curriculum vitae ringkas nama jennifer lestari kontak jenniferlestariemailcom riwayat pendidikan institut teknologi sepuluh nopember kelulusan 2023 pengalaman profesional staf administrasi data pt sentosa data deskripsi kompetensi memiliki dedikasi menyelesaikan tugastugas analitis teknis keahlian utama miliki terapkan meliputi python data visualization statistika berkomitmen penuh akselerasi karir transisi kompetensi industri digital ekosistem teknologi,"python, data visualization, statistika",not specified,other,"python, data visualization, statistika",not specified,not specified
201,7c354e0b-26ab-42d1-82c9-a69ed0d5e007,Agus Putri,fresh graduate matematika,curriculum vitae ringkas nama agus putri kontak agusputriemailcom riwayat pendidikan universitas gadjah mada ugm kelulusan 2025 pengalaman profesional fresh graduate matematika pt digital software deskripsi kompetensi memiliki dedikasi menyelesaikan tugastugas analitis teknis keahlian utama miliki terapkan meliputi problem solving excel data visualization statistika tableau berkomitmen penuh akselerasi karir transisi kompetensi industri digital ekosistem teknologi,"problem solving, excel, data visualization, statistika, tableau",not specified,other,"problem solving, excel, data visualization, statistika, tableau",not specified,not specified
202,ebee5ebc-109e-447a-8bf3-2cea107e3cf1,Siti Lestari,ui designer magang,curriculum vitae ringkas nama siti lestari kontak sitilestariemailcom riwayat pendidikan institut teknologi bandung itb kelulusan 2024 pengalaman profesional ui designer magang pt nusantara hub deskripsi kompetensi memiliki dedikasi menyelesaikan tugastugas analitis teknis keahlian utama miliki terapkan meliputi kreativitas figma prototyping user research berkomitmen penuh akselerasi karir transisi kompetensi industri digital ekosistem teknologi,"kreativitas, figma, prototyping, user research",not specified,other,"kreativitas, figma, prototyping, user research",not specified,not specified
203,f58af268-e6ad-4cfd-9362-7395c720bb31,Hendra Nasution,business development intern,curriculum vitae ringkas nama hendra nasution kontak hendranasutionemailcom riwayat pendidikan binus university kelulusan 2023 pengalaman profesional business development intern pt global software deskripsi kompetensi memiliki dedikasi menyelesaikan tugastugas analitis teknis keahlian utama miliki terapkan meliputi komunikasi negosiasi microsoft office berkomitmen penuh akselerasi karir transisi kompetensi industri digital ekosistem teknologi,"komunikasi, negosiasi, microsoft office",kontak hendranasutionemailcom riwayat pendidikan binus university kelulusan 2023 pengalaman profesional business,business,"komunikasi, negosiasi, microsoft office",not specified,business development intern pt global software deskripsi
204,4bd86b2f-79a5-4539-8f23-17bae4f0db79,Rina Santoso,hr staff,curriculum vitae ringkas nama rina santoso kontak rinasantosoemailcom riwayat pendidikan institut teknologi bandung itb kelulusan 2021 pengalaman profesional hr staff pt inti data deskripsi kompetensi memiliki dedikasi menyelesaikan tugastugas analitis teknis keahlian utama miliki terapkan meliputi manajemen leadership agile berkomitmen penuh akselerasi karir transisi kompetensi industri digital ekosistem teknologi,"manajemen waktu, leadership, agile",not specified,other,"manajemen waktu, leadership, agile",not specified,meliputi manajemen leadership agile berkomitmen penuh akselerasi
205,ba18ab65-5d21-43f5-82ae-2e0846712e36,Deni Wijaya,sales executive,curriculum vitae ringkas nama deni wijaya kontak deniwijayaemailcom riwayat pendidikan institut teknologi sepuluh nopember kelulusan 2026 pengalaman profesional sale executive pt utama cloud deskripsi kompetensi memiliki dedikasi menyelesaikan tugastugas analitis teknis keahlian utama miliki terapkan meliputi komunikasi leadership negosiasi agile microsoft office berkomitmen penuh akselerasi karir transisi kompetensi industri digital ekosistem teknologi,"komunikasi, leadership, negosiasi, agile, microsoft office",not specified,other,"komunikasi, leadership, negosiasi, agile, microsoft office",not specified,meliputi komunikasi leadership negosiasi agile microsoft office
206,671feb77-36fd-43c6-a684-ed9b84245dbb,Taufik Putra,content creator,curriculum vitae ringkas nama taufik putra kontak taufikputraemailcom riwayat pendidikan institut teknologi bandung itb kelulusan 2022 pengalaman profesional content creator pt sinergi creative deskripsi kompetensi memiliki dedikasi menyelesaikan tugastugas analitis teknis keahlian utama miliki terapkan meliputi figma adobe illustrator prototyping user research kreativitas berkomitmen penuh akselerasi karir transisi kompetensi industri digital ekosistem teknologi,"figma, adobe illustrator, prototyping, user research, kreativitas",not specified,other,"figma, adobe illustrator, prototyping, user research, kreativitas",not specified,not specified
207,b3784974-8c43-447d-8e93-0462cabe1e3d,Orell Budiman,sales executive,curriculum vitae ringkas nama orell budiman kontak orellbudimanemailcom riwayat pendidikan universitas padjadjaran kelulusan 2026 pengalaman profesional sale executive pt nusantara digital indonesia tbk deskripsi kompetensi memiliki dedikasi menyelesaikan tugastugas analitis teknis keahlian utama miliki terapkan meliputi leadership negosiasi microsoft office berkomitmen penuh akselerasi karir transisi kompetensi industri digital ekosistem teknologi,"leadership, negosiasi, microsoft office",not specified,other,"leadership, negosiasi, microsoft office",not specified,terapkan meliputi leadership negosiasi microsoft office berkomitmen
208,840ac4d8-1696-4669-bec0-2fa06f1ca98e,Fikran Budiman,content creator,curriculum vitae ringkas nama fikran budiman kontak fikranbudimanemailcom riwayat pendidikan universitas airlangga kelulusan 2022 pengalaman profesional content creator pt nusantara creative deskripsi kompetensi memiliki dedikasi menyelesaikan tugastugas analitis teknis keahlian utama miliki terapkan meliputi adobe illustrator figma user research kreativitas berkomitmen penuh akselerasi karir transisi kompetensi industri digital ekosistem teknologi,"adobe illustrator, figma, user research, kreativitas",not specified,other,"adobe illustrator, figma, user research, kreativitas",not specified,not specified
209,3e3a4ded-5fb5-4168-ac30-1456bc22d214,Agus Nasution,social media specialist,curriculum vitae ringkas nama agus nasution kontak agusnasutionemailcom riwayat pendidikan universitas padjadjaran kelulusan 2025 pengalaman profesional social medium specialist pt maju digital indonesia deskripsi kompetensi memiliki dedikasi menyelesaikan tugastugas analitis teknis keahlian utama miliki terapkan meliputi prototyping adobe illustrator kreativitas berkomitmen penuh akselerasi karir transisi kompetensi industri digital ekosistem teknologi,"prototyping, adobe illustrator, kreativitas",not specified,other,"prototyping, adobe illustrator, kreativitas",not specified,social medium specialist pt maju digital indonesia
210,92afe983-dc05-4a37-b693-e7aad66e343f,Rian Nugroho,junior programmer,curriculum vitae ringkas nama rian nugroho kontak riannugrohoemailcom riwayat pendidikan universitas airlangga kelulusan 2026 pengalaman profesional junior programmer pt buana cloud deskripsi kompetensi memiliki dedikasi menyelesaikan tugastugas analitis teknis keahlian utama miliki terapkan meliputi postgresql htmlcss javascript problem solving git berkomitmen penuh akselerasi karir transisi kompetensi industri digital ekosistem teknologi,"postgresql, html css, javascript, problem solving, git",not specified,other,"postgresql, html css, javascript, problem solving, git",not specified,pengalaman profesional junior programmer pt buana cloud
211,a13d8a8f-aefe-464a-b541-8f210e0f6110,Siti Ramadhan,asisten peneliti,curriculum vitae ringkas nama siti ramadhan kontak sitiramadhanemailcom riwayat pendidikan universitas padjadjaran kelulusan 2025 pengalaman profesional asisten peneliti pt pratama system deskripsi kompetensi memiliki dedikasi menyelesaikan tugastugas analitis teknis keahlian utama miliki terapkan meliputi problem solving statistika python berkomitmen penuh akselerasi karir transisi kompetensi industri digital ekosistem teknologi,"problem solving, statistika, python",not specified,other,"problem solving, statistika, python",pt pratama system deskripsi kompetensi memiliki dedikasi menyelesaikan tugastugas analitis,not specified
212,e80d2d06-58a3-43b6-b8a0-2751e1e0c743,Hendra Nugroho,junior data analyst,curriculum vitae ringkas nama hendra nugroho kontak hendranugrohoemailcom riwayat pendidikan universitas indonesia ui kelulusan 2024 pengalaman profesional junior data analyst pt nusantara sistem deskripsi kompetensi memiliki dedikasi menyelesaikan tugastugas analitis teknis keahlian utama miliki terapkan meliputi data visualization tableau sql berkomitmen penuh akselerasi karir transisi kompetensi industri digital ekosistem teknologi,"data visualization, tableau, sql",not specified,other,"data visualization, tableau, sql",not specified,pengalaman profesional junior data analyst pt nusantara | junior data analyst pt nusantara sistem deskripsi
213,f54178a1-c472-4714-ab0c-f1cde0d3eb7b,Yanto Putri,ui designer magang,curriculum vitae ringkas nama yanto putri kontak yantoputriemailcom riwayat pendidikan universitas gadjah mada ugm kelulusan 2022 pengalaman profesional ui designer magang pt berjaya digital indonesia deskripsi kompetensi memiliki dedikasi menyelesaikan tugastugas analitis teknis keahlian utama miliki terapkan meliputi uiux prototyping adobe illustrator figma user research berkomitmen penuh akselerasi karir transisi kompetensi industri digital ekosistem teknologi,"ui ux, prototyping, adobe illustrator, figma, user research",not specified,other,"ui ux, prototyping, adobe illustrator, figma, user research",not specified,not specified
214,51577ed4-18c3-4bb2-bb62-27750246f50a,Sri Nugroho,social media specialist,curriculum vitae ringkas nama sri nugroho kontak srinugrohoemailcom riwayat pendidikan binus university kelulusan 2024 pengalaman profesional social medium specialist pt sentosa digital indonesia tbk deskripsi kompetensi memiliki dedikasi menyelesaikan tugastugas analitis teknis keahlian utama miliki terapkan meliputi adobe illustrator kreativitas prototyping berkomitmen penuh akselerasi karir transisi kompetensi industri digital ekosistem teknologi,"adobe illustrator, kreativitas, prototyping",kontak srinugrohoemailcom riwayat pendidikan binus university kelulusan 2024 pengalaman profesional social,other,"adobe illustrator, kreativitas, prototyping",not specified,social medium specialist pt sentosa digital indonesia
215,8fb727fe-7b3d-42d1-9dc9-115bb1444c5a,Aditya Putri,staf marketing,curriculum vitae ringkas nama aditya putri kontak adityaputriemailcom riwayat pendidikan universitas padjadjaran kelulusan 2023 pengalaman profesional staf marketing pt medium digital indonesia deskripsi kompetensi memiliki dedikasi menyelesaikan tugastugas analitis teknis keahlian utama miliki terapkan meliputi user research kreativitas prototyping berkomitmen penuh akselerasi karir transisi kompetensi industri digital ekosistem teknologi,"user research, kreativitas, prototyping",not specified,other,"user research, kreativitas, prototyping",not specified,not specified
216,37cd76cb-d24a-49d7-b74d-96032d913c61,Yanto Wijaya,web developer magang,curriculum vitae ringkas nama yanto wijaya kontak yantowijayaemailcom riwayat pendidikan universitas indonesia ui kelulusan 2021 pengalaman profesional web developer magang pt nusa digital indonesia deskripsi kompetensi memiliki dedikasi menyelesaikan tugastugas analitis teknis keahlian utama miliki terapkan meliputi problem solving git javascript postgresql berkomitmen penuh akselerasi karir transisi kompetensi industri digital ekosistem teknologi,"problem solving, git, javascript, postgresql",not specified,other,"problem solving, git, javascript, postgresql",not specified,profesional web developer magang pt nusa digital
217,b772f7b0-761c-499c-a74c-7ddbfc8602ea,Bagus Ramadhan,staf marketing,curriculum vitae ringkas nama bagus ramadhan kontak bagusramadhanemailcom riwayat pendidikan institut teknologi sepuluh nopember kelulusan 2022 pengalaman profesional staf marketing pt artha hub deskripsi kompetensi memiliki dedikasi menyelesaikan tugastugas analitis teknis keahlian utama miliki terapkan meliputi figma uiux prototyping kreativitas adobe illustrator berkomitmen penuh akselerasi karir transisi kompetensi industri digital ekosistem teknologi,"figma, ui ux, prototyping, kreativitas, adobe illustrator",not specified,other,"figma, ui ux, prototyping, kreativitas, adobe illustrator",not specified,not specified
218,b000d228-d0d3-4aa4-a038-8a20ad6781be,Fikran Putri,fresh graduate matematika,curriculum vitae ringkas nama fikran putri kontak fikranputriemailcom riwayat pendidikan institut teknologi bandung itb kelulusan 2023 pengalaman profesional fresh graduate matematika pt sinergi hub deskripsi kompetensi memiliki dedikasi menyelesaikan tugastugas analitis teknis keahlian utama miliki terapkan meliputi excel statistika python data visualization berkomitmen penuh akselerasi karir transisi kompetensi industri digital ekosistem teknologi,"excel, statistika, python, data visualization",not specified,other,"excel, statistika, python, data visualization",not specified,not specified
219,92e100ed-75c7-46d8-bbaf-88854e58b7ae,Orell Setiawan,technical writer,curriculum vitae ringkas nama orell setiawan kontak orellsetiawanemailcom riwayat pendidikan universitas airlangga kelulusan 2026 pengalaman profesional technical writer pt utama analitika deskripsi kompetensi memiliki dedikasi menyelesaikan tugastugas analitis teknis keahlian utama miliki terapkan meliputi git komunikasi javascript postgresql berkomitmen penuh akselerasi karir transisi kompetensi industri digital ekosistem teknologi,"git, komunikasi, javascript, postgresql",not specified,other,"git, komunikasi, javascript, postgresql",not specified,not specified
220,1cddad31-c2ec-4a72-8be2-3e64c637d367,Rina Putri,technical writer,curriculum vitae ringkas nama rina putri kontak rinaputriemailcom riwayat pendidikan institut teknologi bandung itb kelulusan 2025 pengalaman profesional technical writer pt global creative deskripsi kompetensi memiliki dedikasi menyelesaikan tugastugas analitis teknis keahlian utama miliki terapkan meliputi python git javascript berkomitmen penuh akselerasi karir transisi kompetensi industri digital ekosistem teknologi,"python, git, javascript",not specified,other,"python, git, javascript",not specified,not specified
221,cca9fd50-86b5-439c-a382-dcbe390769af,Fikran Lestari,graphic designer,curriculum vitae ringkas nama fikran lestari kontak fikranlestariemailcom riwayat pendidikan universitas padjadjaran kelulusan 2022 pengalaman profesional graphic designer pt citra teknologi deskripsi kompetensi memiliki dedikasi menyelesaikan tugastugas analitis teknis keahlian utama miliki terapkan meliputi kreativitas adobe illustrator uiux user research berkomitmen penuh akselerasi karir transisi kompetensi industri digital ekosistem teknologi,"kreativitas, adobe illustrator, ui ux, user research",not specified,other,"kreativitas, adobe illustrator, ui ux, user research",not specified,not specified
222,8b343059-a7a7-4d92-9e74-57d72f49bf35,Anita Ramadhan,hr staff,curriculum vitae ringkas nama anita ramadhan kontak anitaramadhanemailcom riwayat pendidikan universitas airlangga kelulusan 2025 pengalaman profesional hr staff pt sinergi creative deskripsi kompetensi memiliki dedikasi menyelesaikan tugastugas analitis teknis keahlian utama miliki terapkan meliputi agile manajemen komunikasi berkomitmen penuh akselerasi karir transisi kompetensi industri digital ekosistem teknologi,"agile, manajemen waktu, komunikasi",curriculum vitae ringkas nama anita ramadhan kontak anitaramadhanemailcom riwayat pendidikan | ringkas nama anita ramadhan kontak anitaramadhanemailcom riwayat pendidikan universitas airlangga kelulusan,other,"agile, manajemen waktu, komunikasi",not specified,not specified
223,837b52ee-bbd9-43f6-8d74-941073312ae2,Fajar Gunawan,business development intern,curriculum vitae ringkas nama fajar gunawan kontak fajargunawanemailcom riwayat pendidikan universitas padjadjaran kelulusan 2026 pengalaman profesional business development intern pt karya creative deskripsi kompetensi memiliki dedikasi menyelesaikan tugastugas analitis teknis keahlian utama miliki terapkan meliputi negosiasi manajemen komunikasi leadership agile berkomitmen penuh akselerasi karir transisi kompetensi industri digital ekosistem teknologi,"negosiasi, manajemen waktu, komunikasi, leadership, agile",not specified,business,"negosiasi, manajemen waktu, komunikasi, leadership, agile",not specified,business development intern pt karya creative deskripsi | manajemen komunikasi leadership agile berkomitmen penuh akselerasi
224,c300ea90-2a8c-404d-82f2-c7a2ee9feade,Rian Nasution,content creator,curriculum vitae ringkas nama rian nasution kontak riannasutionemailcom riwayat pendidikan universitas gadjah mada ugm kelulusan 2021 pengalaman profesional content creator pt utama teknologi deskripsi kompetensi memiliki dedikasi menyelesaikan tugastugas analitis teknis keahlian utama miliki terapkan meliputi user research prototyping kreativitas figma berkomitmen penuh akselerasi karir transisi kompetensi industri digital ekosistem teknologi,"user research, prototyping, kreativitas, figma",not specified,other,"user research, prototyping, kreativitas, figma",not specified,not specified
225,a5290609-036e-4f3f-8a53-0bcabac77e82,Sri Saputra,junior data analyst,curriculum vitae ringkas nama sri saputra kontak srisaputraemailcom riwayat pendidikan universitas telkom kelulusan 2025 pengalaman profesional junior data analyst pt citra hub deskripsi kompetensi memiliki dedikasi menyelesaikan tugastugas analitis teknis keahlian utama miliki terapkan meliputi excel problem solving data visualization statistika berkomitmen penuh akselerasi karir transisi kompetensi industri digital ekosistem teknologi,"excel, problem solving, data visualization, statistika",not specified,other,"excel, problem solving, data visualization, statistika",not specified,pengalaman profesional junior data analyst pt citra | junior data analyst pt citra hub deskripsi
226,a675abe7-1746-4333-82f0-b478b93a9b85,Amalia Lestari,sales executive,curriculum vitae ringkas nama amalia lestari kontak amalialestariemailcom riwayat pendidikan binus university kelulusan 2022 pengalaman profesional sale executive pt nusa digital indonesia deskripsi kompetensi memiliki dedikasi menyelesaikan tugastugas analitis teknis keahlian utama miliki terapkan meliputi komunikasi microsoft office agile berkomitmen penuh akselerasi karir transisi kompetensi industri digital ekosistem teknologi,"komunikasi, microsoft office, agile",kontak amalialestariemailcom riwayat pendidikan binus university kelulusan 2022 pengalaman profesional sale,other,"komunikasi, microsoft office, agile",not specified,not specified
227,205e6970-45a7-4920-917c-b7c242314d14,Naufal Lestari,ui designer magang,curriculum vitae ringkas nama naufal lestari kontak naufallestariemailcom riwayat pendidikan binus university kelulusan 2026 pengalaman profesional ui designer magang pt buana digital indonesia deskripsi kompetensi memiliki dedikasi menyelesaikan tugastugas analitis teknis keahlian utama miliki terapkan meliputi user research adobe illustrator figma uiux berkomitmen penuh akselerasi karir transisi kompetensi industri digital ekosistem teknologi,"user research, adobe illustrator, figma, ui ux",kontak naufallestariemailcom riwayat pendidikan binus university kelulusan 2026 pengalaman profesional ui,other,"user research, adobe illustrator, figma, ui ux",not specified,not specified
228,ac0b6958-ba64-409a-b07b-48b911f7c6a5,Amalia Putra,technical writer,curriculum vitae ringkas nama amalia putra kontak amaliaputraemailcom riwayat pendidikan universitas telkom kelulusan 2026 pengalaman profesional technical writer pt berjaya analitika tbk deskripsi kompetensi memiliki dedikasi menyelesaikan tugastugas analitis teknis keahlian utama miliki terapkan meliputi komunikasi postgresql problem solving python berkomitmen penuh akselerasi karir transisi kompetensi industri digital ekosistem teknologi,"komunikasi, postgresql, problem solving, python",not specified,other,"komunikasi, postgresql, problem solving, python",not specified,not specified
229,cc750c2c-582a-492a-be6d-bffef5a01a71,Fajar Putra,it support,curriculum vitae ringkas nama fajar putra kontak fajarputraemailcom riwayat pendidikan institut teknologi sepuluh nopember kelulusan 2026 pengalaman profesional support pt utama cloud tbk deskripsi kompetensi memiliki dedikasi menyelesaikan tugastugas analitis teknis keahlian utama miliki terapkan meliputi problem solving komunikasi python berkomitmen penuh akselerasi karir transisi kompetensi industri digital ekosistem teknologi,"problem solving, komunikasi, python",not specified,other,"problem solving, komunikasi, python",not specified,not specified
230,b3d92386-4745-4f0b-8886-07137d09e297,Budi Wijaya,social media specialist,curriculum vitae ringkas nama budi wijaya kontak budiwijayaemailcom riwayat pendidikan universitas telkom kelulusan 2026 pengalaman profesional social medium specialist pt buana teknologi deskripsi kompetensi memiliki dedikasi menyelesaikan tugastugas analitis teknis keahlian utama miliki terapkan meliputi figma prototyping adobe illustrator berkomitmen penuh akselerasi karir transisi kompetensi industri digital ekosistem teknologi,"figma, prototyping, adobe illustrator",not specified,other,"figma, prototyping, adobe illustrator",not specified,social medium specialist pt buana teknologi deskripsi
231,66c80761-c970-4368-8b3f-57daa6005898,Deni Susanto,junior programmer,curriculum vitae ringkas nama deni susanto kontak denisusantoemailcom riwayat pendidikan universitas padjadjaran kelulusan 2024 pengalaman profesional junior programmer pt citra data deskripsi kompetensi memiliki dedikasi menyelesaikan tugastugas analitis teknis keahlian utama miliki terapkan meliputi problem solving python javascript git berkomitmen penuh akselerasi karir transisi kompetensi industri digital ekosistem teknologi,"problem solving, python, javascript, git",not specified,other,"problem solving, python, javascript, git",not specified,pengalaman profesional junior programmer pt citra data
232,792de7d9-c1b1-4d5a-9833-3e752898092e,Velicia Setiawan,technical writer,curriculum vitae ringkas nama velicia setiawan kontak veliciasetiawanemailcom riwayat pendidikan universitas gadjah mada ugm kelulusan 2024 pengalaman profesional technical writer pt tekno data deskripsi kompetensi memiliki dedikasi menyelesaikan tugastugas analitis teknis keahlian utama miliki terapkan meliputi postgresql git problem solving berkomitmen penuh akselerasi karir transisi kompetensi industri digital ekosistem teknologi,"postgresql, git, problem solving",not specified,other,"postgresql, git, problem solving",not specified,not specified
233,032a074e-6019-4f36-ac5b-377198bc0356,Siti Budiman,sales executive,curriculum vitae ringkas nama siti budiman kontak sitibudimanemailcom riwayat pendidikan universitas telkom kelulusan 2023 pengalaman profesional sale executive pt lancar data deskripsi kompetensi memiliki dedikasi menyelesaikan tugastugas analitis teknis keahlian utama miliki terapkan meliputi negosiasi leadership microsoft office berkomitmen penuh akselerasi karir transisi kompetensi industri digital ekosistem teknologi,"negosiasi, leadership, microsoft office",not specified,other,"negosiasi, leadership, microsoft office",not specified,meliputi negosiasi leadership microsoft office berkomitmen penuh
234,42d8efa2-4f09-4001-bf73-b336217e51b3,Putri Putra,junior programmer,curriculum vitae ringkas nama putri putra kontak putriputraemailcom riwayat pendidikan universitas telkom kelulusan 2025 pengalaman profesional junior programmer pt utama teknologi deskripsi kompetensi memiliki dedikasi menyelesaikan tugastugas analitis teknis keahlian utama miliki terapkan meliputi python postgresql komunikasi berkomitmen penuh akselerasi karir transisi kompetensi industri digital ekosistem teknologi,"python, postgresql, komunikasi",not specified,other,"python, postgresql, komunikasi",not specified,pengalaman profesional junior programmer pt utama teknologi
235,73261553-a0f4-4975-aab2-858fd052bf9c,Orell Wijaya,asisten laboratorium komputer,curriculum vitae ringkas nama orell wijaya kontak orellwijayaemailcom riwayat pendidikan institut teknologi bandung itb kelulusan 2026 pengalaman profesional asisten laboratorium komputer pt maju digital indonesia deskripsi kompetensi memiliki dedikasi menyelesaikan tugastugas analitis teknis keahlian utama miliki terapkan meliputi postgresql python komunikasi problem solving htmlcss berkomitmen penuh akselerasi karir transisi kompetensi industri digital ekosistem teknologi,"postgresql, python, komunikasi, problem solving, html css",not specified,other,"postgresql, python, komunikasi, problem solving, html css",not specified,not specified
236,5e7f450a-1659-45ae-a829-57b9a218080f,Ahmad Nasution,it support,curriculum vitae ringkas nama ahmad nasution kontak ahmadnasutionemailcom riwayat pendidikan binus university kelulusan 2024 pengalaman profesional support pt berjaya cloud tbk deskripsi kompetensi memiliki dedikasi menyelesaikan tugastugas analitis teknis keahlian utama miliki terapkan meliputi javascript htmlcss komunikasi python berkomitmen penuh akselerasi karir transisi kompetensi industri digital ekosistem teknologi,"javascript, html css, komunikasi, python",kontak ahmadnasutionemailcom riwayat pendidikan binus university kelulusan 2024 pengalaman profesional support,other,"javascript, html css, komunikasi, python",not specified,not specified
237,e7fee89c-7237-44d0-a4b2-cfc98dfcbea6,Eko Kurniawan,junior data analyst,curriculum vitae ringkas nama eko kurniawan kontak ekokurniawanemailcom riwayat pendidikan institut teknologi sepuluh nopember kelulusan 2021 pengalaman profesional junior data analyst pt solusi data deskripsi kompetensi memiliki dedikasi menyelesaikan tugastugas analitis teknis keahlian utama miliki terapkan meliputi python data visualization statistika sql tableau berkomitmen penuh akselerasi karir transisi kompetensi industri digital ekosistem teknologi,"python, data visualization, statistika, sql, tableau",not specified,other,"python, data visualization, statistika, sql, tableau",not specified,pengalaman profesional junior data analyst pt solusi | junior data analyst pt solusi data deskripsi
238,c6fce015-6a43-41d3-8621-518d5bee1093,Fikran Utomo,web developer magang,curriculum vitae ringkas nama fikran utomo kontak fikranutomoemailcom riwayat pendidikan universitas indonesia ui kelulusan 2025 pengalaman profesional web developer magang pt inti analitika tbk deskripsi kompetensi memiliki dedikasi menyelesaikan tugastugas analitis teknis keahlian utama miliki terapkan meliputi python htmlcss komunikasi git postgresql berkomitmen penuh akselerasi karir transisi kompetensi industri digital ekosistem teknologi,"python, html css, komunikasi, git, postgresql",not specified,other,"python, html css, komunikasi, git, postgresql",not specified,profesional web developer magang pt inti analitika
239,5111b735-ba53-47ca-b3e5-b704fbafe56d,Velicia Budiman,ui designer magang,curriculum vitae ringkas nama velicia budiman kontak veliciabudimanemailcom riwayat pendidikan universitas telkom kelulusan 2021 pengalaman profesional ui designer magang pt inovasi digital indonesia deskripsi kompetensi memiliki dedikasi menyelesaikan tugastugas analitis teknis keahlian utama miliki terapkan meliputi prototyping adobe illustrator user research uiux figma berkomitmen penuh akselerasi karir transisi kompetensi industri digital ekosistem teknologi,"prototyping, adobe illustrator, user research, ui ux, figma",not specified,other,"prototyping, adobe illustrator, user research, ui ux, figma",not specified,not specified
240,0f5e685b-b7a1-4acb-b97a-158c94772a34,Siti Ramadhan,hr staff,curriculum vitae ringkas nama siti ramadhan kontak sitiramadhanemailcom riwayat pendidikan universitas padjadjaran kelulusan 2026 pengalaman profesional hr staff pt buana software tbk deskripsi kompetensi memiliki dedikasi menyelesaikan tugastugas analitis teknis keahlian utama miliki terapkan meliputi agile microsoft office leadership berkomitmen penuh akselerasi karir transisi kompetensi industri digital ekosistem teknologi,"agile, microsoft office, leadership",not specified,other,"agile, microsoft office, leadership",not specified,microsoft office leadership berkomitmen penuh akselerasi karir
241,a4a490bd-cd31-44d9-bcd1-2a2610c9ad1c,Velicia Putri,hr staff,curriculum vitae ringkas nama velicia putri kontak veliciaputriemailcom riwayat pendidikan universitas indonesia ui kelulusan 2022 pengalaman profesional hr staff pt inovasi creative deskripsi kompetensi memiliki dedikasi menyelesaikan tugastugas analitis teknis keahlian utama miliki terapkan meliputi komunikasi manajemen agile berkomitmen penuh akselerasi karir transisi kompetensi industri digital ekosistem teknologi,"komunikasi, manajemen waktu, agile",not specified,other,"komunikasi, manajemen waktu, agile",not specified,not specified
242,a03b6b79-65ef-4c26-a9d7-a3033f281360,Dewi Utomo,staf marketing,curriculum vitae ringkas nama dewi utomo kontak dewiutomoemailcom riwayat pendidikan universitas airlangga kelulusan 2023 pengalaman profesional staf marketing pt nusa analitika deskripsi kompetensi memiliki dedikasi menyelesaikan tugastugas analitis teknis keahlian utama miliki terapkan meliputi user research uiux figma berkomitmen penuh akselerasi karir transisi kompetensi industri digital ekosistem teknologi,"user research, ui ux, figma",not specified,other,"user research, ui ux, figma",not specified,not specified
243,052db189-c2b2-4917-bf48-7ac2f2545858,Bambang Sitorus,technical writer,curriculum vitae ringkas nama bambang sitorus kontak bambangsitorusemailcom riwayat pendidikan universitas padjadjaran kelulusan 2021 pengalaman profesional technical writer pt inti analitika deskripsi kompetensi memiliki dedikasi menyelesaikan tugastugas analitis teknis keahlian utama miliki terapkan meliputi problem solving git htmlcss postgresql python berkomitmen penuh akselerasi karir transisi kompetensi industri digital ekosistem teknologi,"problem solving, git, html css, postgresql, python",not specified,other,"problem solving, git, html css, postgresql, python",not specified,not specified
244,b2b09ee3-0e35-438e-b5aa-26903c64e59e,Jennifer Putri,statistisi junior,curriculum vitae ringkas nama jennifer putri kontak jenniferputriemailcom riwayat pendidikan universitas airlangga kelulusan 2024 pengalaman profesional statistisi junior pt global data deskripsi kompetensi memiliki dedikasi menyelesaikan tugastugas analitis teknis keahlian utama miliki terapkan meliputi data visualization statistika python excel berkomitmen penuh akselerasi karir transisi kompetensi industri digital ekosistem teknologi,"data visualization, statistika, python, excel",not specified,other,"data visualization, statistika, python, excel",not specified,profesional statistisi junior pt global data deskripsi
245,8d19ab3b-4c6c-4ded-90f1-351bb863ee60,Ahmad Santoso,asisten laboratorium komputer,curriculum vitae ringkas nama ahmad santoso kontak ahmadsantosoemailcom riwayat pendidikan universitas padjadjaran kelulusan 2021 pengalaman profesional asisten laboratorium komputer pt medium cloud deskripsi kompetensi memiliki dedikasi menyelesaikan tugastugas analitis teknis keahlian utama miliki terapkan meliputi postgresql git problem solving berkomitmen penuh akselerasi karir transisi kompetensi industri digital ekosistem teknologi,"postgresql, git, problem solving",not specified,other,"postgresql, git, problem solving",not specified,not specified
246,f52c7c45-d29c-46f5-be66-ecc353f04b20,Bambang Ramadhan,it support,curriculum vitae ringkas nama bambang ramadhan kontak bambangramadhanemailcom riwayat pendidikan universitas gadjah mada ugm kelulusan 2024 pengalaman profesional support pt global software tbk deskripsi kompetensi memiliki dedikasi menyelesaikan tugastugas analitis teknis keahlian utama miliki terapkan meliputi git python postgresql berkomitmen penuh akselerasi karir transisi kompetensi industri digital ekosistem teknologi,"git, python, postgresql",not specified,other,"git, python, postgresql",not specified,not specified
247,2b6c15de-983e-4b29-b48f-9a321ec43e29,Fikran Putri,graphic designer,curriculum vitae ringkas nama fikran putri kontak fikranputriemailcom riwayat pendidikan universitas airlangga kelulusan 2022 pengalaman profesional graphic designer pt sentosa sistem deskripsi kompetensi memiliki dedikasi menyelesaikan tugastugas analitis teknis keahlian utama miliki terapkan meliputi figma adobe illustrator uiux kreativitas berkomitmen penuh akselerasi karir transisi kompetensi industri digital ekosistem teknologi,"figma, adobe illustrator, ui ux, kreativitas",not specified,other,"figma, adobe illustrator, ui ux, kreativitas",not specified,not specified
248,cb465e8a-71c3-4d90-a509-b4e59fb33fa7,Rina Nasution,social media specialist,curriculum vitae ringkas nama rina nasution kontak rinanasutionemailcom riwayat pendidikan universitas telkom kelulusan 2021 pengalaman profesional social medium specialist pt sinergi cloud deskripsi kompetensi memiliki dedikasi menyelesaikan tugastugas analitis teknis keahlian utama miliki terapkan meliputi figma adobe illustrator user research uiux prototyping berkomitmen penuh akselerasi karir transisi kompetensi industri digital ekosistem teknologi,"figma, adobe illustrator, user research, ui ux, prototyping",not specified,other,"figma, adobe illustrator, user research, ui ux, prototyping",not specified,social medium specialist pt sinergi cloud deskripsi
249,91aaccc7-3a0e-440f-ab0c-3a8cec7f1ee7,Albi Sitorus,hr staff,curriculum vitae ringkas nama albi sitorus kontak albisitorusemailcom riwayat pendidikan binus university kelulusan 2025 pengalaman profesional hr staff pt berjaya digital indonesia tbk deskripsi kompetensi memiliki dedikasi menyelesaikan tugastugas analitis teknis keahlian utama miliki terapkan meliputi leadership komunikasi manajemen agile berkomitmen penuh akselerasi karir transisi kompetensi industri digital ekosistem teknologi,"leadership, komunikasi, manajemen waktu, agile",kontak albisitorusemailcom riwayat pendidikan binus university kelulusan 2025 pengalaman profesional hr,other,"leadership, komunikasi, manajemen waktu, agile",not specified,terapkan meliputi leadership komunikasi manajemen agile berkomitmen
250,4e2d5b37-def7-42f3-990e-511f7df40f73,Budi Nugroho,technical writer,curriculum vitae ringkas nama budi nugroho kontak budinugrohoemailcom riwayat pendidikan institut teknologi bandung itb kelulusan 2023 pengalaman profesional technical writer pt nusantara software deskripsi kompetensi memiliki dedikasi menyelesaikan tugastugas analitis teknis keahlian utama miliki terapkan meliputi postgresql git javascript python komunikasi berkomitmen penuh akselerasi karir transisi kompetensi industri digital ekosistem teknologi,"postgresql, git, javascript, python, komunikasi",not specified,other,"postgresql, git, javascript, python, komunikasi",not specified,not specified
251,f11c6eb4-77eb-4480-a821-432470571f53,Jennifer Budiman,hr staff,curriculum vitae ringkas nama jennifer budiman kontak jenniferbudimanemailcom riwayat pendidikan universitas airlangga kelulusan 2024 pengalaman profesional hr staff pt nusantara sistem deskripsi kompetensi memiliki dedikasi menyelesaikan tugastugas analitis teknis keahlian utama miliki terapkan meliputi manajemen microsoft office negosiasi berkomitmen penuh akselerasi karir transisi kompetensi industri digital ekosistem teknologi,"manajemen waktu, microsoft office, negosiasi",not specified,other,"manajemen waktu, microsoft office, negosiasi",not specified,not specified
252,88c87d68-4b1e-41e9-8bd5-7e5cb6243e42,Rian Nugroho,asisten peneliti,curriculum vitae ringkas nama rian nugroho kontak riannugrohoemailcom riwayat pendidikan binus university kelulusan 2025 pengalaman profesional asisten peneliti pt sentosa software deskripsi kompetensi memiliki dedikasi menyelesaikan tugastugas analitis teknis keahlian utama miliki terapkan meliputi excel data visualization python sql problem solving berkomitmen penuh akselerasi karir transisi kompetensi industri digital ekosistem teknologi,"excel, data visualization, python, sql, problem solving",kontak riannugrohoemailcom riwayat pendidikan binus university kelulusan 2025 pengalaman profesional asisten,other,"excel, data visualization, python, sql, problem solving",not specified,not specified
253,16b14cdd-b0dc-47f2-a367-83465dcbe338,Dewi Putra,junior programmer,curriculum vitae ringkas nama dewi putra kontak dewiputraemailcom riwayat pendidikan universitas indonesia ui kelulusan 2022 pengalaman profesional junior programmer pt nusa software deskripsi kompetensi memiliki dedikasi menyelesaikan tugastugas analitis teknis keahlian utama miliki terapkan meliputi komunikasi htmlcss python berkomitmen penuh akselerasi karir transisi kompetensi industri digital ekosistem teknologi,"komunikasi, html css, python",not specified,other,"komunikasi, html css, python",not specified,pengalaman profesional junior programmer pt nusa software
254,43df5e56-0cff-417f-83cd-c7ae7251894c,Albi Hidayat,asisten peneliti,curriculum vitae ringkas nama albi hidayat kontak albihidayatemailcom riwayat pendidikan universitas airlangga kelulusan 2023 pengalaman profesional asisten peneliti pt lancar software tbk deskripsi kompetensi memiliki dedikasi menyelesaikan tugastugas analitis teknis keahlian utama miliki terapkan meliputi data visualization python excel berkomitmen penuh akselerasi karir transisi kompetensi industri digital ekosistem teknologi,"data visualization, python, excel",not specified,other,"data visualization, python, excel",not specified,not specified
255,054cb7c7-0a23-48c0-ac23-c789c734e156,Anita Santoso,junior data analyst,curriculum vitae ringkas nama anita santoso kontak anitasantosoemailcom riwayat pendidikan institut teknologi sepuluh nopember kelulusan 2024 pengalaman profesional junior data analyst pt digital teknologi deskripsi kompetensi memiliki dedikasi menyelesaikan tugastugas analitis teknis keahlian utama miliki terapkan meliputi problem solving excel sql python berkomitmen penuh akselerasi karir transisi kompetensi industri digital ekosistem teknologi,"problem solving, excel, sql, python",curriculum vitae ringkas nama anita santoso kontak anitasantosoemailcom riwayat pendidikan | ringkas nama anita santoso kontak anitasantosoemailcom riwayat pendidikan institut teknologi sepuluh,other,"problem solving, excel, sql, python",not specified,pengalaman profesional junior data analyst pt digital | junior data analyst pt digital teknologi deskripsi
256,bf8c76c5-21b8-40da-b872-8e7a1571efff,Anita Ramadhan,business development intern,curriculum vitae ringkas nama anita ramadhan kontak anitaramadhanemailcom riwayat pendidikan universitas gadjah mada ugm kelulusan 2023 pengalaman profesional business development intern pt artha software deskripsi kompetensi memiliki dedikasi menyelesaikan tugastugas analitis teknis keahlian utama miliki terapkan meliputi microsoft office leadership komunikasi manajemen berkomitmen penuh akselerasi karir transisi kompetensi industri digital ekosistem teknologi,"microsoft office, leadership, komunikasi, manajemen waktu",curriculum vitae ringkas nama anita ramadhan kontak anitaramadhanemailcom riwayat pendidikan | ringkas nama anita ramadhan kontak anitaramadhanemailcom riwayat pendidikan universitas gadjah mada,business,"microsoft office, leadership, komunikasi, manajemen waktu",not specified,business development intern pt artha software deskripsi | microsoft office leadership komunikasi manajemen berkomitmen penuh
257,b0d6b431-c26b-45cd-b221-6a6c4052613d,Deni Setiawan,hr staff,curriculum vitae ringkas nama deni setiawan kontak denisetiawanemailcom riwayat pendidikan institut teknologi sepuluh nopember kelulusan 2022 pengalaman profesional hr staff pt digital digital indonesia deskripsi kompetensi memiliki dedikasi menyelesaikan tugastugas analitis teknis keahlian utama miliki terapkan meliputi komunikasi microsoft office leadership agile manajemen berkomitmen penuh akselerasi karir transisi kompetensi industri digital ekosistem teknologi,"komunikasi, microsoft office, leadership, agile, manajemen waktu",not specified,other,"komunikasi, microsoft office, leadership, agile, manajemen waktu",not specified,microsoft office leadership agile manajemen berkomitmen penuh
258,fe473119-d825-41f1-a3c8-d1c07aaac0ad,Rizky Saputra,junior data analyst,curriculum vitae ringkas nama rizky saputra kontak rizkysaputraemailcom riwayat pendidikan institut teknologi bandung itb kelulusan 2026 pengalaman profesional junior data analyst pt utama digital indonesia tbk deskripsi kompetensi memiliki dedikasi menyelesaikan tugastugas analitis teknis keahlian utama miliki terapkan meliputi tableau excel statistika data visualization berkomitmen penuh akselerasi karir transisi kompetensi industri digital ekosistem teknologi,"tableau, excel, statistika, data visualization",not specified,other,"tableau, excel, statistika, data visualization",not specified,pengalaman profesional junior data analyst pt utama | junior data analyst pt utama digital indonesia
259,19264fee-95d3-4983-9dbe-c845b05966fb,Aditya Hidayat,ui designer magang,curriculum vitae ringkas nama aditya hidayat kontak adityahidayatemailcom riwayat pendidikan universitas indonesia ui kelulusan 2022 pengalaman profesional ui designer magang pt nusa system deskripsi kompetensi memiliki dedikasi menyelesaikan tugastugas analitis teknis keahlian utama miliki terapkan meliputi kreativitas user research adobe illustrator uiux berkomitmen penuh akselerasi karir transisi kompetensi industri digital ekosistem teknologi,"kreativitas, user research, adobe illustrator, ui ux",not specified,other,"kreativitas, user research, adobe illustrator, ui ux",pt nusa system deskripsi kompetensi memiliki dedikasi menyelesaikan tugastugas analitis,not specified
260,b935dee8-c392-47f7-a685-696e6248794c,Hendra Setiawan,web developer magang,curriculum vitae ringkas nama hendra setiawan kontak hendrasetiawanemailcom riwayat pendidikan binus university kelulusan 2026 pengalaman profesional web developer magang pt digital teknologi deskripsi kompetensi memiliki dedikasi menyelesaikan tugastugas analitis teknis keahlian utama miliki terapkan meliputi komunikasi htmlcss python git berkomitmen penuh akselerasi karir transisi kompetensi industri digital ekosistem teknologi,"komunikasi, html css, python, git",kontak hendrasetiawanemailcom riwayat pendidikan binus university kelulusan 2026 pengalaman profesional web,other,"komunikasi, html css, python, git",not specified,profesional web developer magang pt digital teknologi
261,d7e7c638-3392-463a-a464-80ef110711a9,Agus Setiawan,junior programmer,curriculum vitae ringkas nama agus setiawan kontak agussetiawanemailcom riwayat pendidikan universitas gadjah mada ugm kelulusan 2026 pengalaman profesional junior programmer pt citra digital indonesia tbk deskripsi kompetensi memiliki dedikasi menyelesaikan tugastugas analitis teknis keahlian utama miliki terapkan meliputi javascript komunikasi git htmlcss berkomitmen penuh akselerasi karir transisi kompetensi industri digital ekosistem teknologi,"javascript, komunikasi, git, html css",not specified,other,"javascript, komunikasi, git, html css",not specified,pengalaman profesional junior programmer pt citra digital
262,27538c0d-262d-4e43-8fb8-781776633245,Bambang Nasution,content creator,curriculum vitae ringkas nama bambang nasution kontak bambangnasutionemailcom riwayat pendidikan binus university kelulusan 2025 pengalaman profesional content creator pt citra analitika tbk deskripsi kompetensi memiliki dedikasi menyelesaikan tugastugas analitis teknis keahlian utama miliki terapkan meliputi user research uiux prototyping kreativitas adobe illustrator berkomitmen penuh akselerasi karir transisi kompetensi industri digital ekosistem teknologi,"user research, ui ux, prototyping, kreativitas, adobe illustrator",kontak bambangnasutionemailcom riwayat pendidikan binus university kelulusan 2025 pengalaman profesional content,other,"user research, ui ux, prototyping, kreativitas, adobe illustrator",not specified,not specified
263,b18e72b6-83ea-40b1-b2c1-51f70766b2ce,Budi Hidayat,sales executive,curriculum vitae ringkas nama budi hidayat kontak budihidayatemailcom riwayat pendidikan universitas padjadjaran kelulusan 2022 pengalaman profesional sale executive pt inti analitika deskripsi kompetensi memiliki dedikasi menyelesaikan tugastugas analitis teknis keahlian utama miliki terapkan meliputi agile manajemen leadership komunikasi berkomitmen penuh akselerasi karir transisi kompetensi industri digital ekosistem teknologi,"agile, manajemen waktu, leadership, komunikasi",not specified,other,"agile, manajemen waktu, leadership, komunikasi",not specified,agile manajemen leadership komunikasi berkomitmen penuh akselerasi
264,32265e59-b9b4-47a9-8718-427dfdc1ef28,Eko Sitorus,staf marketing,curriculum vitae ringkas nama eko sitorus kontak ekositorusemailcom riwayat pendidikan universitas padjadjaran kelulusan 2026 pengalaman profesional staf marketing pt inti sistem deskripsi kompetensi memiliki dedikasi menyelesaikan tugastugas analitis teknis keahlian utama miliki terapkan meliputi figma adobe illustrator user research berkomitmen penuh akselerasi karir transisi kompetensi industri digital ekosistem teknologi,"figma, adobe illustrator, user research",not specified,other,"figma, adobe illustrator, user research",not specified,not specified
265,c225374f-2d7b-456e-81c1-b8220440b087,Rudi Siregar,technical writer,curriculum vitae ringkas nama rudi siregar kontak rudisiregaremailcom riwayat pendidikan universitas airlangga kelulusan 2022 pengalaman profesional technical writer pt nusa digital indonesia deskripsi kompetensi memiliki dedikasi menyelesaikan tugastugas analitis teknis keahlian utama miliki terapkan meliputi htmlcss komunikasi postgresql git berkomitmen penuh akselerasi karir transisi kompetensi industri digital ekosistem teknologi,"html css, komunikasi, postgresql, git",not specified,other,"html css, komunikasi, postgresql, git",not specified,not specified
266,abb5b133-d007-4ab3-b896-750c04974320,Velicia Wijaya,ui designer magang,curriculum vitae ringkas nama velicia wijaya kontak veliciawijayaemailcom riwayat pendidikan institut teknologi sepuluh nopember kelulusan 2024 pengalaman profesional ui designer magang pt lancar analitika deskripsi kompetensi memiliki dedikasi menyelesaikan tugastugas analitis teknis keahlian utama miliki terapkan meliputi uiux kreativitas adobe illustrator figma berkomitmen penuh akselerasi karir transisi kompetensi industri digital ekosistem teknologi,"ui ux, kreativitas, adobe illustrator, figma",not specified,other,"ui ux, kreativitas, adobe illustrator, figma",not specified,not specified
267,853c5899-7c63-497f-8c65-ab5dee507ab1,Bagus Kurniawan,graphic designer,curriculum vitae ringkas nama bagus kurniawan kontak baguskurniawanemailcom riwayat pendidikan institut teknologi bandung itb kelulusan 2021 pengalaman profesional graphic designer pt sinergi analitika deskripsi kompetensi memiliki dedikasi menyelesaikan tugastugas analitis teknis keahlian utama miliki terapkan meliputi adobe illustrator figma user research berkomitmen penuh akselerasi karir transisi kompetensi industri digital ekosistem teknologi,"adobe illustrator, figma, user research",not specified,other,"adobe illustrator, figma, user research",not specified,not specified
268,9d67af76-bdf3-49f7-92cd-9bbb0f0b172f,Mega Utomo,project administrator,curriculum vitae ringkas nama mega utomo kontak megautomoemailcom riwayat pendidikan universitas gadjah mada ugm kelulusan 2025 pengalaman profesional project administrator pt nusa digital indonesia deskripsi kompetensi memiliki dedikasi menyelesaikan tugastugas analitis teknis keahlian utama miliki terapkan meliputi agile microsoft office komunikasi berkomitmen penuh akselerasi karir transisi kompetensi industri digital ekosistem teknologi,"agile, microsoft office, komunikasi",not specified,other,"agile, microsoft office, komunikasi",pengalaman profesional project administrator pt nusa digital indonesia deskripsi kompetensi,not specified
269,9a0faf6e-7145-4138-a93c-ec363c2d3982,Jennifer Susanto,technical writer,curriculum vitae ringkas nama jennifer susanto kontak jennifersusantoemailcom riwayat pendidikan institut teknologi sepuluh nopember kelulusan 2022 pengalaman profesional technical writer pt medium hub deskripsi kompetensi memiliki dedikasi menyelesaikan tugastugas analitis teknis keahlian utama miliki terapkan meliputi komunikasi postgresql problem solving berkomitmen penuh akselerasi karir transisi kompetensi industri digital ekosistem teknologi,"komunikasi, postgresql, problem solving",not specified,other,"komunikasi, postgresql, problem solving",not specified,not specified
270,222d76c4-609d-4ced-9568-f3bf3e43895b,Anita Ramadhan,social media specialist,curriculum vitae ringkas nama anita ramadhan kontak anitaramadhanemailcom riwayat pendidikan universitas gadjah mada ugm kelulusan 2024 pengalaman profesional social medium specialist pt citra analitika deskripsi kompetensi memiliki dedikasi menyelesaikan tugastugas analitis teknis keahlian utama miliki terapkan meliputi uiux figma kreativitas adobe illustrator user research berkomitmen penuh akselerasi karir transisi kompetensi industri digital ekosistem teknologi,"ui ux, figma, kreativitas, adobe illustrator, user research",curriculum vitae ringkas nama anita ramadhan kontak anitaramadhanemailcom riwayat pendidikan | ringkas nama anita ramadhan kontak anitaramadhanemailcom riwayat pendidikan universitas gadjah mada,other,"ui ux, figma, kreativitas, adobe illustrator, user research",not specified,social medium specialist pt citra analitika deskripsi
271,8039ffc8-6d4e-4440-a24d-aed3bd80ee9d,Albi Prabowo,staf administrasi data,curriculum vitae ringkas nama albi prabowo kontak albiprabowoemailcom riwayat pendidikan institut teknologi bandung itb kelulusan 2024 pengalaman profesional staf administrasi data pt sinergi analitika deskripsi kompetensi memiliki dedikasi menyelesaikan tugastugas analitis teknis keahlian utama miliki terapkan meliputi excel sql python tableau statistika berkomitmen penuh akselerasi karir transisi kompetensi industri digital ekosistem teknologi,"excel, sql, python, tableau, statistika",not specified,other,"excel, sql, python, tableau, statistika",not specified,not specified
272,ced89e1c-5e98-4eed-b6e5-d68e5f80db89,Mega Nugroho,ui designer magang,curriculum vitae ringkas nama mega nugroho kontak meganugrohoemailcom riwayat pendidikan universitas gadjah mada ugm kelulusan 2025 pengalaman profesional ui designer magang pt solusi analitika deskripsi kompetensi memiliki dedikasi menyelesaikan tugastugas analitis teknis keahlian utama miliki terapkan meliputi figma kreativitas prototyping adobe illustrator uiux berkomitmen penuh akselerasi karir transisi kompetensi industri digital ekosistem teknologi,"figma, kreativitas, prototyping, adobe illustrator, ui ux",not specified,other,"figma, kreativitas, prototyping, adobe illustrator, ui ux",not specified,not specified
273,b017b19b-d284-439a-81a2-4bfea58d231c,Rizky Gunawan,hr staff,curriculum vitae ringkas nama rizky gunawan kontak rizkygunawanemailcom riwayat pendidikan universitas airlangga kelulusan 2025 pengalaman profesional hr staff pt medium creative deskripsi kompetensi memiliki dedikasi menyelesaikan tugastugas analitis teknis keahlian utama miliki terapkan meliputi manajemen komunikasi leadership negosiasi berkomitmen penuh akselerasi karir transisi kompetensi industri digital ekosistem teknologi,"manajemen waktu, komunikasi, leadership, negosiasi",not specified,other,"manajemen waktu, komunikasi, leadership, negosiasi",not specified,manajemen komunikasi leadership negosiasi berkomitmen penuh akselerasi
274,d223962b-9456-4881-b21e-6c6d40a410dc,Agus Nugroho,junior data analyst,curriculum vitae ringkas nama agus nugroho kontak agusnugrohoemailcom riwayat pendidikan universitas indonesia ui kelulusan 2023 pengalaman profesional junior data analyst pt digital creative deskripsi kompetensi memiliki dedikasi menyelesaikan tugastugas analitis teknis keahlian utama miliki terapkan meliputi sql problem solving statistika tableau python berkomitmen penuh akselerasi karir transisi kompetensi industri digital ekosistem teknologi,"sql, problem solving, statistika, tableau, python",not specified,other,"sql, problem solving, statistika, tableau, python",not specified,pengalaman profesional junior data analyst pt digital | junior data analyst pt digital creative deskripsi
275,7b82ffb2-3a92-4423-88f1-e2361cae4669,Jennifer Saputra,ui designer magang,curriculum vitae ringkas nama jennifer saputra kontak jennifersaputraemailcom riwayat pendidikan institut teknologi sepuluh nopember kelulusan 2023 pengalaman profesional ui designer magang pt citra analitika deskripsi kompetensi memiliki dedikasi menyelesaikan tugastugas analitis teknis keahlian utama miliki terapkan meliputi uiux user research adobe illustrator prototyping kreativitas berkomitmen penuh akselerasi karir transisi kompetensi industri digital ekosistem teknologi,"ui ux, user research, adobe illustrator, prototyping, kreativitas",not specified,other,"ui ux, user research, adobe illustrator, prototyping, kreativitas",not specified,not specified
276,3abd734d-bbc1-42a8-bb12-ba2d4947d53a,Fajar Utomo,staf administrasi data,curriculum vitae ringkas nama fajar utomo kontak fajarutomoemailcom riwayat pendidikan universitas airlangga kelulusan 2025 pengalaman profesional staf administrasi data pt inovasi sistem deskripsi kompetensi memiliki dedikasi menyelesaikan tugastugas analitis teknis keahlian utama miliki terapkan meliputi tableau statistika problem solving berkomitmen penuh akselerasi karir transisi kompetensi industri digital ekosistem teknologi,"tableau, statistika, problem solving",not specified,other,"tableau, statistika, problem solving",not specified,not specified
277,dfac0509-4f12-4459-9490-4656b40e40c3,Rian Sitorus,asisten laboratorium komputer,curriculum vitae ringkas nama rian sitorus kontak riansitorusemailcom riwayat pendidikan institut teknologi bandung itb kelulusan 2026 pengalaman profesional asisten laboratorium komputer pt berjaya software tbk deskripsi kompetensi memiliki dedikasi menyelesaikan tugastugas analitis teknis keahlian utama miliki terapkan meliputi komunikasi postgresql python berkomitmen penuh akselerasi karir transisi kompetensi industri digital ekosistem teknologi,"komunikasi, postgresql, python",not specified,other,"komunikasi, postgresql, python",not specified,not specified
278,05c1482d-094d-4ecd-a634-32d55a0dd70e,Hendra Nugroho,fresh graduate matematika,curriculum vitae ringkas nama hendra nugroho kontak hendranugrohoemailcom riwayat pendidikan institut teknologi sepuluh nopember kelulusan 2023 pengalaman profesional fresh graduate matematika pt maju analitika tbk deskripsi kompetensi memiliki dedikasi menyelesaikan tugastugas analitis teknis keahlian utama miliki terapkan meliputi tableau python statistika berkomitmen penuh akselerasi karir transisi kompetensi industri digital ekosistem teknologi,"tableau, python, statistika",not specified,other,"tableau, python, statistika",not specified,not specified
279,3cb1c3fd-3a06-4bb6-914a-e9afeefa9a66,Budi Kurniawan,staf administrasi data,curriculum vitae ringkas nama budi kurniawan kontak budikurniawanemailcom riwayat pendidikan universitas indonesia ui kelulusan 2021 pengalaman profesional staf administrasi data pt nusa creative deskripsi kompetensi memiliki dedikasi menyelesaikan tugastugas analitis teknis keahlian utama miliki terapkan meliputi statistika tableau sql excel data visualization berkomitmen penuh akselerasi karir transisi kompetensi industri digital ekosistem teknologi,"statistika, tableau, sql, excel, data visualization",not specified,other,"statistika, tableau, sql, excel, data visualization",not specified,not specified
280,a826a998-694e-4769-8aa9-841ec43a39af,Deni Wijaya,web developer magang,curriculum vitae ringkas nama deni wijaya kontak deniwijayaemailcom riwayat pendidikan universitas gadjah mada ugm kelulusan 2023 pengalaman profesional web developer magang pt solusi system deskripsi kompetensi memiliki dedikasi menyelesaikan tugastugas analitis teknis keahlian utama miliki terapkan meliputi postgresql python javascript problem solving komunikasi berkomitmen penuh akselerasi karir transisi kompetensi industri digital ekosistem teknologi,"postgresql, python, javascript, problem solving, komunikasi",not specified,other,"postgresql, python, javascript, problem solving, komunikasi",pt solusi system deskripsi kompetensi memiliki dedikasi menyelesaikan tugastugas analitis,profesional web developer magang pt solusi system
281,5a600b94-4ea3-4160-a787-96e9c74ce38f,Rina Wijaya,ketua bem,curriculum vitae ringkas nama rina wijaya kontak rinawijayaemailcom riwayat pendidikan universitas indonesia ui kelulusan 2026 pengalaman profesional ketua bem pt digital cloud deskripsi kompetensi memiliki dedikasi menyelesaikan tugastugas analitis teknis keahlian utama miliki terapkan meliputi microsoft office negosiasi agile berkomitmen penuh akselerasi karir transisi kompetensi industri digital ekosistem teknologi,"microsoft office, negosiasi, agile",not specified,other,"microsoft office, negosiasi, agile",not specified,not specified
282,3d364414-b96c-48bd-ae02-44f507e7f13c,Bambang Wijaya,business development intern,curriculum vitae ringkas nama bambang wijaya kontak bambangwijayaemailcom riwayat pendidikan institut teknologi sepuluh nopember kelulusan 2022 pengalaman profesional business development intern pt pratama sistem deskripsi kompetensi memiliki dedikasi menyelesaikan tugastugas analitis teknis keahlian utama miliki terapkan meliputi manajemen komunikasi agile berkomitmen penuh akselerasi karir transisi kompetensi industri digital ekosistem teknologi,"manajemen waktu, komunikasi, agile",not specified,business,"manajemen waktu, komunikasi, agile",not specified,business development intern pt pratama sistem deskripsi
283,66978343-8545-42ec-85fa-325ca6315fa4,Fajar Kurniawan,ui designer magang,curriculum vitae ringkas nama fajar kurniawan kontak fajarkurniawanemailcom riwayat pendidikan binus university kelulusan 2026 pengalaman profesional ui designer magang pt citra digital indonesia deskripsi kompetensi memiliki dedikasi menyelesaikan tugastugas analitis teknis keahlian utama miliki terapkan meliputi user research kreativitas adobe illustrator uiux berkomitmen penuh akselerasi karir transisi kompetensi industri digital ekosistem teknologi,"user research, kreativitas, adobe illustrator, ui ux",kontak fajarkurniawanemailcom riwayat pendidikan binus university kelulusan 2026 pengalaman profesional ui,other,"user research, kreativitas, adobe illustrator, ui ux",not specified,not specified
284,7fca0148-8480-4c48-b372-d74d2b1ef49d,Taufik Lestari,junior data analyst,curriculum vitae ringkas nama taufik lestari kontak taufiklestariemailcom riwayat pendidikan binus university kelulusan 2025 pengalaman profesional junior data analyst pt citra cloud deskripsi kompetensi memiliki dedikasi menyelesaikan tugastugas analitis teknis keahlian utama miliki terapkan meliputi python data visualization tableau sql statistika berkomitmen penuh akselerasi karir transisi kompetensi industri digital ekosistem teknologi,"python, data visualization, tableau, sql, statistika",kontak taufiklestariemailcom riwayat pendidikan binus university kelulusan 2025 pengalaman profesional junior,other,"python, data visualization, tableau, sql, statistika",not specified,pengalaman profesional junior data analyst pt citra | junior data analyst pt citra cloud deskripsi
285,0a466498-491e-49ad-9051-5260e88a7bf3,Anita Santoso,staf marketing,curriculum vitae ringkas nama anita santoso kontak anitasantosoemailcom riwayat pendidikan institut teknologi sepuluh nopember kelulusan 2022 pengalaman profesional staf marketing pt lancar sistem tbk deskripsi kompetensi memiliki dedikasi menyelesaikan tugastugas analitis teknis keahlian utama miliki terapkan meliputi kreativitas user research figma adobe illustrator prototyping berkomitmen penuh akselerasi karir transisi kompetensi industri digital ekosistem teknologi,"kreativitas, user research, figma, adobe illustrator, prototyping",curriculum vitae ringkas nama anita santoso kontak anitasantosoemailcom riwayat pendidikan | ringkas nama anita santoso kontak anitasantosoemailcom riwayat pendidikan institut teknologi sepuluh,other,"kreativitas, user research, figma, adobe illustrator, prototyping",not specified,not specified
286,2d1cf1d0-3efd-4d77-a1a3-ba232bcd62cc,Dewi Nasution,asisten laboratorium komputer,curriculum vitae ringkas nama dewi nasution kontak dewinasutionemailcom riwayat pendidikan universitas gadjah mada ugm kelulusan 2025 pengalaman profesional asisten laboratorium komputer pt global software deskripsi kompetensi memiliki dedikasi menyelesaikan tugastugas analitis teknis keahlian utama miliki terapkan meliputi problem solving komunikasi python git berkomitmen penuh akselerasi karir transisi kompetensi industri digital ekosistem teknologi,"problem solving, komunikasi, python, git",not specified,other,"problem solving, komunikasi, python, git",not specified,not specified
287,b61cf89d-fad0-430c-8c21-03439dce2f15,Fikran Budiman,fresh graduate matematika,curriculum vitae ringkas nama fikran budiman kontak fikranbudimanemailcom riwayat pendidikan institut teknologi sepuluh nopember kelulusan 2022 pengalaman profesional fresh graduate matematika pt sinergi software deskripsi kompetensi memiliki dedikasi menyelesaikan tugastugas analitis teknis keahlian utama miliki terapkan meliputi excel problem solving data visualization sql berkomitmen penuh akselerasi karir transisi kompetensi industri digital ekosistem teknologi,"excel, problem solving, data visualization, sql",not specified,other,"excel, problem solving, data visualization, sql",not specified,not specified
288,1def0315-311d-4b94-9b76-bc2226f666f3,Rian Budiman,business development intern,curriculum vitae ringkas nama rian budiman kontak rianbudimanemailcom riwayat pendidikan universitas indonesia ui kelulusan 2025 pengalaman profesional business development intern pt digital creative deskripsi kompetensi memiliki dedikasi menyelesaikan tugastugas analitis teknis keahlian utama miliki terapkan meliputi leadership negosiasi microsoft office manajemen berkomitmen penuh akselerasi karir transisi kompetensi industri digital ekosistem teknologi,"leadership, negosiasi, microsoft office, manajemen waktu",not specified,business,"leadership, negosiasi, microsoft office, manajemen waktu",not specified,business development intern pt digital creative deskripsi | terapkan meliputi leadership negosiasi microsoft office manajemen
289,5ca0423f-0dca-42cd-a98b-75409d816489,Bagus Sari,junior data analyst,curriculum vitae ringkas nama bagus sari kontak bagussariemailcom riwayat pendidikan institut teknologi sepuluh nopember kelulusan 2025 pengalaman profesional junior data analyst pt inti data deskripsi kompetensi memiliki dedikasi menyelesaikan tugastugas analitis teknis keahlian utama miliki terapkan meliputi sql statistika tableau problem solving berkomitmen penuh akselerasi karir transisi kompetensi industri digital ekosistem teknologi,"sql, statistika, tableau, problem solving",not specified,other,"sql, statistika, tableau, problem solving",not specified,pengalaman profesional junior data analyst pt inti | junior data analyst pt inti data deskripsi
290,a154fc0d-cc19-4d77-b34c-1eb8f366b74e,Sri Siregar,asisten peneliti,curriculum vitae ringkas nama sri siregar kontak srisiregaremailcom riwayat pendidikan universitas indonesia ui kelulusan 2023 pengalaman profesional asisten peneliti pt inovasi creative tbk deskripsi kompetensi memiliki dedikasi menyelesaikan tugastugas analitis teknis keahlian utama miliki terapkan meliputi python data visualization problem solving tableau berkomitmen penuh akselerasi karir transisi kompetensi industri digital ekosistem teknologi,"python, data visualization, problem solving, tableau",not specified,other,"python, data visualization, problem solving, tableau",not specified,not specified
291,32fd4c7a-4beb-458b-a0e1-b3698519a08c,Ahmad Putri,junior programmer,curriculum vitae ringkas nama ahmad putri kontak ahmadputriemailcom riwayat pendidikan universitas padjadjaran kelulusan 2024 pengalaman profesional junior programmer pt global data deskripsi kompetensi memiliki dedikasi menyelesaikan tugastugas analitis teknis keahlian utama miliki terapkan meliputi git postgresql komunikasi berkomitmen penuh akselerasi karir transisi kompetensi industri digital ekosistem teknologi,"git, postgresql, komunikasi",not specified,other,"git, postgresql, komunikasi",not specified,pengalaman profesional junior programmer pt global data
292,d9c89a1b-f1f5-4bcc-b31b-af0aa759fa23,Fajar Nasution,technical writer,curriculum vitae ringkas nama fajar nasution kontak fajarnasutionemailcom riwayat pendidikan universitas padjadjaran kelulusan 2024 pengalaman profesional technical writer pt nusa system deskripsi kompetensi memiliki dedikasi menyelesaikan tugastugas analitis teknis keahlian utama miliki terapkan meliputi komunikasi htmlcss javascript python berkomitmen penuh akselerasi karir transisi kompetensi industri digital ekosistem teknologi,"komunikasi, html css, javascript, python",not specified,other,"komunikasi, html css, javascript, python",pt nusa system deskripsi kompetensi memiliki dedikasi menyelesaikan tugastugas analitis,not specified
293,1c82a81b-cf8a-4594-9354-c6eac5dbaaa9,Deni Nasution,it support,curriculum vitae ringkas nama deni nasution kontak deninasutionemailcom riwayat pendidikan universitas indonesia ui kelulusan 2023 pengalaman profesional support pt buana system deskripsi kompetensi memiliki dedikasi menyelesaikan tugastugas analitis teknis keahlian utama miliki terapkan meliputi postgresql komunikasi javascript htmlcss python berkomitmen penuh akselerasi karir transisi kompetensi industri digital ekosistem teknologi,"postgresql, komunikasi, javascript, html css, python",not specified,other,"postgresql, komunikasi, javascript, html css, python",pt buana system deskripsi kompetensi memiliki dedikasi menyelesaikan tugastugas analitis,not specified
294,1299e5db-13d1-405d-8fe7-2445ddd8ae69,Yanto Ramadhan,asisten peneliti,curriculum vitae ringkas nama yanto ramadhan kontak yantoramadhanemailcom riwayat pendidikan binus university kelulusan 2026 pengalaman profesional asisten peneliti pt medium teknologi deskripsi kompetensi memiliki dedikasi menyelesaikan tugastugas analitis teknis keahlian utama miliki terapkan meliputi statistika problem solving python excel berkomitmen penuh akselerasi karir transisi kompetensi industri digital ekosistem teknologi,"statistika, problem solving, python, excel",kontak yantoramadhanemailcom riwayat pendidikan binus university kelulusan 2026 pengalaman profesional asisten,other,"statistika, problem solving, python, excel",not specified,not specified
295,80d04bf6-c03e-4691-90a6-80f9eb5ed796,Orell Prabowo,staf marketing,curriculum vitae ringkas nama orell prabowo kontak orellprabowoemailcom riwayat pendidikan institut teknologi bandung itb kelulusan 2023 pengalaman profesional staf marketing pt buana analitika deskripsi kompetensi memiliki dedikasi menyelesaikan tugastugas analitis teknis keahlian utama miliki terapkan meliputi kreativitas adobe illustrator prototyping uiux berkomitmen penuh akselerasi karir transisi kompetensi industri digital ekosistem teknologi,"kreativitas, adobe illustrator, prototyping, ui ux",not specified,other,"kreativitas, adobe illustrator, prototyping, ui ux",not specified,not specified
296,c943a57f-b00c-4457-9fcc-4959fcdfbb1a,Taufik Prabowo,junior data analyst,curriculum vitae ringkas nama taufik prabowo kontak taufikprabowoemailcom riwayat pendidikan universitas indonesia ui kelulusan 2024 pengalaman profesional junior data analyst pt sinergi teknologi deskripsi kompetensi memiliki dedikasi menyelesaikan tugastugas analitis teknis keahlian utama miliki terapkan meliputi data visualization sql python problem solving berkomitmen penuh akselerasi karir transisi kompetensi industri digital ekosistem teknologi,"data visualization, sql, python, problem solving",not specified,other,"data visualization, sql, python, problem solving",not specified,pengalaman profesional junior data analyst pt sinergi | junior data analyst pt sinergi teknologi deskripsi
297,f4c0f741-92b7-4c1b-bd86-9f1ac683e9e6,Naufal Sitorus,social media specialist,curriculum vitae ringkas nama naufal sitorus kontak naufalsitorusemailcom riwayat pendidikan institut teknologi sepuluh nopember kelulusan 2022 pengalaman profesional social medium specialist pt sinergi software deskripsi kompetensi memiliki dedikasi menyelesaikan tugastugas analitis teknis keahlian utama miliki terapkan meliputi prototyping uiux adobe illustrator berkomitmen penuh akselerasi karir transisi kompetensi industri digital ekosistem teknologi,"prototyping, ui ux, adobe illustrator",not specified,other,"prototyping, ui ux, adobe illustrator",not specified,social medium specialist pt sinergi software deskripsi
298,132806dc-7b90-48e0-8877-89fe3c829183,Rudi Santoso,staf marketing,curriculum vitae ringkas nama rudi santoso kontak rudisantosoemailcom riwayat pendidikan binus university kelulusan 2023 pengalaman profesional staf marketing pt utama creative deskripsi kompetensi memiliki dedikasi menyelesaikan tugastugas analitis teknis keahlian utama miliki terapkan meliputi figma kreativitas adobe illustrator uiux user research berkomitmen penuh akselerasi karir transisi kompetensi industri digital ekosistem teknologi,"figma, kreativitas, adobe illustrator, ui ux, user research",kontak rudisantosoemailcom riwayat pendidikan binus university kelulusan 2023 pengalaman profesional staf,other,"figma, kreativitas, adobe illustrator, ui ux, user research",not specified,not specified
299,21d1dd84-4640-47d3-9f57-b4a7465ca302,Mega Susanto,technical writer,curriculum vitae ringkas nama mega susanto kontak megasusantoemailcom riwayat pendidikan universitas telkom kelulusan 2025 pengalaman profesional technical writer pt inti software deskripsi kompetensi memiliki dedikasi menyelesaikan tugastugas analitis teknis keahlian utama miliki terapkan meliputi problem solving git htmlcss berkomitmen penuh akselerasi karir transisi kompetensi industri digital ekosistem teknologi,"problem solving, git, html css",not specified,other,"problem solving, git, html css",not specified,not specified
300,d070921d-ccf6-461b-878a-2a93bf0d5e9e,Jennifer Sitorus,asisten laboratorium komputer,curriculum vitae ringkas nama jennifer sitorus kontak jennifersitorusemailcom riwayat pendidikan universitas gadjah mada ugm kelulusan 2025 pengalaman profesional asisten laboratorium komputer pt sinergi hub deskripsi kompetensi memiliki dedikasi menyelesaikan tugastugas analitis teknis keahlian utama miliki terapkan meliputi git python htmlcss berkomitmen penuh akselerasi karir transisi kompetensi industri digital ekosistem teknologi,"git, python, html css",not specified,other,"git, python, html css",not specified,not specified
301,420798f4-d8a6-4b6c-981c-056de701f898,Siti Susanto,junior data analyst,curriculum vitae ringkas nama siti susanto kontak sitisusantoemailcom riwayat pendidikan universitas telkom kelulusan 2021 pengalaman profesional junior data analyst pt buana system deskripsi kompetensi memiliki dedikasi menyelesaikan tugastugas analitis teknis keahlian utama miliki terapkan meliputi excel statistika python tableau problem solving berkomitmen penuh akselerasi karir transisi kompetensi industri digital ekosistem teknologi,"excel, statistika, python, tableau, problem solving",not specified,other,"excel, statistika, python, tableau, problem solving",pt buana system deskripsi kompetensi memiliki dedikasi menyelesaikan tugastugas analitis,pengalaman profesional junior data analyst pt buana | junior data analyst pt buana system deskripsi
302,b71db954-13db-4fad-8955-b70b6d053af3,Siti Nugroho,asisten peneliti,curriculum vitae ringkas nama siti nugroho kontak sitinugrohoemailcom riwayat pendidikan universitas gadjah mada ugm kelulusan 2026 pengalaman profesional asisten peneliti pt tekno analitika deskripsi kompetensi memiliki dedikasi menyelesaikan tugastugas analitis teknis keahlian utama miliki terapkan meliputi python problem solving sql berkomitmen penuh akselerasi karir transisi kompetensi industri digital ekosistem teknologi,"python, problem solving, sql",not specified,other,"python, problem solving, sql",not specified,not specified
303,9a629979-2e99-4843-a939-06d3b2305e86,Siti Nasution,staf marketing,curriculum vitae ringkas nama siti nasution kontak sitinasutionemailcom riwayat pendidikan universitas telkom kelulusan 2025 pengalaman profesional staf marketing pt lancar analitika deskripsi kompetensi memiliki dedikasi menyelesaikan tugastugas analitis teknis keahlian utama miliki terapkan meliputi prototyping figma kreativitas berkomitmen penuh akselerasi karir transisi kompetensi industri digital ekosistem teknologi,"prototyping, figma, kreativitas",not specified,other,"prototyping, figma, kreativitas",not specified,not specified
304,72c0191c-2177-4a95-ace8-6f3b283b42be,Deni Prabowo,fresh graduate matematika,curriculum vitae ringkas nama deni prabowo kontak deniprabowoemailcom riwayat pendidikan binus university kelulusan 2021 pengalaman profesional fresh graduate matematika pt sentosa analitika deskripsi kompetensi memiliki dedikasi menyelesaikan tugastugas analitis teknis keahlian utama miliki terapkan meliputi excel statistika python data visualization berkomitmen penuh akselerasi karir transisi kompetensi industri digital ekosistem teknologi,"excel, statistika, python, data visualization",kontak deniprabowoemailcom riwayat pendidikan binus university kelulusan 2021 pengalaman profesional fresh,other,"excel, statistika, python, data visualization",not specified,not specified
305,4adf9960-ea5c-4952-8132-be556e30c1cf,Rizky Setiawan,junior data analyst,curriculum vitae ringkas nama rizky setiawan kontak rizkysetiawanemailcom riwayat pendidikan binus university kelulusan 2025 pengalaman profesional junior data analyst pt pratama digital indonesia deskripsi kompetensi memiliki dedikasi menyelesaikan tugastugas analitis teknis keahlian utama miliki terapkan meliputi statistika data visualization python berkomitmen penuh akselerasi karir transisi kompetensi industri digital ekosistem teknologi,"statistika, data visualization, python",kontak rizkysetiawanemailcom riwayat pendidikan binus university kelulusan 2025 pengalaman profesional junior,other,"statistika, data visualization, python",not specified,pengalaman profesional junior data analyst pt pratama | junior data analyst pt pratama digital indonesia
306,cade72f1-f765-477d-9b0b-5ab1534a6919,Eko Utomo,graphic designer,curriculum vitae ringkas nama eko utomo kontak ekoutomoemailcom riwayat pendidikan universitas indonesia ui kelulusan 2024 pengalaman profesional graphic designer pt utama software deskripsi kompetensi memiliki dedikasi menyelesaikan tugastugas analitis teknis keahlian utama miliki terapkan meliputi uiux user research adobe illustrator kreativitas figma berkomitmen penuh akselerasi karir transisi kompetensi industri digital ekosistem teknologi,"ui ux, user research, adobe illustrator, kreativitas, figma",not specified,other,"ui ux, user research, adobe illustrator, kreativitas, figma",not specified,not specified
307,17d6ffc5-beb4-438c-9531-2b91ea8e0828,Fajar Sitorus,fresh graduate matematika,curriculum vitae ringkas nama fajar sitorus kontak fajarsitorusemailcom riwayat pendidikan universitas indonesia ui kelulusan 2021 pengalaman profesional fresh graduate matematika pt tekno digital indonesia deskripsi kompetensi memiliki dedikasi menyelesaikan tugastugas analitis teknis keahlian utama miliki terapkan meliputi tableau excel python berkomitmen penuh akselerasi karir transisi kompetensi industri digital ekosistem teknologi,"tableau, excel, python",not specified,other,"tableau, excel, python",not specified,not specified
308,a1852785-779e-4f88-9aec-2a791eeb35fe,Fikran Santoso,social media specialist,curriculum vitae ringkas nama fikran santoso kontak fikransantosoemailcom riwayat pendidikan universitas telkom kelulusan 2025 pengalaman profesional social medium specialist pt global digital indonesia deskripsi kompetensi memiliki dedikasi menyelesaikan tugastugas analitis teknis keahlian utama miliki terapkan meliputi uiux adobe illustrator figma kreativitas berkomitmen penuh akselerasi karir transisi kompetensi industri digital ekosistem teknologi,"ui ux, adobe illustrator, figma, kreativitas",not specified,other,"ui ux, adobe illustrator, figma, kreativitas",not specified,social medium specialist pt global digital indonesia
309,2abc684a-959e-4a0e-abe7-80b6f8bde021,Dewi Gunawan,staf administrasi data,curriculum vitae ringkas nama dewi gunawan kontak dewigunawanemailcom riwayat pendidikan universitas padjadjaran kelulusan 2026 pengalaman profesional staf administrasi data pt digital data deskripsi kompetensi memiliki dedikasi menyelesaikan tugastugas analitis teknis keahlian utama miliki terapkan meliputi tableau data visualization excel berkomitmen penuh akselerasi karir transisi kompetensi industri digital ekosistem teknologi,"tableau, data visualization, excel",not specified,other,"tableau, data visualization, excel",not specified,not specified
310,7d88ff7c-3874-4f25-8469-596bf92d8297,Sri Putri,ketua bem,curriculum vitae ringkas nama sri putri kontak sriputriemailcom riwayat pendidikan institut teknologi bandung itb kelulusan 2023 pengalaman profesional ketua bem pt tekno data deskripsi kompetensi memiliki dedikasi menyelesaikan tugastugas analitis teknis keahlian utama miliki terapkan meliputi manajemen negosiasi komunikasi agile berkomitmen penuh akselerasi karir transisi kompetensi industri digital ekosistem teknologi,"manajemen waktu, negosiasi, komunikasi, agile",not specified,other,"manajemen waktu, negosiasi, komunikasi, agile",not specified,not specified
311,64d12300-fd4e-4cfc-8058-db2dbc49f220,Albi Sari,content creator,curriculum vitae ringkas nama albi sari kontak albisariemailcom riwayat pendidikan institut teknologi bandung itb kelulusan 2026 pengalaman profesional content creator pt nusantara analitika deskripsi kompetensi memiliki dedikasi menyelesaikan tugastugas analitis teknis keahlian utama miliki terapkan meliputi user research prototyping kreativitas figma berkomitmen penuh akselerasi karir transisi kompetensi industri digital ekosistem teknologi,"user research, prototyping, kreativitas, figma",not specified,other,"user research, prototyping, kreativitas, figma",not specified,not specified
312,bb4f70d2-03c3-44d4-96e0-e6a48c9f1e82,Anita Lestari,staf administrasi data,curriculum vitae ringkas nama anita lestari kontak anitalestariemailcom riwayat pendidikan universitas airlangga kelulusan 2021 pengalaman profesional staf administrasi data pt lancar digital indonesia deskripsi kompetensi memiliki dedikasi menyelesaikan tugastugas analitis teknis keahlian utama miliki terapkan meliputi tableau problem solving excel sql berkomitmen penuh akselerasi karir transisi kompetensi industri digital ekosistem teknologi,"tableau, problem solving, excel, sql",curriculum vitae ringkas nama anita lestari kontak anitalestariemailcom riwayat pendidikan | ringkas nama anita lestari kontak anitalestariemailcom riwayat pendidikan universitas airlangga kelulusan,other,"tableau, problem solving, excel, sql",not specified,not specified
313,21d6dc5b-40a1-4184-83ae-19dae87fb7ce,Siti Santoso,social media specialist,curriculum vitae ringkas nama siti santoso kontak sitisantosoemailcom riwayat pendidikan universitas padjadjaran kelulusan 2023 pengalaman profesional social medium specialist pt tekno creative tbk deskripsi kompetensi memiliki dedikasi menyelesaikan tugastugas analitis teknis keahlian utama miliki terapkan meliputi figma user research kreativitas adobe illustrator uiux berkomitmen penuh akselerasi karir transisi kompetensi industri digital ekosistem teknologi,"figma, user research, kreativitas, adobe illustrator, ui ux",not specified,other,"figma, user research, kreativitas, adobe illustrator, ui ux",not specified,social medium specialist pt tekno creative tbk
314,437ec768-9637-4044-9c31-c3ae4f7fd2ca,Ahmad Santoso,it support,curriculum vitae ringkas nama ahmad santoso kontak ahmadsantosoemailcom riwayat pendidikan universitas padjadjaran kelulusan 2023 pengalaman profesional support pt tekno hub deskripsi kompetensi memiliki dedikasi menyelesaikan tugastugas analitis teknis keahlian utama miliki terapkan meliputi htmlcss git komunikasi postgresql javascript berkomitmen penuh akselerasi karir transisi kompetensi industri digital ekosistem teknologi,"html css, git, komunikasi, postgresql, javascript",not specified,other,"html css, git, komunikasi, postgresql, javascript",not specified,not specified
315,e0fa023c-8571-4357-859a-d676b106dfc9,Fikran Gunawan,ketua bem,curriculum vitae ringkas nama fikran gunawan kontak fikrangunawanemailcom riwayat pendidikan universitas gadjah mada ugm kelulusan 2023 pengalaman profesional ketua bem pt inti teknologi deskripsi kompetensi memiliki dedikasi menyelesaikan tugastugas analitis teknis keahlian utama miliki terapkan meliputi komunikasi negosiasi manajemen agile berkomitmen penuh akselerasi karir transisi kompetensi industri digital ekosistem teknologi,"komunikasi, negosiasi, manajemen waktu, agile",not specified,other,"komunikasi, negosiasi, manajemen waktu, agile",not specified,not specified
316,95017eb2-be42-4631-9104-6e8c5671d9c2,Fikran Putra,junior programmer,curriculum vitae ringkas nama fikran putra kontak fikranputraemailcom riwayat pendidikan universitas indonesia ui kelulusan 2022 pengalaman profesional junior programmer pt nusa data deskripsi kompetensi memiliki dedikasi menyelesaikan tugastugas analitis teknis keahlian utama miliki terapkan meliputi problem solving htmlcss komunikasi python berkomitmen penuh akselerasi karir transisi kompetensi industri digital ekosistem teknologi,"problem solving, html css, komunikasi, python",not specified,other,"problem solving, html css, komunikasi, python",not specified,pengalaman profesional junior programmer pt nusa data
317,68a929b5-ce5f-41f9-99fc-07b3d1d48cd9,Amalia Susanto,fresh graduate matematika,curriculum vitae ringkas nama amalia susanto kontak amaliasusantoemailcom riwayat pendidikan universitas telkom kelulusan 2022 pengalaman profesional fresh graduate matematika pt global creative deskripsi kompetensi memiliki dedikasi menyelesaikan tugastugas analitis teknis keahlian utama miliki terapkan meliputi excel statistika problem solving sql python berkomitmen penuh akselerasi karir transisi kompetensi industri digital ekosistem teknologi,"excel, statistika, problem solving, sql, python",not specified,other,"excel, statistika, problem solving, sql, python",not specified,not specified
318,9c634f69-6d11-4b2b-b6de-f85f29c72969,Budi Wijaya,ui designer magang,curriculum vitae ringkas nama budi wijaya kontak budiwijayaemailcom riwayat pendidikan universitas gadjah mada ugm kelulusan 2021 pengalaman profesional ui designer magang pt sentosa system deskripsi kompetensi memiliki dedikasi menyelesaikan tugastugas analitis teknis keahlian utama miliki terapkan meliputi figma prototyping adobe illustrator user research berkomitmen penuh akselerasi karir transisi kompetensi industri digital ekosistem teknologi,"figma, prototyping, adobe illustrator, user research",not specified,other,"figma, prototyping, adobe illustrator, user research",pt sentosa system deskripsi kompetensi memiliki dedikasi menyelesaikan tugastugas analitis,not specified
319,bf7fc5ad-c18b-4748-9226-2a609b2eb36f,Naufal Ramadhan,ui designer magang,curriculum vitae ringkas nama naufal ramadhan kontak naufalramadhanemailcom riwayat pendidikan universitas telkom kelulusan 2021 pengalaman profesional ui designer magang pt artha system deskripsi kompetensi memiliki dedikasi menyelesaikan tugastugas analitis teknis keahlian utama miliki terapkan meliputi adobe illustrator user research kreativitas uiux berkomitmen penuh akselerasi karir transisi kompetensi industri digital ekosistem teknologi,"adobe illustrator, user research, kreativitas, ui ux",not specified,other,"adobe illustrator, user research, kreativitas, ui ux",pt artha system deskripsi kompetensi memiliki dedikasi menyelesaikan tugastugas analitis,not specified
320,e4c3d666-8d9c-493a-97d6-60885a818870,Siti Saputra,staf administrasi data,curriculum vitae ringkas nama siti saputra kontak sitisaputraemailcom riwayat pendidikan universitas indonesia ui kelulusan 2021 pengalaman profesional staf administrasi data pt karya system deskripsi kompetensi memiliki dedikasi menyelesaikan tugastugas analitis teknis keahlian utama miliki terapkan meliputi problem solving sql excel tableau berkomitmen penuh akselerasi karir transisi kompetensi industri digital ekosistem teknologi,"problem solving, sql, excel, tableau",not specified,other,"problem solving, sql, excel, tableau",pt karya system deskripsi kompetensi memiliki dedikasi menyelesaikan tugastugas analitis,not specified
321,aea7e3dc-fb56-43ed-bcdd-088e75efd288,Aditya Hidayat,staf marketing,curriculum vitae ringkas nama aditya hidayat kontak adityahidayatemailcom riwayat pendidikan binus university kelulusan 2025 pengalaman profesional staf marketing pt inovasi digital indonesia deskripsi kompetensi memiliki dedikasi menyelesaikan tugastugas analitis teknis keahlian utama miliki terapkan meliputi user research adobe illustrator kreativitas prototyping uiux berkomitmen penuh akselerasi karir transisi kompetensi industri digital ekosistem teknologi,"user research, adobe illustrator, kreativitas, prototyping, ui ux",kontak adityahidayatemailcom riwayat pendidikan binus university kelulusan 2025 pengalaman profesional staf,other,"user research, adobe illustrator, kreativitas, prototyping, ui ux",not specified,not specified
322,5b84a985-5a1f-47f8-aa19-53b7bcd8c25e,Amalia Siregar,staf marketing,curriculum vitae ringkas nama amalia siregar kontak amaliasiregaremailcom riwayat pendidikan binus university kelulusan 2021 pengalaman profesional staf marketing pt inti sistem deskripsi kompetensi memiliki dedikasi menyelesaikan tugastugas analitis teknis keahlian utama miliki terapkan meliputi figma uiux user research kreativitas prototyping berkomitmen penuh akselerasi karir transisi kompetensi industri digital ekosistem teknologi,"figma, ui ux, user research, kreativitas, prototyping",kontak amaliasiregaremailcom riwayat pendidikan binus university kelulusan 2021 pengalaman profesional staf,other,"figma, ui ux, user research, kreativitas, prototyping",not specified,not specified
323,b2e94dcb-a009-4b91-b46d-fb22cc413791,Aditya Putra,staf marketing,curriculum vitae ringkas nama aditya putra kontak adityaputraemailcom riwayat pendidikan universitas gadjah mada ugm kelulusan 2021 pengalaman profesional staf marketing pt lancar digital indonesia deskripsi kompetensi memiliki dedikasi menyelesaikan tugastugas analitis teknis keahlian utama miliki terapkan meliputi figma kreativitas adobe illustrator berkomitmen penuh akselerasi karir transisi kompetensi industri digital ekosistem teknologi,"figma, kreativitas, adobe illustrator",not specified,other,"figma, kreativitas, adobe illustrator",not specified,not specified
324,ac39b583-d7e0-4520-9732-4afa316fca52,Putri Putri,ketua bem,curriculum vitae ringkas nama putri putri kontak putriputriemailcom riwayat pendidikan binus university kelulusan 2025 pengalaman profesional ketua bem pt artha data deskripsi kompetensi memiliki dedikasi menyelesaikan tugastugas analitis teknis keahlian utama miliki terapkan meliputi komunikasi microsoft office manajemen berkomitmen penuh akselerasi karir transisi kompetensi industri digital ekosistem teknologi,"komunikasi, microsoft office, manajemen waktu",kontak putriputriemailcom riwayat pendidikan binus university kelulusan 2025 pengalaman profesional ketua,other,"komunikasi, microsoft office, manajemen waktu",not specified,not specified
325,12898d66-6daf-4b11-8b41-83f4c6a4b15f,Rian Putri,content creator,curriculum vitae ringkas nama rian putri kontak rianputriemailcom riwayat pendidikan institut teknologi bandung itb kelulusan 2023 pengalaman profesional content creator pt utama cloud tbk deskripsi kompetensi memiliki dedikasi menyelesaikan tugastugas analitis teknis keahlian utama miliki terapkan meliputi adobe illustrator figma kreativitas berkomitmen penuh akselerasi karir transisi kompetensi industri digital ekosistem teknologi,"adobe illustrator, figma, kreativitas",not specified,other,"adobe illustrator, figma, kreativitas",not specified,not specified
326,fe9d201b-9a54-4104-92f6-b77616add4bf,Jennifer Prabowo,fresh graduate matematika,curriculum vitae ringkas nama jennifer prabowo kontak jenniferprabowoemailcom riwayat pendidikan binus university kelulusan 2024 pengalaman profesional fresh graduate matematika pt nusantara creative deskripsi kompetensi memiliki dedikasi menyelesaikan tugastugas analitis teknis keahlian utama miliki terapkan meliputi sql problem solving excel data visualization berkomitmen penuh akselerasi karir transisi kompetensi industri digital ekosistem teknologi,"sql, problem solving, excel, data visualization",kontak jenniferprabowoemailcom riwayat pendidikan binus university kelulusan 2024 pengalaman profesional fresh,other,"sql, problem solving, excel, data visualization",not specified,not specified
327,8fa1a4e5-958d-4b7a-9b24-b857f3667c03,Yanto Santoso,content creator,curriculum vitae ringkas nama yanto santoso kontak yantosantosoemailcom riwayat pendidikan binus university kelulusan 2024 pengalaman profesional content creator pt digital teknologi deskripsi kompetensi memiliki dedikasi menyelesaikan tugastugas analitis teknis keahlian utama miliki terapkan meliputi prototyping adobe illustrator figma uiux user research berkomitmen penuh akselerasi karir transisi kompetensi industri digital ekosistem teknologi,"prototyping, adobe illustrator, figma, ui ux, user research",kontak yantosantosoemailcom riwayat pendidikan binus university kelulusan 2024 pengalaman profesional content,other,"prototyping, adobe illustrator, figma, ui ux, user research",not specified,not specified
328,2ec87d49-54fc-471c-b39e-e83421b9989b,Mega Santoso,asisten laboratorium komputer,curriculum vitae ringkas nama mega santoso kontak megasantosoemailcom riwayat pendidikan institut teknologi bandung itb kelulusan 2026 pengalaman profesional asisten laboratorium komputer pt berjaya digital indonesia deskripsi kompetensi memiliki dedikasi menyelesaikan tugastugas analitis teknis keahlian utama miliki terapkan meliputi htmlcss postgresql javascript python komunikasi berkomitmen penuh akselerasi karir transisi kompetensi industri digital ekosistem teknologi,"html css, postgresql, javascript, python, komunikasi",not specified,other,"html css, postgresql, javascript, python, komunikasi",not specified,not specified
329,58aac4b5-6321-446e-837a-704b8f8f11dd,Bambang Wijaya,staf marketing,curriculum vitae ringkas nama bambang wijaya kontak bambangwijayaemailcom riwayat pendidikan universitas indonesia ui kelulusan 2025 pengalaman profesional staf marketing pt global system deskripsi kompetensi memiliki dedikasi menyelesaikan tugastugas analitis teknis keahlian utama miliki terapkan meliputi prototyping adobe illustrator user research uiux kreativitas berkomitmen penuh akselerasi karir transisi kompetensi industri digital ekosistem teknologi,"prototyping, adobe illustrator, user research, ui ux, kreativitas",not specified,other,"prototyping, adobe illustrator, user research, ui ux, kreativitas",pt global system deskripsi kompetensi memiliki dedikasi menyelesaikan tugastugas analitis,not specified
330,6df8d1e0-be9b-4954-92a2-0458eebd78bc,Hendra Kurniawan,technical writer,curriculum vitae ringkas nama hendra kurniawan kontak hendrakurniawanemailcom riwayat pendidikan institut teknologi bandung itb kelulusan 2022 pengalaman profesional technical writer pt nusa software deskripsi kompetensi memiliki dedikasi menyelesaikan tugastugas analitis teknis keahlian utama miliki terapkan meliputi komunikasi javascript htmlcss berkomitmen penuh akselerasi karir transisi kompetensi industri digital ekosistem teknologi,"komunikasi, javascript, html css",not specified,other,"komunikasi, javascript, html css",not specified,not specified
331,17fddcac-8a76-4009-9e45-f88b966e2fbd,Eko Hidayat,junior data analyst,curriculum vitae ringkas nama eko hidayat kontak ekohidayatemailcom riwayat pendidikan universitas padjadjaran kelulusan 2022 pengalaman profesional junior data analyst pt utama teknologi tbk deskripsi kompetensi memiliki dedikasi menyelesaikan tugastugas analitis teknis keahlian utama miliki terapkan meliputi tableau problem solving data visualization excel sql berkomitmen penuh akselerasi karir transisi kompetensi industri digital ekosistem teknologi,"tableau, problem solving, data visualization, excel, sql",not specified,other,"tableau, problem solving, data visualization, excel, sql",not specified,pengalaman profesional junior data analyst pt utama | junior data analyst pt utama teknologi tbk
332,e26dede2-a877-4baa-9e47-d3f38d052be2,Sri Putri,asisten peneliti,curriculum vitae ringkas nama sri putri kontak sriputriemailcom riwayat pendidikan universitas indonesia ui kelulusan 2023 pengalaman profesional asisten peneliti pt berjaya hub deskripsi kompetensi memiliki dedikasi menyelesaikan tugastugas analitis teknis keahlian utama miliki terapkan meliputi excel tableau python berkomitmen penuh akselerasi karir transisi kompetensi industri digital ekosistem teknologi,"excel, tableau, python",not specified,other,"excel, tableau, python",not specified,not specified
333,d5044e2d-44d7-49e8-ae90-09f08b1f4948,Budi Nasution,technical writer,curriculum vitae ringkas nama budi nasution kontak budinasutionemailcom riwayat pendidikan institut teknologi sepuluh nopember kelulusan 2025 pengalaman profesional technical writer pt utama system deskripsi kompetensi memiliki dedikasi menyelesaikan tugastugas analitis teknis keahlian utama miliki terapkan meliputi git komunikasi python problem solving berkomitmen penuh akselerasi karir transisi kompetensi industri digital ekosistem teknologi,"git, komunikasi, python, problem solving",not specified,other,"git, komunikasi, python, problem solving",pt utama system deskripsi kompetensi memiliki dedikasi menyelesaikan tugastugas analitis,not specified
334,7f482eaa-a797-4d94-90ad-72572511c66d,Fikran Setiawan,business development intern,curriculum vitae ringkas nama fikran setiawan kontak fikransetiawanemailcom riwayat pendidikan binus university kelulusan 2025 pengalaman profesional business development intern pt sinergi software deskripsi kompetensi memiliki dedikasi menyelesaikan tugastugas analitis teknis keahlian utama miliki terapkan meliputi manajemen agile komunikasi berkomitmen penuh akselerasi karir transisi kompetensi industri digital ekosistem teknologi,"manajemen waktu, agile, komunikasi",kontak fikransetiawanemailcom riwayat pendidikan binus university kelulusan 2025 pengalaman profesional business,business,"manajemen waktu, agile, komunikasi",not specified,business development intern pt sinergi software deskripsi
335,53d73f2c-1edc-41b0-bf4f-5389f23bffb8,Sri Lestari,web developer magang,curriculum vitae ringkas nama sri lestari kontak srilestariemailcom riwayat pendidikan universitas telkom kelulusan 2023 pengalaman profesional web developer magang pt utama hub tbk deskripsi kompetensi memiliki dedikasi menyelesaikan tugastugas analitis teknis keahlian utama miliki terapkan meliputi python komunikasi postgresql berkomitmen penuh akselerasi karir transisi kompetensi industri digital ekosistem teknologi,"python, komunikasi, postgresql",not specified,other,"python, komunikasi, postgresql",not specified,profesional web developer magang pt utama hub
336,533657c9-87ae-4f81-88d2-5ec53e19420f,Dewi Susanto,asisten laboratorium komputer,curriculum vitae ringkas nama dewi susanto kontak dewisusantoemailcom riwayat pendidikan universitas indonesia ui kelulusan 2023 pengalaman profesional asisten laboratorium komputer pt digital system tbk deskripsi kompetensi memiliki dedikasi menyelesaikan tugastugas analitis teknis keahlian utama miliki terapkan meliputi python git problem solving postgresql htmlcss berkomitmen penuh akselerasi karir transisi kompetensi industri digital ekosistem teknologi,"python, git, problem solving, postgresql, html css",not specified,other,"python, git, problem solving, postgresql, html css",pt digital system tbk deskripsi kompetensi memiliki dedikasi menyelesaikan tugastugas,not specified
337,c8a8c8b4-9edf-4361-ac49-5b3c8872cb85,Ahmad Saputra,junior data analyst,curriculum vitae ringkas nama ahmad saputra kontak ahmadsaputraemailcom riwayat pendidikan institut teknologi bandung itb kelulusan 2023 pengalaman profesional junior data analyst pt nusantara sistem deskripsi kompetensi memiliki dedikasi menyelesaikan tugastugas analitis teknis keahlian utama miliki terapkan meliputi python statistika excel problem solving sql berkomitmen penuh akselerasi karir transisi kompetensi industri digital ekosistem teknologi,"python, statistika, excel, problem solving, sql",not specified,other,"python, statistika, excel, problem solving, sql",not specified,pengalaman profesional junior data analyst pt nusantara | junior data analyst pt nusantara sistem deskripsi
338,559fde50-c988-4ed4-b1c4-38591734e021,Deni Wijaya,social media specialist,curriculum vitae ringkas nama deni wijaya kontak deniwijayaemailcom riwayat pendidikan universitas telkom kelulusan 2024 pengalaman profesional social medium specialist pt lancar analitika deskripsi kompetensi memiliki dedikasi menyelesaikan tugastugas analitis teknis keahlian utama miliki terapkan meliputi uiux prototyping figma berkomitmen penuh akselerasi karir transisi kompetensi industri digital ekosistem teknologi,"ui ux, prototyping, figma",not specified,other,"ui ux, prototyping, figma",not specified,social medium specialist pt lancar analitika deskripsi
339,9e21f6b1-2afd-43b8-949c-7b042ad081de,Amalia Gunawan,fresh graduate matematika,curriculum vitae ringkas nama amalia gunawan kontak amaliagunawanemailcom riwayat pendidikan universitas padjadjaran kelulusan 2025 pengalaman profesional fresh graduate matematika pt inti sistem deskripsi kompetensi memiliki dedikasi menyelesaikan tugastugas analitis teknis keahlian utama miliki terapkan meliputi tableau sql excel berkomitmen penuh akselerasi karir transisi kompetensi industri digital ekosistem teknologi,"tableau, sql, excel",not specified,other,"tableau, sql, excel",not specified,not specified
340,5c2e42ca-8666-4b4f-9339-c67d382149b1,Bagus Wijaya,statistisi junior,curriculum vitae ringkas nama bagus wijaya kontak baguswijayaemailcom riwayat pendidikan universitas padjadjaran kelulusan 2026 pengalaman profesional statistisi junior pt sentosa system deskripsi kompetensi memiliki dedikasi menyelesaikan tugastugas analitis teknis keahlian utama miliki terapkan meliputi tableau problem solving data visualization berkomitmen penuh akselerasi karir transisi kompetensi industri digital ekosistem teknologi,"tableau, problem solving, data visualization",not specified,other,"tableau, problem solving, data visualization",pt sentosa system deskripsi kompetensi memiliki dedikasi menyelesaikan tugastugas analitis,profesional statistisi junior pt sentosa system deskripsi
341,d3797fb2-eced-470d-bc0e-f64a056d5e4e,Sri Gunawan,business development intern,curriculum vitae ringkas nama sri gunawan kontak srigunawanemailcom riwayat pendidikan universitas gadjah mada ugm kelulusan 2026 pengalaman profesional business development intern pt solusi analitika tbk deskripsi kompetensi memiliki dedikasi menyelesaikan tugastugas analitis teknis keahlian utama miliki terapkan meliputi komunikasi agile negosiasi berkomitmen penuh akselerasi karir transisi kompetensi industri digital ekosistem teknologi,"komunikasi, agile, negosiasi",not specified,business,"komunikasi, agile, negosiasi",not specified,business development intern pt solusi analitika tbk
342,37e8f421-bf04-4e29-8055-44dc56e124bd,Sri Santoso,junior data analyst,curriculum vitae ringkas nama sri santoso kontak srisantosoemailcom riwayat pendidikan universitas telkom kelulusan 2023 pengalaman profesional junior data analyst pt pratama analitika deskripsi kompetensi memiliki dedikasi menyelesaikan tugastugas analitis teknis keahlian utama miliki terapkan meliputi python tableau data visualization excel statistika berkomitmen penuh akselerasi karir transisi kompetensi industri digital ekosistem teknologi,"python, tableau, data visualization, excel, statistika",not specified,other,"python, tableau, data visualization, excel, statistika",not specified,pengalaman profesional junior data analyst pt pratama | junior data analyst pt pratama analitika deskripsi
343,5631575e-207d-4deb-9cb2-9cfda31bb23a,Andi Santoso,social media specialist,curriculum vitae ringkas nama andi santoso kontak andisantosoemailcom riwayat pendidikan binus university kelulusan 2021 pengalaman profesional social medium specialist pt berjaya hub deskripsi kompetensi memiliki dedikasi menyelesaikan tugastugas analitis teknis keahlian utama miliki terapkan meliputi figma prototyping kreativitas berkomitmen penuh akselerasi karir transisi kompetensi industri digital ekosistem teknologi,"figma, prototyping, kreativitas",kontak andisantosoemailcom riwayat pendidikan binus university kelulusan 2021 pengalaman profesional social,other,"figma, prototyping, kreativitas",not specified,social medium specialist pt berjaya hub deskripsi
344,c6c0441e-75e1-4586-907e-53067ae6b53d,Albi Putra,technical writer,curriculum vitae ringkas nama albi putra kontak albiputraemailcom riwayat pendidikan universitas indonesia ui kelulusan 2022 pengalaman profesional technical writer pt utama system deskripsi kompetensi memiliki dedikasi menyelesaikan tugastugas analitis teknis keahlian utama miliki terapkan meliputi git javascript problem solving komunikasi htmlcss berkomitmen penuh akselerasi karir transisi kompetensi industri digital ekosistem teknologi,"git, javascript, problem solving, komunikasi, html css",not specified,other,"git, javascript, problem solving, komunikasi, html css",pt utama system deskripsi kompetensi memiliki dedikasi menyelesaikan tugastugas analitis,not specified
345,6221bb7a-9a1f-499a-8d90-ef0da42fb43a,Taufik Sari,content creator,curriculum vitae ringkas nama taufik sari kontak taufiksariemailcom riwayat pendidikan universitas airlangga kelulusan 2021 pengalaman profesional content creator pt maju digital indonesia deskripsi kompetensi memiliki dedikasi menyelesaikan tugastugas analitis teknis keahlian utama miliki terapkan meliputi figma user research prototyping kreativitas berkomitmen penuh akselerasi karir transisi kompetensi industri digital ekosistem teknologi,"figma, user research, prototyping, kreativitas",not specified,other,"figma, user research, prototyping, kreativitas",not specified,not specified
346,9384710f-b5db-4ff9-997b-da761bbd5029,Budi Putra,staf administrasi data,curriculum vitae ringkas nama budi putra kontak budiputraemailcom riwayat pendidikan universitas gadjah mada ugm kelulusan 2021 pengalaman profesional staf administrasi data pt buana software deskripsi kompetensi memiliki dedikasi menyelesaikan tugastugas analitis teknis keahlian utama miliki terapkan meliputi problem solving sql excel python berkomitmen penuh akselerasi karir transisi kompetensi industri digital ekosistem teknologi,"problem solving, sql, excel, python",not specified,other,"problem solving, sql, excel, python",not specified,not specified
347,a8b485a0-1252-4f65-9210-3cd83bb4cba3,Agus Setiawan,technical writer,curriculum vitae ringkas nama agus setiawan kontak agussetiawanemailcom riwayat pendidikan universitas padjadjaran kelulusan 2024 pengalaman profesional technical writer pt inovasi cloud deskripsi kompetensi memiliki dedikasi menyelesaikan tugastugas analitis teknis keahlian utama miliki terapkan meliputi problem solving javascript git berkomitmen penuh akselerasi karir transisi kompetensi industri digital ekosistem teknologi,"problem solving, javascript, git",not specified,other,"problem solving, javascript, git",not specified,not specified
348,f00b1fa6-5013-49c5-8a1d-e23d066b9e1a,Fikran Budiman,social media specialist,curriculum vitae ringkas nama fikran budiman kontak fikranbudimanemailcom riwayat pendidikan universitas indonesia ui kelulusan 2022 pengalaman profesional social medium specialist pt buana software deskripsi kompetensi memiliki dedikasi menyelesaikan tugastugas analitis teknis keahlian utama miliki terapkan meliputi user research adobe illustrator figma uiux berkomitmen penuh akselerasi karir transisi kompetensi industri digital ekosistem teknologi,"user research, adobe illustrator, figma, ui ux",not specified,other,"user research, adobe illustrator, figma, ui ux",not specified,social medium specialist pt buana software deskripsi
349,d86f44c5-2b6c-4d18-b7b2-bcbc41c88cb7,Taufik Sitorus,asisten peneliti,curriculum vitae ringkas nama taufik sitorus kontak taufiksitorusemailcom riwayat pendidikan universitas padjadjaran kelulusan 2021 pengalaman profesional asisten peneliti pt maju system deskripsi kompetensi memiliki dedikasi menyelesaikan tugastugas analitis teknis keahlian utama miliki terapkan meliputi sql statistika tableau data visualization excel berkomitmen penuh akselerasi karir transisi kompetensi industri digital ekosistem teknologi,"sql, statistika, tableau, data visualization, excel",not specified,other,"sql, statistika, tableau, data visualization, excel",pt maju system deskripsi kompetensi memiliki dedikasi menyelesaikan tugastugas analitis,not specified
350,e5fcf95a-a79a-4e22-a4d4-8323b88a8069,Agus Setiawan,statistisi junior,curriculum vitae ringkas nama agus setiawan kontak agussetiawanemailcom riwayat pendidikan universitas indonesia ui kelulusan 2024 pengalaman profesional statistisi junior pt inti software tbk deskripsi kompetensi memiliki dedikasi menyelesaikan tugastugas analitis teknis keahlian utama miliki terapkan meliputi excel problem solving python sql berkomitmen penuh akselerasi karir transisi kompetensi industri digital ekosistem teknologi,"excel, problem solving, python, sql",not specified,other,"excel, problem solving, python, sql",not specified,profesional statistisi junior pt inti software tbk
351,87e3f5b5-2709-4850-a602-d9b99a2f2c3c,Eko Budiman,fresh graduate matematika,curriculum vitae ringkas nama eko budiman kontak ekobudimanemailcom riwayat pendidikan binus university kelulusan 2026 pengalaman profesional fresh graduate matematika pt maju data deskripsi kompetensi memiliki dedikasi menyelesaikan tugastugas analitis teknis keahlian utama miliki terapkan meliputi problem solving sql data visualization statistika excel berkomitmen penuh akselerasi karir transisi kompetensi industri digital ekosistem teknologi,"problem solving, sql, data visualization, statistika, excel",kontak ekobudimanemailcom riwayat pendidikan binus university kelulusan 2026 pengalaman profesional fresh,other,"problem solving, sql, data visualization, statistika, excel",not specified,not specified
352,66580d29-d1d7-47c5-b41f-872d0a158d6c,Putri Gunawan,it support,curriculum vitae ringkas nama putri gunawan kontak putrigunawanemailcom riwayat pendidikan universitas indonesia ui kelulusan 2024 pengalaman profesional support pt buana data deskripsi kompetensi memiliki dedikasi menyelesaikan tugastugas analitis teknis keahlian utama miliki terapkan meliputi postgresql python problem solving berkomitmen penuh akselerasi karir transisi kompetensi industri digital ekosistem teknologi,"postgresql, python, problem solving",not specified,other,"postgresql, python, problem solving",not specified,not specified
353,407b1b45-f9f2-4fa3-ba8b-3bac6162d84f,Deni Susanto,business development intern,curriculum vitae ringkas nama deni susanto kontak denisusantoemailcom riwayat pendidikan universitas indonesia ui kelulusan 2022 pengalaman profesional business development intern pt maju software deskripsi kompetensi memiliki dedikasi menyelesaikan tugastugas analitis teknis keahlian utama miliki terapkan meliputi negosiasi microsoft office agile berkomitmen penuh akselerasi karir transisi kompetensi industri digital ekosistem teknologi,"negosiasi, microsoft office, agile",not specified,business,"negosiasi, microsoft office, agile",not specified,business development intern pt maju software deskripsi
354,b81b90bc-70f3-41d7-ae99-5952392be72a,Velicia Setiawan,web developer magang,curriculum vitae ringkas nama velicia setiawan kontak veliciasetiawanemailcom riwayat pendidikan institut teknologi sepuluh nopember kelulusan 2021 pengalaman profesional web developer magang pt lancar teknologi deskripsi kompetensi memiliki dedikasi menyelesaikan tugastugas analitis teknis keahlian utama miliki terapkan meliputi komunikasi javascript postgresql problem solving python berkomitmen penuh akselerasi karir transisi kompetensi industri digital ekosistem teknologi,"komunikasi, javascript, postgresql, problem solving, python",not specified,other,"komunikasi, javascript, postgresql, problem solving, python",not specified,profesional web developer magang pt lancar teknologi
355,04f19377-067f-4617-99b3-52a025ecad16,Albi Prabowo,junior programmer,curriculum vitae ringkas nama albi prabowo kontak albiprabowoemailcom riwayat pendidikan binus university kelulusan 2021 pengalaman profesional junior programmer pt utama software tbk deskripsi kompetensi memiliki dedikasi menyelesaikan tugastugas analitis teknis keahlian utama miliki terapkan meliputi postgresql python javascript htmlcss komunikasi berkomitmen penuh akselerasi karir transisi kompetensi industri digital ekosistem teknologi,"postgresql, python, javascript, html css, komunikasi",kontak albiprabowoemailcom riwayat pendidikan binus university kelulusan 2021 pengalaman profesional junior,other,"postgresql, python, javascript, html css, komunikasi",not specified,pengalaman profesional junior programmer pt utama software
356,b7b13f0f-5893-477e-9963-1978f935ce11,Rizky Susanto,web developer magang,curriculum vitae ringkas nama rizky susanto kontak rizkysusantoemailcom riwayat pendidikan institut teknologi sepuluh nopember kelulusan 2026 pengalaman profesional web developer magang pt sentosa digital indonesia deskripsi kompetensi memiliki dedikasi menyelesaikan tugastugas analitis teknis keahlian utama miliki terapkan meliputi htmlcss komunikasi python berkomitmen penuh akselerasi karir transisi kompetensi industri digital ekosistem teknologi,"html css, komunikasi, python",not specified,other,"html css, komunikasi, python",not specified,profesional web developer magang pt sentosa digital
357,31763c40-5903-4329-9ce5-6314ec22d7cd,Siti Saputra,statistisi junior,curriculum vitae ringkas nama siti saputra kontak sitisaputraemailcom riwayat pendidikan institut teknologi sepuluh nopember kelulusan 2021 pengalaman profesional statistisi junior pt inti sistem deskripsi kompetensi memiliki dedikasi menyelesaikan tugastugas analitis teknis keahlian utama miliki terapkan meliputi python excel data visualization problem solving berkomitmen penuh akselerasi karir transisi kompetensi industri digital ekosistem teknologi,"python, excel, data visualization, problem solving",not specified,other,"python, excel, data visualization, problem solving",not specified,profesional statistisi junior pt inti sistem deskripsi
358,d3167a91-c130-4fe8-837b-4fe109558a6d,Putri Kurniawan,asisten laboratorium komputer,curriculum vitae ringkas nama putri kurniawan kontak putrikurniawanemailcom riwayat pendidikan universitas gadjah mada ugm kelulusan 2022 pengalaman profesional asisten laboratorium komputer pt karya data deskripsi kompetensi memiliki dedikasi menyelesaikan tugastugas analitis teknis keahlian utama miliki terapkan meliputi komunikasi problem solving htmlcss git berkomitmen penuh akselerasi karir transisi kompetensi industri digital ekosistem teknologi,"komunikasi, problem solving, html css, git",not specified,other,"komunikasi, problem solving, html css, git",not specified,not specified
359,6447b6da-e83b-46fe-a9d7-dad63db3d2bd,Taufik Nasution,graphic designer,curriculum vitae ringkas nama taufik nasution kontak taufiknasutionemailcom riwayat pendidikan universitas padjadjaran kelulusan 2022 pengalaman profesional graphic designer pt medium analitika deskripsi kompetensi memiliki dedikasi menyelesaikan tugastugas analitis teknis keahlian utama miliki terapkan meliputi kreativitas prototyping user research uiux adobe illustrator berkomitmen penuh akselerasi karir transisi kompetensi industri digital ekosistem teknologi,"kreativitas, prototyping, user research, ui ux, adobe illustrator",not specified,other,"kreativitas, prototyping, user research, ui ux, adobe illustrator",not specified,not specified
360,26472baa-35e5-42ea-a048-05d018a5a8a8,Andi Santoso,hr staff,curriculum vitae ringkas nama andi santoso kontak andisantosoemailcom riwayat pendidikan universitas padjadjaran kelulusan 2023 pengalaman profesional hr staff pt pratama analitika deskripsi kompetensi memiliki dedikasi menyelesaikan tugastugas analitis teknis keahlian utama miliki terapkan meliputi leadership manajemen agile berkomitmen penuh akselerasi karir transisi kompetensi industri digital ekosistem teknologi,"leadership, manajemen waktu, agile",not specified,other,"leadership, manajemen waktu, agile",not specified,terapkan meliputi leadership manajemen agile berkomitmen penuh
361,0e5e863b-3a6b-4cc7-84f5-25e1e78cbc90,Rian Kurniawan,social media specialist,curriculum vitae ringkas nama rian kurniawan kontak riankurniawanemailcom riwayat pendidikan universitas indonesia ui kelulusan 2023 pengalaman profesional social medium specialist pt lancar data tbk deskripsi kompetensi memiliki dedikasi menyelesaikan tugastugas analitis teknis keahlian utama miliki terapkan meliputi user research prototyping figma berkomitmen penuh akselerasi karir transisi kompetensi industri digital ekosistem teknologi,"user research, prototyping, figma",not specified,other,"user research, prototyping, figma",not specified,social medium specialist pt lancar data tbk
362,848baad8-8a0e-46f7-bede-cd5db63c8e67,Orell Budiman,content creator,curriculum vitae ringkas nama orell budiman kontak orellbudimanemailcom riwayat pendidikan universitas gadjah mada ugm kelulusan 2021 pengalaman profesional content creator pt lancar software deskripsi kompetensi memiliki dedikasi menyelesaikan tugastugas analitis teknis keahlian utama miliki terapkan meliputi adobe illustrator uiux user research kreativitas berkomitmen penuh akselerasi karir transisi kompetensi industri digital ekosistem teknologi,"adobe illustrator, ui ux, user research, kreativitas",not specified,other,"adobe illustrator, ui ux, user research, kreativitas",not specified,not specified
363,02c56b21-2e2f-4df0-b250-e7e47a0222c7,Bambang Ramadhan,web developer magang,curriculum vitae ringkas nama bambang ramadhan kontak bambangramadhanemailcom riwayat pendidikan institut teknologi bandung itb kelulusan 2024 pengalaman profesional web developer magang pt sinergi hub deskripsi kompetensi memiliki dedikasi menyelesaikan tugastugas analitis teknis keahlian utama miliki terapkan meliputi komunikasi htmlcss python git problem solving berkomitmen penuh akselerasi karir transisi kompetensi industri digital ekosistem teknologi,"komunikasi, html css, python, git, problem solving",not specified,other,"komunikasi, html css, python, git, problem solving",not specified,profesional web developer magang pt sinergi hub
364,56dc0a80-5b35-494f-8bc3-b5071b981e49,Siti Sari,it support,curriculum vitae ringkas nama siti sari kontak sitisariemailcom riwayat pendidikan universitas telkom kelulusan 2021 pengalaman profesional support pt citra sistem deskripsi kompetensi memiliki dedikasi menyelesaikan tugastugas analitis teknis keahlian utama miliki terapkan meliputi problem solving javascript postgresql git berkomitmen penuh akselerasi karir transisi kompetensi industri digital ekosistem teknologi,"problem solving, javascript, postgresql, git",not specified,other,"problem solving, javascript, postgresql, git",not specified,not specified
365,b0b378d5-75cf-4f5c-b6f0-17873af2c35c,Aditya Kurniawan,web developer magang,curriculum vitae ringkas nama aditya kurniawan kontak adityakurniawanemailcom riwayat pendidikan institut teknologi sepuluh nopember kelulusan 2023 pengalaman profesional web developer magang pt digital system deskripsi kompetensi memiliki dedikasi menyelesaikan tugastugas analitis teknis keahlian utama miliki terapkan meliputi komunikasi javascript problem solving python htmlcss berkomitmen penuh akselerasi karir transisi kompetensi industri digital ekosistem teknologi,"komunikasi, javascript, problem solving, python, html css",not specified,other,"komunikasi, javascript, problem solving, python, html css",pt digital system deskripsi kompetensi memiliki dedikasi menyelesaikan tugastugas analitis,profesional web developer magang pt digital system
366,575187f0-bc03-42fe-9417-aa4ee17939ba,Eko Sitorus,junior data analyst,curriculum vitae ringkas nama eko sitorus kontak ekositorusemailcom riwayat pendidikan universitas indonesia ui kelulusan 2025 pengalaman profesional junior data analyst pt lancar sistem deskripsi kompetensi memiliki dedikasi menyelesaikan tugastugas analitis teknis keahlian utama miliki terapkan meliputi sql data visualization tableau excel berkomitmen penuh akselerasi karir transisi kompetensi industri digital ekosistem teknologi,"sql, data visualization, tableau, excel",not specified,other,"sql, data visualization, tableau, excel",not specified,pengalaman profesional junior data analyst pt lancar | junior data analyst pt lancar sistem deskripsi
367,a49a00bf-0944-498a-a269-0c66a13c8dea,Jennifer Setiawan,ketua bem,curriculum vitae ringkas nama jennifer setiawan kontak jennifersetiawanemailcom riwayat pendidikan universitas telkom kelulusan 2026 pengalaman profesional ketua bem pt solusi hub deskripsi kompetensi memiliki dedikasi menyelesaikan tugastugas analitis teknis keahlian utama miliki terapkan meliputi manajemen negosiasi agile leadership berkomitmen penuh akselerasi karir transisi kompetensi industri digital ekosistem teknologi,"manajemen waktu, negosiasi, agile, leadership",not specified,other,"manajemen waktu, negosiasi, agile, leadership",not specified,negosiasi agile leadership berkomitmen penuh akselerasi karir
368,7c303a73-17b8-4b23-a7d5-410776a12958,Agus Wijaya,fresh graduate matematika,curriculum vitae ringkas nama agus wijaya kontak aguswijayaemailcom riwayat pendidikan binus university kelulusan 2022 pengalaman profesional fresh graduate matematika pt solusi sistem tbk deskripsi kompetensi memiliki dedikasi menyelesaikan tugastugas analitis teknis keahlian utama miliki terapkan meliputi data visualization statistika tableau problem solving berkomitmen penuh akselerasi karir transisi kompetensi industri digital ekosistem teknologi,"data visualization, statistika, tableau, problem solving",kontak aguswijayaemailcom riwayat pendidikan binus university kelulusan 2022 pengalaman profesional fresh,other,"data visualization, statistika, tableau, problem solving",not specified,not specified
369,c0c15d46-54de-4d13-899c-ce7b54ad0823,Taufik Gunawan,staf marketing,curriculum vitae ringkas nama taufik gunawan kontak taufikgunawanemailcom riwayat pendidikan universitas indonesia ui kelulusan 2026 pengalaman profesional staf marketing pt global software deskripsi kompetensi memiliki dedikasi menyelesaikan tugastugas analitis teknis keahlian utama miliki terapkan meliputi uiux figma kreativitas berkomitmen penuh akselerasi karir transisi kompetensi industri digital ekosistem teknologi,"ui ux, figma, kreativitas",not specified,other,"ui ux, figma, kreativitas",not specified,not specified
370,52ffc14f-9075-4423-af39-02b411ace460,Anita Sari,social media specialist,curriculum vitae ringkas nama anita sari kontak anitasariemailcom riwayat pendidikan binus university kelulusan 2022 pengalaman profesional social medium specialist pt maju software deskripsi kompetensi memiliki dedikasi menyelesaikan tugastugas analitis teknis keahlian utama miliki terapkan meliputi figma adobe illustrator uiux user research prototyping berkomitmen penuh akselerasi karir transisi kompetensi industri digital ekosistem teknologi,"figma, adobe illustrator, ui ux, user research, prototyping",kontak anitasariemailcom riwayat pendidikan binus university kelulusan 2022 pengalaman profesional social | curriculum vitae ringkas nama anita sari kontak anitasariemailcom riwayat pendidikan | ringkas nama anita sari kontak anitasariemailcom riwayat pendidikan binus university kelulusan,other,"figma, adobe illustrator, ui ux, user research, prototyping",not specified,social medium specialist pt maju software deskripsi
371,b67127c8-5b35-4124-90ed-636cfb6196d5,Jennifer Setiawan,junior programmer,curriculum vitae ringkas nama jennifer setiawan kontak jennifersetiawanemailcom riwayat pendidikan universitas padjadjaran kelulusan 2024 pengalaman profesional junior programmer pt sentosa hub deskripsi kompetensi memiliki dedikasi menyelesaikan tugastugas analitis teknis keahlian utama miliki terapkan meliputi postgresql git python problem solving komunikasi berkomitmen penuh akselerasi karir transisi kompetensi industri digital ekosistem teknologi,"postgresql, git, python, problem solving, komunikasi",not specified,other,"postgresql, git, python, problem solving, komunikasi",not specified,pengalaman profesional junior programmer pt sentosa hub
372,4da7696a-ece4-4577-a928-2d7c7bc992e2,Siti Putri,social media specialist,curriculum vitae ringkas nama siti putri kontak sitiputriemailcom riwayat pendidikan universitas gadjah mada ugm kelulusan 2021 pengalaman profesional social medium specialist pt solusi analitika deskripsi kompetensi memiliki dedikasi menyelesaikan tugastugas analitis teknis keahlian utama miliki terapkan meliputi user research figma adobe illustrator prototyping kreativitas berkomitmen penuh akselerasi karir transisi kompetensi industri digital ekosistem teknologi,"user research, figma, adobe illustrator, prototyping, kreativitas",not specified,other,"user research, figma, adobe illustrator, prototyping, kreativitas",not specified,social medium specialist pt solusi analitika deskripsi
373,8217bf4e-e088-478b-b1fd-657d764385f2,Rizky Hidayat,fresh graduate matematika,curriculum vitae ringkas nama rizky hidayat kontak rizkyhidayatemailcom riwayat pendidikan universitas padjadjaran kelulusan 2021 pengalaman profesional fresh graduate matematika pt karya sistem deskripsi kompetensi memiliki dedikasi menyelesaikan tugastugas analitis teknis keahlian utama miliki terapkan meliputi python tableau data visualization problem solving sql berkomitmen penuh akselerasi karir transisi kompetensi industri digital ekosistem teknologi,"python, tableau, data visualization, problem solving, sql",not specified,other,"python, tableau, data visualization, problem solving, sql",not specified,not specified
374,2675a436-a7e2-48a1-a03a-20759aacde8e,Dewi Prabowo,junior programmer,curriculum vitae ringkas nama dewi prabowo kontak dewiprabowoemailcom riwayat pendidikan universitas gadjah mada ugm kelulusan 2022 pengalaman profesional junior programmer pt sentosa sistem deskripsi kompetensi memiliki dedikasi menyelesaikan tugastugas analitis teknis keahlian utama miliki terapkan meliputi git problem solving htmlcss postgresql berkomitmen penuh akselerasi karir transisi kompetensi industri digital ekosistem teknologi,"git, problem solving, html css, postgresql",not specified,other,"git, problem solving, html css, postgresql",not specified,pengalaman profesional junior programmer pt sentosa sistem
375,89f8b030-1415-44f2-8018-1cbc033f21c7,Bagus Kurniawan,staf administrasi data,curriculum vitae ringkas nama bagus kurniawan kontak baguskurniawanemailcom riwayat pendidikan institut teknologi sepuluh nopember kelulusan 2023 pengalaman profesional staf administrasi data pt utama teknologi deskripsi kompetensi memiliki dedikasi menyelesaikan tugastugas analitis teknis keahlian utama miliki terapkan meliputi problem solving excel sql berkomitmen penuh akselerasi karir transisi kompetensi industri digital ekosistem teknologi,"problem solving, excel, sql",not specified,other,"problem solving, excel, sql",not specified,not specified
376,9834a48b-5665-4b33-a9f7-48bf720f5bad,Fikran Kurniawan,technical writer,curriculum vitae ringkas nama fikran kurniawan kontak fikrankurniawanemailcom riwayat pendidikan universitas telkom kelulusan 2024 pengalaman profesional technical writer pt utama software tbk deskripsi kompetensi memiliki dedikasi menyelesaikan tugastugas analitis teknis keahlian utama miliki terapkan meliputi komunikasi postgresql htmlcss problem solving berkomitmen penuh akselerasi karir transisi kompetensi industri digital ekosistem teknologi,"komunikasi, postgresql, html css, problem solving",not specified,other,"komunikasi, postgresql, html css, problem solving",not specified,not specified
377,44a7a858-8bc9-4c49-b17b-9697efc27112,Amalia Nasution,junior data analyst,curriculum vitae ringkas nama amalia nasution kontak amalianasutionemailcom riwayat pendidikan universitas indonesia ui kelulusan 2025 pengalaman profesional junior data analyst pt solusi data deskripsi kompetensi memiliki dedikasi menyelesaikan tugastugas analitis teknis keahlian utama miliki terapkan meliputi python statistika tableau excel berkomitmen penuh akselerasi karir transisi kompetensi industri digital ekosistem teknologi,"python, statistika, tableau, excel",not specified,other,"python, statistika, tableau, excel",not specified,pengalaman profesional junior data analyst pt solusi | junior data analyst pt solusi data deskripsi
378,5eaed0a2-4965-4193-a307-30fc8c9b36e1,Sri Siregar,fresh graduate matematika,curriculum vitae ringkas nama sri siregar kontak srisiregaremailcom riwayat pendidikan universitas gadjah mada ugm kelulusan 2024 pengalaman profesional fresh graduate matematika pt medium sistem deskripsi kompetensi memiliki dedikasi menyelesaikan tugastugas analitis teknis keahlian utama miliki terapkan meliputi statistika problem solving excel python sql berkomitmen penuh akselerasi karir transisi kompetensi industri digital ekosistem teknologi,"statistika, problem solving, excel, python, sql",not specified,other,"statistika, problem solving, excel, python, sql",not specified,not specified
379,729734ff-3829-4b22-b498-8b9be386d040,Albi Susanto,staf administrasi data,curriculum vitae ringkas nama albi susanto kontak albisusantoemailcom riwayat pendidikan universitas telkom kelulusan 2024 pengalaman profesional staf administrasi data pt tekno hub deskripsi kompetensi memiliki dedikasi menyelesaikan tugastugas analitis teknis keahlian utama miliki terapkan meliputi statistika excel problem solving python berkomitmen penuh akselerasi karir transisi kompetensi industri digital ekosistem teknologi,"statistika, excel, problem solving, python",not specified,other,"statistika, excel, problem solving, python",not specified,not specified
380,2b8aa7ac-4dd1-405f-b990-8db367f11f2b,Budi Sitorus,staf marketing,curriculum vitae ringkas nama budi sitorus kontak budisitorusemailcom riwayat pendidikan institut teknologi sepuluh nopember kelulusan 2025 pengalaman profesional staf marketing pt inovasi analitika tbk deskripsi kompetensi memiliki dedikasi menyelesaikan tugastugas analitis teknis keahlian utama miliki terapkan meliputi figma prototyping adobe illustrator user research kreativitas berkomitmen penuh akselerasi karir transisi kompetensi industri digital ekosistem teknologi,"figma, prototyping, adobe illustrator, user research, kreativitas",not specified,other,"figma, prototyping, adobe illustrator, user research, kreativitas",not specified,not specified
381,5c769ef2-3547-4191-a729-e89cf652c657,Aditya Lestari,project administrator,curriculum vitae ringkas nama aditya lestari kontak adityalestariemailcom riwayat pendidikan institut teknologi sepuluh nopember kelulusan 2023 pengalaman profesional project administrator pt pratama software deskripsi kompetensi memiliki dedikasi menyelesaikan tugastugas analitis teknis keahlian utama miliki terapkan meliputi komunikasi negosiasi leadership agile berkomitmen penuh akselerasi karir transisi kompetensi industri digital ekosistem teknologi,"komunikasi, negosiasi, leadership, agile",not specified,other,"komunikasi, negosiasi, leadership, agile",pengalaman profesional project administrator pt pratama software deskripsi kompetensi memiliki,komunikasi negosiasi leadership agile berkomitmen penuh akselerasi
382,40bf2286-203b-42b3-ad58-d6e22b7ff2ac,Ahmad Hidayat,web developer magang,curriculum vitae ringkas nama ahmad hidayat kontak ahmadhidayatemailcom riwayat pendidikan universitas telkom kelulusan 2025 pengalaman profesional web developer magang pt lancar sistem deskripsi kompetensi memiliki dedikasi menyelesaikan tugastugas analitis teknis keahlian utama miliki terapkan meliputi komunikasi postgresql htmlcss berkomitmen penuh akselerasi karir transisi kompetensi industri digital ekosistem teknologi,"komunikasi, postgresql, html css",not specified,other,"komunikasi, postgresql, html css",not specified,profesional web developer magang pt lancar sistem
383,a4cc35ea-b60b-4306-8a7a-576d81db039d,Bambang Utomo,content creator,curriculum vitae ringkas nama bambang utomo kontak bambangutomoemailcom riwayat pendidikan institut teknologi sepuluh nopember kelulusan 2021 pengalaman profesional content creator pt digital analitika deskripsi kompetensi memiliki dedikasi menyelesaikan tugastugas analitis teknis keahlian utama miliki terapkan meliputi uiux kreativitas prototyping user research figma berkomitmen penuh akselerasi karir transisi kompetensi industri digital ekosistem teknologi,"ui ux, kreativitas, prototyping, user research, figma",not specified,other,"ui ux, kreativitas, prototyping, user research, figma",not specified,not specified
384,48f3968e-a6f5-45df-aee8-6761faf9a697,Eko Ramadhan,content creator,curriculum vitae ringkas nama eko ramadhan kontak ekoramadhanemailcom riwayat pendidikan universitas airlangga kelulusan 2026 pengalaman profesional content creator pt inovasi teknologi deskripsi kompetensi memiliki dedikasi menyelesaikan tugastugas analitis teknis keahlian utama miliki terapkan meliputi adobe illustrator figma kreativitas berkomitmen penuh akselerasi karir transisi kompetensi industri digital ekosistem teknologi,"adobe illustrator, figma, kreativitas",not specified,other,"adobe illustrator, figma, kreativitas",not specified,not specified
385,4c95cc25-e4f6-447a-b613-c94fc99dff5e,Yanto Sitorus,technical writer,curriculum vitae ringkas nama yanto sitorus kontak yantositorusemailcom riwayat pendidikan universitas indonesia ui kelulusan 2026 pengalaman profesional technical writer pt citra sistem deskripsi kompetensi memiliki dedikasi menyelesaikan tugastugas analitis teknis keahlian utama miliki terapkan meliputi javascript komunikasi python htmlcss git berkomitmen penuh akselerasi karir transisi kompetensi industri digital ekosistem teknologi,"javascript, komunikasi, python, html css, git",not specified,other,"javascript, komunikasi, python, html css, git",not specified,not specified
386,d4c08aba-f9e5-4e51-96c7-b973410779d1,Bambang Hidayat,staf administrasi data,curriculum vitae ringkas nama bambang hidayat kontak bambanghidayatemailcom riwayat pendidikan institut teknologi sepuluh nopember kelulusan 2025 pengalaman profesional staf administrasi data pt global teknologi tbk deskripsi kompetensi memiliki dedikasi menyelesaikan tugastugas analitis teknis keahlian utama miliki terapkan meliputi excel tableau sql python statistika berkomitmen penuh akselerasi karir transisi kompetensi industri digital ekosistem teknologi,"excel, tableau, sql, python, statistika",not specified,other,"excel, tableau, sql, python, statistika",not specified,not specified
387,9a6b3997-a3bd-49ae-bc08-b6800d771de5,Bambang Ramadhan,sales executive,curriculum vitae ringkas nama bambang ramadhan kontak bambangramadhanemailcom riwayat pendidikan universitas telkom kelulusan 2021 pengalaman profesional sale executive pt berjaya cloud tbk deskripsi kompetensi memiliki dedikasi menyelesaikan tugastugas analitis teknis keahlian utama miliki terapkan meliputi leadership manajemen microsoft office agile berkomitmen penuh akselerasi karir transisi kompetensi industri digital ekosistem teknologi,"leadership, manajemen waktu, microsoft office, agile",not specified,other,"leadership, manajemen waktu, microsoft office, agile",not specified,terapkan meliputi leadership manajemen microsoft office agile
388,2d3095d8-6e09-487e-b1f4-70a188851635,Hendra Wijaya,fresh graduate matematika,curriculum vitae ringkas nama hendra wijaya kontak hendrawijayaemailcom riwayat pendidikan binus university kelulusan 2023 pengalaman profesional fresh graduate matematika pt nusa software deskripsi kompetensi memiliki dedikasi menyelesaikan tugastugas analitis teknis keahlian utama miliki terapkan meliputi excel problem solving data visualization tableau berkomitmen penuh akselerasi karir transisi kompetensi industri digital ekosistem teknologi,"excel, problem solving, data visualization, tableau",kontak hendrawijayaemailcom riwayat pendidikan binus university kelulusan 2023 pengalaman profesional fresh,other,"excel, problem solving, data visualization, tableau",not specified,not specified
389,56f0a631-168f-4147-9164-38448efacbc1,Bambang Sari,junior programmer,curriculum vitae ringkas nama bambang sari kontak bambangsariemailcom riwayat pendidikan universitas telkom kelulusan 2021 pengalaman profesional junior programmer pt citra cloud deskripsi kompetensi memiliki dedikasi menyelesaikan tugastugas analitis teknis keahlian utama miliki terapkan meliputi git problem solving htmlcss postgresql berkomitmen penuh akselerasi karir transisi kompetensi industri digital ekosistem teknologi,"git, problem solving, html css, postgresql",not specified,other,"git, problem solving, html css, postgresql",not specified,pengalaman profesional junior programmer pt citra cloud
390,c1aa97ce-7cf7-4650-98b4-194b1adeb565,Rian Susanto,ui designer magang,curriculum vitae ringkas nama rian susanto kontak riansusantoemailcom riwayat pendidikan institut teknologi bandung itb kelulusan 2022 pengalaman profesional ui designer magang pt solusi sistem deskripsi kompetensi memiliki dedikasi menyelesaikan tugastugas analitis teknis keahlian utama miliki terapkan meliputi adobe illustrator figma prototyping berkomitmen penuh akselerasi karir transisi kompetensi industri digital ekosistem teknologi,"adobe illustrator, figma, prototyping",not specified,other,"adobe illustrator, figma, prototyping",not specified,not specified
391,7431b429-9cd7-4165-a11e-8c40c4b09972,Dewi Saputra,statistisi junior,curriculum vitae ringkas nama dewi saputra kontak dewisaputraemailcom riwayat pendidikan institut teknologi sepuluh nopember kelulusan 2021 pengalaman profesional statistisi junior pt citra data deskripsi kompetensi memiliki dedikasi menyelesaikan tugastugas analitis teknis keahlian utama miliki terapkan meliputi statistika sql excel data visualization berkomitmen penuh akselerasi karir transisi kompetensi industri digital ekosistem teknologi,"statistika, sql, excel, data visualization",not specified,other,"statistika, sql, excel, data visualization",not specified,profesional statistisi junior pt citra data deskripsi
392,a3482359-d360-4455-8191-d3921a3766f6,Mega Prabowo,content creator,curriculum vitae ringkas nama mega prabowo kontak megaprabowoemailcom riwayat pendidikan universitas telkom kelulusan 2023 pengalaman profesional content creator pt medium hub deskripsi kompetensi memiliki dedikasi menyelesaikan tugastugas analitis teknis keahlian utama miliki terapkan meliputi adobe illustrator figma user research berkomitmen penuh akselerasi karir transisi kompetensi industri digital ekosistem teknologi,"adobe illustrator, figma, user research",not specified,other,"adobe illustrator, figma, user research",not specified,not specified
393,64206b83-4209-4b23-9e43-d4d7f07b23e8,Budi Siregar,junior data analyst,curriculum vitae ringkas nama budi siregar kontak budisiregaremailcom riwayat pendidikan universitas indonesia ui kelulusan 2025 pengalaman profesional junior data analyst pt lancar digital indonesia deskripsi kompetensi memiliki dedikasi menyelesaikan tugastugas analitis teknis keahlian utama miliki terapkan meliputi data visualization excel problem solving sql berkomitmen penuh akselerasi karir transisi kompetensi industri digital ekosistem teknologi,"data visualization, excel, problem solving, sql",not specified,other,"data visualization, excel, problem solving, sql",not specified,pengalaman profesional junior data analyst pt lancar | junior data analyst pt lancar digital indonesia
394,36023d5d-127a-4332-a002-206cfb36db94,Yanto Prabowo,graphic designer,curriculum vitae ringkas nama yanto prabowo kontak yantoprabowoemailcom riwayat pendidikan universitas padjadjaran kelulusan 2022 pengalaman profesional graphic designer pt lancar system deskripsi kompetensi memiliki dedikasi menyelesaikan tugastugas analitis teknis keahlian utama miliki terapkan meliputi user research prototyping uiux kreativitas adobe illustrator berkomitmen penuh akselerasi karir transisi kompetensi industri digital ekosistem teknologi,"user research, prototyping, ui ux, kreativitas, adobe illustrator",not specified,other,"user research, prototyping, ui ux, kreativitas, adobe illustrator",pt lancar system deskripsi kompetensi memiliki dedikasi menyelesaikan tugastugas analitis,not specified
395,64287ab3-bee8-4d19-ac7e-4b5ddb03686b,Bagus Lestari,ui designer magang,curriculum vitae ringkas nama bagus lestari kontak baguslestariemailcom riwayat pendidikan institut teknologi sepuluh nopember kelulusan 2022 pengalaman profesional ui designer magang pt sentosa digital indonesia deskripsi kompetensi memiliki dedikasi menyelesaikan tugastugas analitis teknis keahlian utama miliki terapkan meliputi user research adobe illustrator kreativitas prototyping uiux berkomitmen penuh akselerasi karir transisi kompetensi industri digital ekosistem teknologi,"user research, adobe illustrator, kreativitas, prototyping, ui ux",not specified,other,"user research, adobe illustrator, kreativitas, prototyping, ui ux",not specified,not specified
396,e607ed37-b2c7-4f93-b635-0b89cf9804e6,Anita Prabowo,project administrator,curriculum vitae ringkas nama anita prabowo kontak anitaprabowoemailcom riwayat pendidikan institut teknologi sepuluh nopember kelulusan 2025 pengalaman profesional project administrator pt digital analitika deskripsi kompetensi memiliki dedikasi menyelesaikan tugastugas analitis teknis keahlian utama miliki terapkan meliputi manajemen negosiasi agile komunikasi berkomitmen penuh akselerasi karir transisi kompetensi industri digital ekosistem teknologi,"manajemen waktu, negosiasi, agile, komunikasi",curriculum vitae ringkas nama anita prabowo kontak anitaprabowoemailcom riwayat pendidikan | ringkas nama anita prabowo kontak anitaprabowoemailcom riwayat pendidikan institut teknologi sepuluh,other,"manajemen waktu, negosiasi, agile, komunikasi",pengalaman profesional project administrator pt digital analitika deskripsi kompetensi memiliki,not specified
397,7cae68c2-4f7a-4e7e-9048-2b5ad33a714f,Dewi Budiman,it support,curriculum vitae ringkas nama dewi budiman kontak dewibudimanemailcom riwayat pendidikan institut teknologi sepuluh nopember kelulusan 2022 pengalaman profesional support pt artha sistem deskripsi kompetensi memiliki dedikasi menyelesaikan tugastugas analitis teknis keahlian utama miliki terapkan meliputi git javascript python komunikasi htmlcss berkomitmen penuh akselerasi karir transisi kompetensi industri digital ekosistem teknologi,"git, javascript, python, komunikasi, html css",not specified,other,"git, javascript, python, komunikasi, html css",not specified,not specified
398,12d37b57-0af4-4fbb-ad89-bd5a8de60bae,Bagus Nugroho,hr staff,curriculum vitae ringkas nama bagus nugroho kontak bagusnugrohoemailcom riwayat pendidikan institut teknologi bandung itb kelulusan 2025 pengalaman profesional hr staff pt solusi analitika deskripsi kompetensi memiliki dedikasi menyelesaikan tugastugas analitis teknis keahlian utama miliki terapkan meliputi negosiasi leadership komunikasi microsoft office manajemen berkomitmen penuh akselerasi karir transisi kompetensi industri digital ekosistem teknologi,"negosiasi, leadership, komunikasi, microsoft office, manajemen waktu",not specified,other,"negosiasi, leadership, komunikasi, microsoft office, manajemen waktu",not specified,meliputi negosiasi leadership komunikasi microsoft office manajemen
399,bb387d10-55a5-4523-a968-efe983c0c646,Mega Putra,staf administrasi data,curriculum vitae ringkas nama mega putra kontak megaputraemailcom riwayat pendidikan institut teknologi bandung itb kelulusan 2023 pengalaman profesional staf administrasi data pt digital analitika deskripsi kompetensi memiliki dedikasi menyelesaikan tugastugas analitis teknis keahlian utama miliki terapkan meliputi statistika data visualization excel berkomitmen penuh akselerasi karir transisi kompetensi industri digital ekosistem teknologi,"statistika, data visualization, excel",not specified,other,"statistika, data visualization, excel",not specified,not specified
400,072b0a4e-13b4-4cc6-a9e2-9288fa387241,Andi Putri,graphic designer,curriculum vitae ringkas nama andi putri kontak andiputriemailcom riwayat pendidikan universitas gadjah mada ugm kelulusan 2023 pengalaman profesional graphic designer pt artha hub deskripsi kompetensi memiliki dedikasi menyelesaikan tugastugas analitis teknis keahlian utama miliki terapkan meliputi uiux figma prototyping user research kreativitas berkomitmen penuh akselerasi karir transisi kompetensi industri digital ekosistem teknologi,"ui ux, figma, prototyping, user research, kreativitas",not specified,other,"ui ux, figma, prototyping, user research, kreativitas",not specified,not specified
401,b6e13418-880f-4da7-92ba-389e4b5543dc,Taufik Susanto,graphic designer,curriculum vitae ringkas nama taufik susanto kontak taufiksusantoemailcom riwayat pendidikan universitas telkom kelulusan 2026 pengalaman profesional graphic designer pt nusantara cloud deskripsi kompetensi memiliki dedikasi menyelesaikan tugastugas analitis teknis keahlian utama miliki terapkan meliputi user research uiux kreativitas adobe illustrator berkomitmen penuh akselerasi karir transisi kompetensi industri digital ekosistem teknologi,"user research, ui ux, kreativitas, adobe illustrator",not specified,other,"user research, ui ux, kreativitas, adobe illustrator",not specified,not specified
402,3dd6eb1c-0ea9-4d24-b6b1-764845b14e66,Taufik Susanto,project administrator,curriculum vitae ringkas nama taufik susanto kontak taufiksusantoemailcom riwayat pendidikan institut teknologi bandung itb kelulusan 2025 pengalaman profesional project administrator pt sinergi teknologi deskripsi kompetensi memiliki dedikasi menyelesaikan tugastugas analitis teknis keahlian utama miliki terapkan meliputi negosiasi agile leadership berkomitmen penuh akselerasi karir transisi kompetensi industri digital ekosistem teknologi,"negosiasi, agile, leadership",not specified,other,"negosiasi, agile, leadership",pengalaman profesional project administrator pt sinergi teknologi deskripsi kompetensi memiliki,negosiasi agile leadership berkomitmen penuh akselerasi karir
403,41c6269b-9dd7-435f-9884-05f4d8c0119c,Budi Nasution,social media specialist,curriculum vitae ringkas nama budi nasution kontak budinasutionemailcom riwayat pendidikan binus university kelulusan 2023 pengalaman profesional social medium specialist pt sinergi analitika deskripsi kompetensi memiliki dedikasi menyelesaikan tugastugas analitis teknis keahlian utama miliki terapkan meliputi kreativitas adobe illustrator uiux user research figma berkomitmen penuh akselerasi karir transisi kompetensi industri digital ekosistem teknologi,"kreativitas, adobe illustrator, ui ux, user research, figma",kontak budinasutionemailcom riwayat pendidikan binus university kelulusan 2023 pengalaman profesional social,other,"kreativitas, adobe illustrator, ui ux, user research, figma",not specified,social medium specialist pt sinergi analitika deskripsi
404,6a70db14-8b16-4202-b078-8be13e730e3a,Fajar Sitorus,ketua bem,curriculum vitae ringkas nama fajar sitorus kontak fajarsitorusemailcom riwayat pendidikan universitas telkom kelulusan 2022 pengalaman profesional ketua bem pt sinergi system deskripsi kompetensi memiliki dedikasi menyelesaikan tugastugas analitis teknis keahlian utama miliki terapkan meliputi leadership microsoft office negosiasi berkomitmen penuh akselerasi karir transisi kompetensi industri digital ekosistem teknologi,"leadership, microsoft office, negosiasi",not specified,other,"leadership, microsoft office, negosiasi",pt sinergi system deskripsi kompetensi memiliki dedikasi menyelesaikan tugastugas analitis,terapkan meliputi leadership microsoft office negosiasi berkomitmen
405,c49e0023-7899-46f5-a65e-de16d2a44c43,Fajar Budiman,ketua bem,curriculum vitae ringkas nama fajar budiman kontak fajarbudimanemailcom riwayat pendidikan universitas airlangga kelulusan 2024 pengalaman profesional ketua bem pt sentosa cloud deskripsi kompetensi memiliki dedikasi menyelesaikan tugastugas analitis teknis keahlian utama miliki terapkan meliputi agile manajemen leadership negosiasi berkomitmen penuh akselerasi karir transisi kompetensi industri digital ekosistem teknologi,"agile, manajemen waktu, leadership, negosiasi",not specified,other,"agile, manajemen waktu, leadership, negosiasi",not specified,agile manajemen leadership negosiasi berkomitmen penuh akselerasi
406,1b6979d4-204c-4faa-9346-0cf284f8ff6a,Orell Sitorus,asisten laboratorium komputer,curriculum vitae ringkas nama orell sitorus kontak orellsitorusemailcom riwayat pendidikan universitas gadjah mada ugm kelulusan 2026 pengalaman profesional asisten laboratorium komputer pt artha cloud deskripsi kompetensi memiliki dedikasi menyelesaikan tugastugas analitis teknis keahlian utama miliki terapkan meliputi python javascript postgresql git komunikasi berkomitmen penuh akselerasi karir transisi kompetensi industri digital ekosistem teknologi,"python, javascript, postgresql, git, komunikasi",not specified,other,"python, javascript, postgresql, git, komunikasi",not specified,not specified
407,b1a06e13-890c-4863-a4e1-3352b8db252e,Albi Lestari,staf administrasi data,curriculum vitae ringkas nama albi lestari kontak albilestariemailcom riwayat pendidikan institut teknologi bandung itb kelulusan 2024 pengalaman profesional staf administrasi data pt nusantara cloud tbk deskripsi kompetensi memiliki dedikasi menyelesaikan tugastugas analitis teknis keahlian utama miliki terapkan meliputi problem solving tableau excel berkomitmen penuh akselerasi karir transisi kompetensi industri digital ekosistem teknologi,"problem solving, tableau, excel",not specified,other,"problem solving, tableau, excel",not specified,not specified
408,8802bd9c-688c-4d0f-8755-aac3a15df829,Jennifer Nasution,fresh graduate matematika,curriculum vitae ringkas nama jennifer nasution kontak jennifernasutionemailcom riwayat pendidikan binus university kelulusan 2023 pengalaman profesional fresh graduate matematika pt tekno digital indonesia deskripsi kompetensi memiliki dedikasi menyelesaikan tugastugas analitis teknis keahlian utama miliki terapkan meliputi data visualization problem solving statistika tableau berkomitmen penuh akselerasi karir transisi kompetensi industri digital ekosistem teknologi,"data visualization, problem solving, statistika, tableau",kontak jennifernasutionemailcom riwayat pendidikan binus university kelulusan 2023 pengalaman profesional fresh,other,"data visualization, problem solving, statistika, tableau",not specified,not specified
409,abeef8b6-d8b4-4b05-8d07-97af20aa239d,Agus Wijaya,asisten peneliti,curriculum vitae ringkas nama agus wijaya kontak aguswijayaemailcom riwayat pendidikan institut teknologi sepuluh nopember kelulusan 2024 pengalaman profesional asisten peneliti pt berjaya sistem deskripsi kompetensi memiliki dedikasi menyelesaikan tugastugas analitis teknis keahlian utama miliki terapkan meliputi python data visualization statistika excel berkomitmen penuh akselerasi karir transisi kompetensi industri digital ekosistem teknologi,"python, data visualization, statistika, excel",not specified,other,"python, data visualization, statistika, excel",not specified,not specified
410,8a508763-5545-45fc-ab42-0f3e7115dee2,Ahmad Setiawan,asisten laboratorium komputer,curriculum vitae ringkas nama ahmad setiawan kontak ahmadsetiawanemailcom riwayat pendidikan institut teknologi bandung itb kelulusan 2026 pengalaman profesional asisten laboratorium komputer pt digital data tbk deskripsi kompetensi memiliki dedikasi menyelesaikan tugastugas analitis teknis keahlian utama miliki terapkan meliputi javascript git htmlcss berkomitmen penuh akselerasi karir transisi kompetensi industri digital ekosistem teknologi,"javascript, git, html css",not specified,other,"javascript, git, html css",not specified,not specified
411,a1a79fb0-1b0f-4b30-a8c5-e61e10141e9d,Sri Wijaya,it support,curriculum vitae ringkas nama sri wijaya kontak sriwijayaemailcom riwayat pendidikan universitas gadjah mada ugm kelulusan 2021 pengalaman profesional support pt sentosa sistem deskripsi kompetensi memiliki dedikasi menyelesaikan tugastugas analitis teknis keahlian utama miliki terapkan meliputi komunikasi git problem solving berkomitmen penuh akselerasi karir transisi kompetensi industri digital ekosistem teknologi,"komunikasi, git, problem solving",not specified,other,"komunikasi, git, problem solving",not specified,not specified
412,3053f8cb-822e-4a3f-9acd-9924464b7c7e,Siti Sari,junior data analyst,curriculum vitae ringkas nama siti sari kontak sitisariemailcom riwayat pendidikan universitas telkom kelulusan 2021 pengalaman profesional junior data analyst pt maju cloud deskripsi kompetensi memiliki dedikasi menyelesaikan tugastugas analitis teknis keahlian utama miliki terapkan meliputi sql tableau problem solving statistika berkomitmen penuh akselerasi karir transisi kompetensi industri digital ekosistem teknologi,"sql, tableau, problem solving, statistika",not specified,other,"sql, tableau, problem solving, statistika",not specified,pengalaman profesional junior data analyst pt maju | junior data analyst pt maju cloud deskripsi
413,b658a68c-949d-4aff-8ac9-1d208da94d86,Albi Putra,junior programmer,curriculum vitae ringkas nama albi putra kontak albiputraemailcom riwayat pendidikan binus university kelulusan 2026 pengalaman profesional junior programmer pt global cloud tbk deskripsi kompetensi memiliki dedikasi menyelesaikan tugastugas analitis teknis keahlian utama miliki terapkan meliputi htmlcss problem solving postgresql javascript python berkomitmen penuh akselerasi karir transisi kompetensi industri digital ekosistem teknologi,"html css, problem solving, postgresql, javascript, python",kontak albiputraemailcom riwayat pendidikan binus university kelulusan 2026 pengalaman profesional junior,other,"html css, problem solving, postgresql, javascript, python",not specified,pengalaman profesional junior programmer pt global cloud
414,52efb21b-a411-411a-9212-768912947efd,Albi Santoso,ketua bem,curriculum vitae ringkas nama albi santoso kontak albisantosoemailcom riwayat pendidikan institut teknologi bandung itb kelulusan 2022 pengalaman profesional ketua bem pt buana hub tbk deskripsi kompetensi memiliki dedikasi menyelesaikan tugastugas analitis teknis keahlian utama miliki terapkan meliputi microsoft office leadership komunikasi berkomitmen penuh akselerasi karir transisi kompetensi industri digital ekosistem teknologi,"microsoft office, leadership, komunikasi",not specified,other,"microsoft office, leadership, komunikasi",not specified,microsoft office leadership komunikasi berkomitmen penuh akselerasi
415,c00ac53f-8f8f-4c62-adeb-b1e9da5afb1e,Fikran Santoso,asisten peneliti,curriculum vitae ringkas nama fikran santoso kontak fikransantosoemailcom riwayat pendidikan universitas airlangga kelulusan 2024 pengalaman profesional asisten peneliti pt sinergi hub deskripsi kompetensi memiliki dedikasi menyelesaikan tugastugas analitis teknis keahlian utama miliki terapkan meliputi tableau data visualization sql python statistika berkomitmen penuh akselerasi karir transisi kompetensi industri digital ekosistem teknologi,"tableau, data visualization, sql, python, statistika",not specified,other,"tableau, data visualization, sql, python, statistika",not specified,not specified
416,7641c4b3-79b9-482f-a731-da27b480b062,Anita Budiman,sales executive,curriculum vitae ringkas nama anita budiman kontak anitabudimanemailcom riwayat pendidikan universitas gadjah mada ugm kelulusan 2023 pengalaman profesional sale executive pt inovasi analitika deskripsi kompetensi memiliki dedikasi menyelesaikan tugastugas analitis teknis keahlian utama miliki terapkan meliputi microsoft office manajemen komunikasi negosiasi agile berkomitmen penuh akselerasi karir transisi kompetensi industri digital ekosistem teknologi,"microsoft office, manajemen waktu, komunikasi, negosiasi, agile",curriculum vitae ringkas nama anita budiman kontak anitabudimanemailcom riwayat pendidikan | ringkas nama anita budiman kontak anitabudimanemailcom riwayat pendidikan universitas gadjah mada,other,"microsoft office, manajemen waktu, komunikasi, negosiasi, agile",not specified,not specified
417,dd49adfd-8b47-4a0a-9117-aa7de5287dfb,Andi Prabowo,statistisi junior,curriculum vitae ringkas nama andi prabowo kontak andiprabowoemailcom riwayat pendidikan universitas telkom kelulusan 2022 pengalaman profesional statistisi junior pt sentosa hub deskripsi kompetensi memiliki dedikasi menyelesaikan tugastugas analitis teknis keahlian utama miliki terapkan meliputi python problem solving statistika berkomitmen penuh akselerasi karir transisi kompetensi industri digital ekosistem teknologi,"python, problem solving, statistika",not specified,other,"python, problem solving, statistika",not specified,profesional statistisi junior pt sentosa hub deskripsi
418,d301826c-b42a-48cd-aacd-4e7bf35ac235,Sri Prabowo,sales executive,curriculum vitae ringkas nama sri prabowo kontak sriprabowoemailcom riwayat pendidikan institut teknologi sepuluh nopember kelulusan 2022 pengalaman profesional sale executive pt sinergi digital indonesia deskripsi kompetensi memiliki dedikasi menyelesaikan tugastugas analitis teknis keahlian utama miliki terapkan meliputi negosiasi agile microsoft office leadership berkomitmen penuh akselerasi karir transisi kompetensi industri digital ekosistem teknologi,"negosiasi, agile, microsoft office, leadership",not specified,other,"negosiasi, agile, microsoft office, leadership",not specified,microsoft office leadership berkomitmen penuh akselerasi karir
419,731faa9c-b622-40d4-b8d9-c7b37126ed60,Hendra Hidayat,graphic designer,curriculum vitae ringkas nama hendra hidayat kontak hendrahidayatemailcom riwayat pendidikan binus university kelulusan 2025 pengalaman profesional graphic designer pt artha creative deskripsi kompetensi memiliki dedikasi menyelesaikan tugastugas analitis teknis keahlian utama miliki terapkan meliputi adobe illustrator uiux prototyping kreativitas berkomitmen penuh akselerasi karir transisi kompetensi industri digital ekosistem teknologi,"adobe illustrator, ui ux, prototyping, kreativitas",kontak hendrahidayatemailcom riwayat pendidikan binus university kelulusan 2025 pengalaman profesional graphic,other,"adobe illustrator, ui ux, prototyping, kreativitas",not specified,not specified
420,1f00c605-f45a-4776-ad08-d2635c607e33,Anita Lestari,it support,curriculum vitae ringkas nama anita lestari kontak anitalestariemailcom riwayat pendidikan institut teknologi sepuluh nopember kelulusan 2025 pengalaman profesional support pt nusa hub tbk deskripsi kompetensi memiliki dedikasi menyelesaikan tugastugas analitis teknis keahlian utama miliki terapkan meliputi problem solving git komunikasi htmlcss postgresql berkomitmen penuh akselerasi karir transisi kompetensi industri digital ekosistem teknologi,"problem solving, git, komunikasi, html css, postgresql",curriculum vitae ringkas nama anita lestari kontak anitalestariemailcom riwayat pendidikan | ringkas nama anita lestari kontak anitalestariemailcom riwayat pendidikan institut teknologi sepuluh,other,"problem solving, git, komunikasi, html css, postgresql",not specified,not specified
421,cfcb2c82-ca46-4657-a9a2-f470ddb32b88,Albi Hidayat,project administrator,curriculum vitae ringkas nama albi hidayat kontak albihidayatemailcom riwayat pendidikan universitas gadjah mada ugm kelulusan 2021 pengalaman profesional project administrator pt utama hub deskripsi kompetensi memiliki dedikasi menyelesaikan tugastugas analitis teknis keahlian utama miliki terapkan meliputi microsoft office negosiasi leadership komunikasi berkomitmen penuh akselerasi karir transisi kompetensi industri digital ekosistem teknologi,"microsoft office, negosiasi, leadership, komunikasi",not specified,other,"microsoft office, negosiasi, leadership, komunikasi",pengalaman profesional project administrator pt utama hub deskripsi kompetensi memiliki,office negosiasi leadership komunikasi berkomitmen penuh akselerasi
422,fbff6865-0692-44dc-92f6-2828d467f9a6,Albi Sitorus,project administrator,curriculum vitae ringkas nama albi sitorus kontak albisitorusemailcom riwayat pendidikan institut teknologi sepuluh nopember kelulusan 2022 pengalaman profesional project administrator pt berjaya digital indonesia deskripsi kompetensi memiliki dedikasi menyelesaikan tugastugas analitis teknis keahlian utama miliki terapkan meliputi komunikasi negosiasi leadership agile berkomitmen penuh akselerasi karir transisi kompetensi industri digital ekosistem teknologi,"komunikasi, negosiasi, leadership, agile",not specified,other,"komunikasi, negosiasi, leadership, agile",pengalaman profesional project administrator pt berjaya digital indonesia deskripsi kompetensi,komunikasi negosiasi leadership agile berkomitmen penuh akselerasi
423,143a04a0-0743-47fa-a1b2-0e5297ae52cb,Dewi Gunawan,ketua bem,curriculum vitae ringkas nama dewi gunawan kontak dewigunawanemailcom riwayat pendidikan universitas indonesia ui kelulusan 2026 pengalaman profesional ketua bem pt maju teknologi deskripsi kompetensi memiliki dedikasi menyelesaikan tugastugas analitis teknis keahlian utama miliki terapkan meliputi negosiasi agile manajemen berkomitmen penuh akselerasi karir transisi kompetensi industri digital ekosistem teknologi,"negosiasi, agile, manajemen waktu",not specified,other,"negosiasi, agile, manajemen waktu",not specified,not specified
424,92d05f74-7cd0-46f5-973d-8644368706cc,Andi Siregar,ketua bem,curriculum vitae ringkas nama andi siregar kontak andisiregaremailcom riwayat pendidikan binus university kelulusan 2024 pengalaman profesional ketua bem pt global software deskripsi kompetensi memiliki dedikasi menyelesaikan tugastugas analitis teknis keahlian utama miliki terapkan meliputi agile komunikasi microsoft office berkomitmen penuh akselerasi karir transisi kompetensi industri digital ekosistem teknologi,"agile, komunikasi, microsoft office",kontak andisiregaremailcom riwayat pendidikan binus university kelulusan 2024 pengalaman profesional ketua,other,"agile, komunikasi, microsoft office",not specified,not specified
425,e0eb9b8d-3223-4714-bb3f-002fac0ba0f0,Aditya Nugroho,junior programmer,curriculum vitae ringkas nama aditya nugroho kontak adityanugrohoemailcom riwayat pendidikan universitas gadjah mada ugm kelulusan 2021 pengalaman profesional junior programmer pt tekno creative deskripsi kompetensi memiliki dedikasi menyelesaikan tugastugas analitis teknis keahlian utama miliki terapkan meliputi javascript problem solving komunikasi python postgresql berkomitmen penuh akselerasi karir transisi kompetensi industri digital ekosistem teknologi,"javascript, problem solving, komunikasi, python, postgresql",not specified,other,"javascript, problem solving, komunikasi, python, postgresql",not specified,pengalaman profesional junior programmer pt tekno creative
426,b3623e4a-51b4-4fd7-a4eb-97f4f15b9da9,Amalia Prabowo,ui designer magang,curriculum vitae ringkas nama amalia prabowo kontak amaliaprabowoemailcom riwayat pendidikan universitas gadjah mada ugm kelulusan 2022 pengalaman profesional ui designer magang pt nusa system deskripsi kompetensi memiliki dedikasi menyelesaikan tugastugas analitis teknis keahlian utama miliki terapkan meliputi user research figma prototyping berkomitmen penuh akselerasi karir transisi kompetensi industri digital ekosistem teknologi,"user research, figma, prototyping",not specified,other,"user research, figma, prototyping",pt nusa system deskripsi kompetensi memiliki dedikasi menyelesaikan tugastugas analitis,not specified
427,a7e18a42-fd25-4834-8e1d-be5f3dc472d2,Velicia Prabowo,staf administrasi data,curriculum vitae ringkas nama velicia prabowo kontak veliciaprabowoemailcom riwayat pendidikan universitas padjadjaran kelulusan 2025 pengalaman profesional staf administrasi data pt inovasi system deskripsi kompetensi memiliki dedikasi menyelesaikan tugastugas analitis teknis keahlian utama miliki terapkan meliputi python sql excel berkomitmen penuh akselerasi karir transisi kompetensi industri digital ekosistem teknologi,"python, sql, excel",not specified,other,"python, sql, excel",pt inovasi system deskripsi kompetensi memiliki dedikasi menyelesaikan tugastugas analitis,not specified
428,87d8f053-78bd-486b-85ed-b2462a09ea1a,Rina Saputra,ketua bem,curriculum vitae ringkas nama rina saputra kontak rinasaputraemailcom riwayat pendidikan binus university kelulusan 2024 pengalaman profesional ketua bem pt solusi digital indonesia deskripsi kompetensi memiliki dedikasi menyelesaikan tugastugas analitis teknis keahlian utama miliki terapkan meliputi microsoft office manajemen agile berkomitmen penuh akselerasi karir transisi kompetensi industri digital ekosistem teknologi,"microsoft office, manajemen waktu, agile",kontak rinasaputraemailcom riwayat pendidikan binus university kelulusan 2024 pengalaman profesional ketua,other,"microsoft office, manajemen waktu, agile",not specified,not specified
429,1b06ef22-f4ec-4ddc-ae4c-6f2bb81f500f,Siti Utomo,statistisi junior,curriculum vitae ringkas nama siti utomo kontak sitiutomoemailcom riwayat pendidikan institut teknologi sepuluh nopember kelulusan 2025 pengalaman profesional statistisi junior pt nusantara software tbk deskripsi kompetensi memiliki dedikasi menyelesaikan tugastugas analitis teknis keahlian utama miliki terapkan meliputi data visualization excel statistika berkomitmen penuh akselerasi karir transisi kompetensi industri digital ekosistem teknologi,"data visualization, excel, statistika",not specified,other,"data visualization, excel, statistika",not specified,profesional statistisi junior pt nusantara software tbk
430,3bcb43ca-7c11-4580-b2a7-c509c56aacf2,Dewi Gunawan,technical writer,curriculum vitae ringkas nama dewi gunawan kontak dewigunawanemailcom riwayat pendidikan institut teknologi bandung itb kelulusan 2024 pengalaman profesional technical writer pt buana software deskripsi kompetensi memiliki dedikasi menyelesaikan tugastugas analitis teknis keahlian utama miliki terapkan meliputi javascript problem solving komunikasi git berkomitmen penuh akselerasi karir transisi kompetensi industri digital ekosistem teknologi,"javascript, problem solving, komunikasi, git",not specified,other,"javascript, problem solving, komunikasi, git",not specified,not specified
431,3f80f739-4e37-488e-b798-d74a6b533b89,Naufal Utomo,junior programmer,curriculum vitae ringkas nama naufal utomo kontak naufalutomoemailcom riwayat pendidikan institut teknologi bandung itb kelulusan 2022 pengalaman profesional junior programmer pt pratama analitika deskripsi kompetensi memiliki dedikasi menyelesaikan tugastugas analitis teknis keahlian utama miliki terapkan meliputi postgresql komunikasi git htmlcss berkomitmen penuh akselerasi karir transisi kompetensi industri digital ekosistem teknologi,"postgresql, komunikasi, git, html css",not specified,other,"postgresql, komunikasi, git, html css",not specified,pengalaman profesional junior programmer pt pratama analitika
432,75760870-5d6a-491c-a3f7-d9736d50ebdd,Amalia Gunawan,staf marketing,curriculum vitae ringkas nama amalia gunawan kontak amaliagunawanemailcom riwayat pendidikan institut teknologi sepuluh nopember kelulusan 2023 pengalaman profesional staf marketing pt citra data deskripsi kompetensi memiliki dedikasi menyelesaikan tugastugas analitis teknis keahlian utama miliki terapkan meliputi figma kreativitas prototyping uiux adobe illustrator berkomitmen penuh akselerasi karir transisi kompetensi industri digital ekosistem teknologi,"figma, kreativitas, prototyping, ui ux, adobe illustrator",not specified,other,"figma, kreativitas, prototyping, ui ux, adobe illustrator",not specified,not specified
433,704e513f-abb1-48e7-a177-807f76b955b8,Fikran Gunawan,web developer magang,curriculum vitae ringkas nama fikran gunawan kontak fikrangunawanemailcom riwayat pendidikan universitas telkom kelulusan 2026 pengalaman profesional web developer magang pt nusantara digital indonesia deskripsi kompetensi memiliki dedikasi menyelesaikan tugastugas analitis teknis keahlian utama miliki terapkan meliputi problem solving htmlcss komunikasi python berkomitmen penuh akselerasi karir transisi kompetensi industri digital ekosistem teknologi,"problem solving, html css, komunikasi, python",not specified,other,"problem solving, html css, komunikasi, python",not specified,profesional web developer magang pt nusantara digital
434,79f36146-3a4e-4588-8c20-48add0344fc1,Fikran Putri,junior programmer,curriculum vitae ringkas nama fikran putri kontak fikranputriemailcom riwayat pendidikan universitas indonesia ui kelulusan 2025 pengalaman profesional junior programmer pt global software deskripsi kompetensi memiliki dedikasi menyelesaikan tugastugas analitis teknis keahlian utama miliki terapkan meliputi python htmlcss komunikasi berkomitmen penuh akselerasi karir transisi kompetensi industri digital ekosistem teknologi,"python, html css, komunikasi",not specified,other,"python, html css, komunikasi",not specified,pengalaman profesional junior programmer pt global software
435,8bd24383-c3eb-4c25-8f08-884663529484,Fikran Saputra,statistisi junior,curriculum vitae ringkas nama fikran saputra kontak fikransaputraemailcom riwayat pendidikan institut teknologi sepuluh nopember kelulusan 2026 pengalaman profesional statistisi junior pt lancar creative tbk deskripsi kompetensi memiliki dedikasi menyelesaikan tugastugas analitis teknis keahlian utama miliki terapkan meliputi tableau problem solving excel berkomitmen penuh akselerasi karir transisi kompetensi industri digital ekosistem teknologi,"tableau, problem solving, excel",not specified,other,"tableau, problem solving, excel",not specified,profesional statistisi junior pt lancar creative tbk
436,4832b023-d4ab-43a8-a958-39d98863e14a,Agus Sari,hr staff,curriculum vitae ringkas nama agus sari kontak agussariemailcom riwayat pendidikan universitas padjadjaran kelulusan 2025 pengalaman profesional hr staff pt sinergi digital indonesia deskripsi kompetensi memiliki dedikasi menyelesaikan tugastugas analitis teknis keahlian utama miliki terapkan meliputi agile microsoft office negosiasi berkomitmen penuh akselerasi karir transisi kompetensi industri digital ekosistem teknologi,"agile, microsoft office, negosiasi",not specified,other,"agile, microsoft office, negosiasi",not specified,not specified
437,1547427b-b933-4749-a304-3a9cee3176dc,Bagus Wijaya,fresh graduate matematika,curriculum vitae ringkas nama bagus wijaya kontak baguswijayaemailcom riwayat pendidikan institut teknologi sepuluh nopember kelulusan 2023 pengalaman profesional fresh graduate matematika pt solusi analitika deskripsi kompetensi memiliki dedikasi menyelesaikan tugastugas analitis teknis keahlian utama miliki terapkan meliputi data visualization sql statistika berkomitmen penuh akselerasi karir transisi kompetensi industri digital ekosistem teknologi,"data visualization, sql, statistika",not specified,other,"data visualization, sql, statistika",not specified,not specified
438,29f1fd5b-03ec-43a6-990d-6a51711282bf,Putri Kurniawan,staf administrasi data,curriculum vitae ringkas nama putri kurniawan kontak putrikurniawanemailcom riwayat pendidikan universitas telkom kelulusan 2022 pengalaman profesional staf administrasi data pt inovasi creative deskripsi kompetensi memiliki dedikasi menyelesaikan tugastugas analitis teknis keahlian utama miliki terapkan meliputi problem solving sql tableau data visualization berkomitmen penuh akselerasi karir transisi kompetensi industri digital ekosistem teknologi,"problem solving, sql, tableau, data visualization",not specified,other,"problem solving, sql, tableau, data visualization",not specified,not specified
439,0141e3fe-b2b2-4f9a-80c9-dd920bad147b,Sri Budiman,social media specialist,curriculum vitae ringkas nama sri budiman kontak sribudimanemailcom riwayat pendidikan universitas indonesia ui kelulusan 2022 pengalaman profesional social medium specialist pt global analitika tbk deskripsi kompetensi memiliki dedikasi menyelesaikan tugastugas analitis teknis keahlian utama miliki terapkan meliputi user research prototyping uiux kreativitas adobe illustrator berkomitmen penuh akselerasi karir transisi kompetensi industri digital ekosistem teknologi,"user research, prototyping, ui ux, kreativitas, adobe illustrator",not specified,other,"user research, prototyping, ui ux, kreativitas, adobe illustrator",not specified,social medium specialist pt global analitika tbk
440,1ce05968-b78f-42ff-8d53-fe8b87c82cb8,Budi Susanto,project administrator,curriculum vitae ringkas nama budi susanto kontak budisusantoemailcom riwayat pendidikan universitas gadjah mada ugm kelulusan 2026 pengalaman profesional project administrator pt inovasi hub tbk deskripsi kompetensi memiliki dedikasi menyelesaikan tugastugas analitis teknis keahlian utama miliki terapkan meliputi komunikasi agile manajemen negosiasi berkomitmen penuh akselerasi karir transisi kompetensi industri digital ekosistem teknologi,"komunikasi, agile, manajemen waktu, negosiasi",not specified,other,"komunikasi, agile, manajemen waktu, negosiasi",pengalaman profesional project administrator pt inovasi hub tbk deskripsi kompetensi,not specified
441,7c4721ea-90ee-4e1b-850d-6a655c19636a,Fajar Budiman,content creator,curriculum vitae ringkas nama fajar budiman kontak fajarbudimanemailcom riwayat pendidikan universitas indonesia ui kelulusan 2021 pengalaman profesional content creator pt medium teknologi tbk deskripsi kompetensi memiliki dedikasi menyelesaikan tugastugas analitis teknis keahlian utama miliki terapkan meliputi user research adobe illustrator prototyping berkomitmen penuh akselerasi karir transisi kompetensi industri digital ekosistem teknologi,"user research, adobe illustrator, prototyping",not specified,other,"user research, adobe illustrator, prototyping",not specified,not specified
442,32213fa8-6b51-4a7b-a740-0815509fbda8,Hendra Utomo,technical writer,curriculum vitae ringkas nama hendra utomo kontak hendrautomoemailcom riwayat pendidikan universitas telkom kelulusan 2022 pengalaman profesional technical writer pt utama teknologi deskripsi kompetensi memiliki dedikasi menyelesaikan tugastugas analitis teknis keahlian utama miliki terapkan meliputi komunikasi python postgresql javascript git berkomitmen penuh akselerasi karir transisi kompetensi industri digital ekosistem teknologi,"komunikasi, python, postgresql, javascript, git",not specified,other,"komunikasi, python, postgresql, javascript, git",not specified,not specified
443,abfe716e-b6da-441d-a276-1f9e4415e855,Agus Wijaya,sales executive,curriculum vitae ringkas nama agus wijaya kontak aguswijayaemailcom riwayat pendidikan universitas telkom kelulusan 2024 pengalaman profesional sale executive pt lancar teknologi deskripsi kompetensi memiliki dedikasi menyelesaikan tugastugas analitis teknis keahlian utama miliki terapkan meliputi negosiasi komunikasi leadership manajemen berkomitmen penuh akselerasi karir transisi kompetensi industri digital ekosistem teknologi,"negosiasi, komunikasi, leadership, manajemen waktu",not specified,other,"negosiasi, komunikasi, leadership, manajemen waktu",not specified,negosiasi komunikasi leadership manajemen berkomitmen penuh akselerasi
444,27a16c62-f148-4eaf-8ec2-96f8a17bd32f,Siti Sitorus,ui designer magang,curriculum vitae ringkas nama siti sitorus kontak sitisitorusemailcom riwayat pendidikan universitas padjadjaran kelulusan 2023 pengalaman profesional ui designer magang pt digital cloud deskripsi kompetensi memiliki dedikasi menyelesaikan tugastugas analitis teknis keahlian utama miliki terapkan meliputi prototyping user research figma adobe illustrator kreativitas berkomitmen penuh akselerasi karir transisi kompetensi industri digital ekosistem teknologi,"prototyping, user research, figma, adobe illustrator, kreativitas",not specified,other,"prototyping, user research, figma, adobe illustrator, kreativitas",not specified,not specified
445,4386fe1e-cb78-40e2-9438-501bfd3b59cc,Eko Siregar,sales executive,curriculum vitae ringkas nama eko siregar kontak ekosiregaremailcom riwayat pendidikan universitas telkom kelulusan 2026 pengalaman profesional sale executive pt digital data tbk deskripsi kompetensi memiliki dedikasi menyelesaikan tugastugas analitis teknis keahlian utama miliki terapkan meliputi komunikasi agile negosiasi microsoft office berkomitmen penuh akselerasi karir transisi kompetensi industri digital ekosistem teknologi,"komunikasi, agile, negosiasi, microsoft office",not specified,other,"komunikasi, agile, negosiasi, microsoft office",not specified,not specified
446,da5065c8-c0f0-4fe1-9869-a3737783885d,Rina Santoso,junior programmer,curriculum vitae ringkas nama rina santoso kontak rinasantosoemailcom riwayat pendidikan institut teknologi sepuluh nopember kelulusan 2022 pengalaman profesional junior programmer pt digital creative tbk deskripsi kompetensi memiliki dedikasi menyelesaikan tugastugas analitis teknis keahlian utama miliki terapkan meliputi htmlcss postgresql komunikasi python berkomitmen penuh akselerasi karir transisi kompetensi industri digital ekosistem teknologi,"html css, postgresql, komunikasi, python",not specified,other,"html css, postgresql, komunikasi, python",not specified,pengalaman profesional junior programmer pt digital creative
447,5c41c9b8-2c6f-48f9-848b-9d0be0d08923,Aditya Budiman,statistisi junior,curriculum vitae ringkas nama aditya budiman kontak adityabudimanemailcom riwayat pendidikan universitas indonesia ui kelulusan 2025 pengalaman profesional statistisi junior pt digital digital indonesia deskripsi kompetensi memiliki dedikasi menyelesaikan tugastugas analitis teknis keahlian utama miliki terapkan meliputi tableau statistika excel python sql berkomitmen penuh akselerasi karir transisi kompetensi industri digital ekosistem teknologi,"tableau, statistika, excel, python, sql",not specified,other,"tableau, statistika, excel, python, sql",not specified,profesional statistisi junior pt digital digital indonesia
448,68f96195-a2c2-4db3-89fa-64fa60ad14d3,Fikran Kurniawan,staf administrasi data,curriculum vitae ringkas nama fikran kurniawan kontak fikrankurniawanemailcom riwayat pendidikan universitas indonesia ui kelulusan 2025 pengalaman profesional staf administrasi data pt citra digital indonesia deskripsi kompetensi memiliki dedikasi menyelesaikan tugastugas analitis teknis keahlian utama miliki terapkan meliputi sql statistika tableau berkomitmen penuh akselerasi karir transisi kompetensi industri digital ekosistem teknologi,"sql, statistika, tableau",not specified,other,"sql, statistika, tableau",not specified,not specified
449,291869a1-0905-4d6b-af79-b1c830a8d5b8,Putri Setiawan,ketua bem,curriculum vitae ringkas nama putri setiawan kontak putrisetiawanemailcom riwayat pendidikan universitas indonesia ui kelulusan 2024 pengalaman profesional ketua bem pt inti hub deskripsi kompetensi memiliki dedikasi menyelesaikan tugastugas analitis teknis keahlian utama miliki terapkan meliputi agile komunikasi leadership manajemen microsoft office berkomitmen penuh akselerasi karir transisi kompetensi industri digital ekosistem teknologi,"agile, komunikasi, leadership, manajemen waktu, microsoft office",not specified,other,"agile, komunikasi, leadership, manajemen waktu, microsoft office",not specified,agile komunikasi leadership manajemen microsoft office berkomitmen
450,d069b591-8d5f-449c-9b96-d95fad7c01ee,Taufik Budiman,sales executive,curriculum vitae ringkas nama taufik budiman kontak taufikbudimanemailcom riwayat pendidikan institut teknologi sepuluh nopember kelulusan 2022 pengalaman profesional sale executive pt utama system tbk deskripsi kompetensi memiliki dedikasi menyelesaikan tugastugas analitis teknis keahlian utama miliki terapkan meliputi microsoft office leadership komunikasi negosiasi agile berkomitmen penuh akselerasi karir transisi kompetensi industri digital ekosistem teknologi,"microsoft office, leadership, komunikasi, negosiasi, agile",not specified,other,"microsoft office, leadership, komunikasi, negosiasi, agile",pt utama system tbk deskripsi kompetensi memiliki dedikasi menyelesaikan tugastugas,microsoft office leadership komunikasi negosiasi agile berkomitmen
451,57e3de65-9788-4414-88a6-68e0c81c8be0,Hendra Saputra,it support,curriculum vitae ringkas nama hendra saputra kontak hendrasaputraemailcom riwayat pendidikan universitas gadjah mada ugm kelulusan 2022 pengalaman profesional support pt pratama teknologi deskripsi kompetensi memiliki dedikasi menyelesaikan tugastugas analitis teknis keahlian utama miliki terapkan meliputi git javascript problem solving komunikasi berkomitmen penuh akselerasi karir transisi kompetensi industri digital ekosistem teknologi,"git, javascript, problem solving, komunikasi",not specified,other,"git, javascript, problem solving, komunikasi",not specified,not specified
452,d9f6b8d5-d15a-4eec-811e-b56181e9eb23,Anita Budiman,technical writer,curriculum vitae ringkas nama anita budiman kontak anitabudimanemailcom riwayat pendidikan binus university kelulusan 2022 pengalaman profesional technical writer pt sentosa digital indonesia deskripsi kompetensi memiliki dedikasi menyelesaikan tugastugas analitis teknis keahlian utama miliki terapkan meliputi komunikasi problem solving postgresql htmlcss berkomitmen penuh akselerasi karir transisi kompetensi industri digital ekosistem teknologi,"komunikasi, problem solving, postgresql, html css",kontak anitabudimanemailcom riwayat pendidikan binus university kelulusan 2022 pengalaman profesional technical | curriculum vitae ringkas nama anita budiman kontak anitabudimanemailcom riwayat pendidikan | ringkas nama anita budiman kontak anitabudimanemailcom riwayat pendidikan binus university kelulusan,other,"komunikasi, problem solving, postgresql, html css",not specified,not specified
453,6976361b-46e9-46f3-8079-cadcdfe25829,Mega Budiman,it support,curriculum vitae ringkas nama mega budiman kontak megabudimanemailcom riwayat pendidikan institut teknologi bandung itb kelulusan 2023 pengalaman profesional support pt tekno teknologi deskripsi kompetensi memiliki dedikasi menyelesaikan tugastugas analitis teknis keahlian utama miliki terapkan meliputi htmlcss postgresql problem solving git javascript berkomitmen penuh akselerasi karir transisi kompetensi industri digital ekosistem teknologi,"html css, postgresql, problem solving, git, javascript",not specified,other,"html css, postgresql, problem solving, git, javascript",not specified,not specified
454,30a43391-561b-45ea-b221-483d12fef728,Naufal Prabowo,social media specialist,curriculum vitae ringkas nama naufal prabowo kontak naufalprabowoemailcom riwayat pendidikan binus university kelulusan 2026 pengalaman profesional social medium specialist pt citra creative deskripsi kompetensi memiliki dedikasi menyelesaikan tugastugas analitis teknis keahlian utama miliki terapkan meliputi user research adobe illustrator figma kreativitas uiux berkomitmen penuh akselerasi karir transisi kompetensi industri digital ekosistem teknologi,"user research, adobe illustrator, figma, kreativitas, ui ux",kontak naufalprabowoemailcom riwayat pendidikan binus university kelulusan 2026 pengalaman profesional social,other,"user research, adobe illustrator, figma, kreativitas, ui ux",not specified,social medium specialist pt citra creative deskripsi
455,988227d0-2452-499b-a76a-49feb97da533,Orell Nasution,junior data analyst,curriculum vitae ringkas nama orell nasution kontak orellnasutionemailcom riwayat pendidikan universitas padjadjaran kelulusan 2021 pengalaman profesional junior data analyst pt maju teknologi deskripsi kompetensi memiliki dedikasi menyelesaikan tugastugas analitis teknis keahlian utama miliki terapkan meliputi excel statistika problem solving berkomitmen penuh akselerasi karir transisi kompetensi industri digital ekosistem teknologi,"excel, statistika, problem solving",not specified,other,"excel, statistika, problem solving",not specified,pengalaman profesional junior data analyst pt maju | junior data analyst pt maju teknologi deskripsi
456,23ecdb07-473f-4e10-b287-9cecccc46c3f,Velicia Sari,asisten peneliti,curriculum vitae ringkas nama velicia sari kontak veliciasariemailcom riwayat pendidikan universitas indonesia ui kelulusan 2026 pengalaman profesional asisten peneliti pt pratama software deskripsi kompetensi memiliki dedikasi menyelesaikan tugastugas analitis teknis keahlian utama miliki terapkan meliputi excel problem solving python berkomitmen penuh akselerasi karir transisi kompetensi industri digital ekosistem teknologi,"excel, problem solving, python",not specified,other,"excel, problem solving, python",not specified,not specified
457,dcd8768e-17be-451e-bdf7-074b8e341cb2,Fikran Sitorus,hr staff,curriculum vitae ringkas nama fikran sitorus kontak fikransitorusemailcom riwayat pendidikan universitas airlangga kelulusan 2021 pengalaman profesional hr staff pt pratama analitika deskripsi kompetensi memiliki dedikasi menyelesaikan tugastugas analitis teknis keahlian utama miliki terapkan meliputi microsoft office negosiasi manajemen agile berkomitmen penuh akselerasi karir transisi kompetensi industri digital ekosistem teknologi,"microsoft office, negosiasi, manajemen waktu, agile",not specified,other,"microsoft office, negosiasi, manajemen waktu, agile",not specified,not specified
458,7d27e69e-b729-439e-9f20-692fab7daa25,Taufik Nasution,business development intern,curriculum vitae ringkas nama taufik nasution kontak taufiknasutionemailcom riwayat pendidikan universitas gadjah mada ugm kelulusan 2024 pengalaman profesional business development intern pt maju sistem deskripsi kompetensi memiliki dedikasi menyelesaikan tugastugas analitis teknis keahlian utama miliki terapkan meliputi manajemen leadership negosiasi komunikasi microsoft office berkomitmen penuh akselerasi karir transisi kompetensi industri digital ekosistem teknologi,"manajemen waktu, leadership, negosiasi, komunikasi, microsoft office",not specified,business,"manajemen waktu, leadership, negosiasi, komunikasi, microsoft office",not specified,business development intern pt maju sistem deskripsi | meliputi manajemen leadership negosiasi komunikasi microsoft office
459,6ad9ee4e-94ec-47fb-b584-acc9e27bf2dc,Budi Budiman,technical writer,curriculum vitae ringkas nama budi budiman kontak budibudimanemailcom riwayat pendidikan universitas telkom kelulusan 2021 pengalaman profesional technical writer pt global digital indonesia deskripsi kompetensi memiliki dedikasi menyelesaikan tugastugas analitis teknis keahlian utama miliki terapkan meliputi postgresql htmlcss javascript berkomitmen penuh akselerasi karir transisi kompetensi industri digital ekosistem teknologi,"postgresql, html css, javascript",not specified,other,"postgresql, html css, javascript",not specified,not specified
460,88d96ce8-40b4-476b-b5dd-be835733a41c,Fikran Nugroho,junior programmer,curriculum vitae ringkas nama fikran nugroho kontak fikrannugrohoemailcom riwayat pendidikan universitas telkom kelulusan 2022 pengalaman profesional junior programmer pt buana system deskripsi kompetensi memiliki dedikasi menyelesaikan tugastugas analitis teknis keahlian utama miliki terapkan meliputi python git postgresql berkomitmen penuh akselerasi karir transisi kompetensi industri digital ekosistem teknologi,"python, git, postgresql",not specified,other,"python, git, postgresql",pt buana system deskripsi kompetensi memiliki dedikasi menyelesaikan tugastugas analitis,pengalaman profesional junior programmer pt buana system
461,794d1322-2c6b-48ec-8e6c-ac13ba591629,Naufal Gunawan,social media specialist,curriculum vitae ringkas nama naufal gunawan kontak naufalgunawanemailcom riwayat pendidikan universitas indonesia ui kelulusan 2025 pengalaman profesional social medium specialist pt utama analitika tbk deskripsi kompetensi memiliki dedikasi menyelesaikan tugastugas analitis teknis keahlian utama miliki terapkan meliputi user research prototyping adobe illustrator figma kreativitas berkomitmen penuh akselerasi karir transisi kompetensi industri digital ekosistem teknologi,"user research, prototyping, adobe illustrator, figma, kreativitas",not specified,other,"user research, prototyping, adobe illustrator, figma, kreativitas",not specified,social medium specialist pt utama analitika tbk
462,caff888e-9a96-471c-992e-e8f86725a4fb,Hendra Saputra,sales executive,curriculum vitae ringkas nama hendra saputra kontak hendrasaputraemailcom riwayat pendidikan universitas airlangga kelulusan 2022 pengalaman profesional sale executive pt artha analitika deskripsi kompetensi memiliki dedikasi menyelesaikan tugastugas analitis teknis keahlian utama miliki terapkan meliputi negosiasi manajemen microsoft office komunikasi berkomitmen penuh akselerasi karir transisi kompetensi industri digital ekosistem teknologi,"negosiasi, manajemen waktu, microsoft office, komunikasi",not specified,other,"negosiasi, manajemen waktu, microsoft office, komunikasi",not specified,not specified
463,38daef2d-6e46-41a4-b4da-9b0cf70388d7,Deni Sari,business development intern,curriculum vitae ringkas nama deni sari kontak denisariemailcom riwayat pendidikan universitas gadjah mada ugm kelulusan 2022 pengalaman profesional business development intern pt citra teknologi deskripsi kompetensi memiliki dedikasi menyelesaikan tugastugas analitis teknis keahlian utama miliki terapkan meliputi agile microsoft office komunikasi berkomitmen penuh akselerasi karir transisi kompetensi industri digital ekosistem teknologi,"agile, microsoft office, komunikasi",not specified,business,"agile, microsoft office, komunikasi",not specified,business development intern pt citra teknologi deskripsi
464,2ce5667a-6a86-4364-8de9-66aae41b627b,Anita Prabowo,fresh graduate matematika,curriculum vitae ringkas nama anita prabowo kontak anitaprabowoemailcom riwayat pendidikan institut teknologi sepuluh nopember kelulusan 2022 pengalaman profesional fresh graduate matematika pt berjaya data tbk deskripsi kompetensi memiliki dedikasi menyelesaikan tugastugas analitis teknis keahlian utama miliki terapkan meliputi excel problem solving python sql tableau berkomitmen penuh akselerasi karir transisi kompetensi industri digital ekosistem teknologi,"excel, problem solving, python, sql, tableau",curriculum vitae ringkas nama anita prabowo kontak anitaprabowoemailcom riwayat pendidikan | ringkas nama anita prabowo kontak anitaprabowoemailcom riwayat pendidikan institut teknologi sepuluh,other,"excel, problem solving, python, sql, tableau",not specified,not specified
465,bbd1fc39-238d-45a0-8ed1-1e07f2b760ef,Velicia Nugroho,asisten peneliti,curriculum vitae ringkas nama velicia nugroho kontak velicianugrohoemailcom riwayat pendidikan binus university kelulusan 2024 pengalaman profesional asisten peneliti pt maju sistem deskripsi kompetensi memiliki dedikasi menyelesaikan tugastugas analitis teknis keahlian utama miliki terapkan meliputi problem solving data visualization statistika berkomitmen penuh akselerasi karir transisi kompetensi industri digital ekosistem teknologi,"problem solving, data visualization, statistika",kontak velicianugrohoemailcom riwayat pendidikan binus university kelulusan 2024 pengalaman profesional asisten,other,"problem solving, data visualization, statistika",not specified,not specified
466,0a82bf08-d30a-4bf9-997c-f726e4e47415,Rian Santoso,fresh graduate matematika,curriculum vitae ringkas nama rian santoso kontak riansantosoemailcom riwayat pendidikan binus university kelulusan 2024 pengalaman profesional fresh graduate matematika pt digital analitika deskripsi kompetensi memiliki dedikasi menyelesaikan tugastugas analitis teknis keahlian utama miliki terapkan meliputi statistika problem solving sql berkomitmen penuh akselerasi karir transisi kompetensi industri digital ekosistem teknologi,"statistika, problem solving, sql",kontak riansantosoemailcom riwayat pendidikan binus university kelulusan 2024 pengalaman profesional fresh,other,"statistika, problem solving, sql",not specified,not specified
467,e5c09ca2-2bbc-4494-9095-5852a47521ac,Rina Nasution,business development intern,curriculum vitae ringkas nama rina nasution kontak rinanasutionemailcom riwayat pendidikan universitas telkom kelulusan 2023 pengalaman profesional business development intern pt lancar digital indonesia tbk deskripsi kompetensi memiliki dedikasi menyelesaikan tugastugas analitis teknis keahlian utama miliki terapkan meliputi komunikasi microsoft office agile leadership manajemen berkomitmen penuh akselerasi karir transisi kompetensi industri digital ekosistem teknologi,"komunikasi, microsoft office, agile, leadership, manajemen waktu",not specified,business,"komunikasi, microsoft office, agile, leadership, manajemen waktu",not specified,business development intern pt lancar digital indonesia | office agile leadership manajemen berkomitmen penuh akselerasi
468,6d31aaa4-b047-47b0-bb25-68922a422e8f,Rina Susanto,staf administrasi data,curriculum vitae ringkas nama rina susanto kontak rinasusantoemailcom riwayat pendidikan universitas indonesia ui kelulusan 2021 pengalaman profesional staf administrasi data pt berjaya cloud deskripsi kompetensi memiliki dedikasi menyelesaikan tugastugas analitis teknis keahlian utama miliki terapkan meliputi sql data visualization tableau berkomitmen penuh akselerasi karir transisi kompetensi industri digital ekosistem teknologi,"sql, data visualization, tableau",not specified,other,"sql, data visualization, tableau",not specified,not specified
469,c4d15820-6bdf-499a-89dd-cd4a47b139d4,Putri Nugroho,junior programmer,curriculum vitae ringkas nama putri nugroho kontak putrinugrohoemailcom riwayat pendidikan universitas padjadjaran kelulusan 2023 pengalaman profesional junior programmer pt nusa sistem deskripsi kompetensi memiliki dedikasi menyelesaikan tugastugas analitis teknis keahlian utama miliki terapkan meliputi python postgresql javascript komunikasi htmlcss berkomitmen penuh akselerasi karir transisi kompetensi industri digital ekosistem teknologi,"python, postgresql, javascript, komunikasi, html css",not specified,other,"python, postgresql, javascript, komunikasi, html css",not specified,pengalaman profesional junior programmer pt nusa sistem
470,40796dad-7b49-453c-a5bd-3d7ef41d593c,Budi Setiawan,ketua bem,curriculum vitae ringkas nama budi setiawan kontak budisetiawanemailcom riwayat pendidikan institut teknologi bandung itb kelulusan 2026 pengalaman profesional ketua bem pt sentosa data deskripsi kompetensi memiliki dedikasi menyelesaikan tugastugas analitis teknis keahlian utama miliki terapkan meliputi komunikasi agile microsoft office manajemen berkomitmen penuh akselerasi karir transisi kompetensi industri digital ekosistem teknologi,"komunikasi, agile, microsoft office, manajemen waktu",not specified,other,"komunikasi, agile, microsoft office, manajemen waktu",not specified,not specified
471,44f24f8f-e3b4-49b3-b84c-f798cf1d61d1,Fikran Ramadhan,web developer magang,curriculum vitae ringkas nama fikran ramadhan kontak fikranramadhanemailcom riwayat pendidikan universitas gadjah mada ugm kelulusan 2023 pengalaman profesional web developer magang pt nusantara creative deskripsi kompetensi memiliki dedikasi menyelesaikan tugastugas analitis teknis keahlian utama miliki terapkan meliputi komunikasi git python htmlcss berkomitmen penuh akselerasi karir transisi kompetensi industri digital ekosistem teknologi,"komunikasi, git, python, html css",not specified,other,"komunikasi, git, python, html css",not specified,profesional web developer magang pt nusantara creative
472,4788e563-fead-4cc4-86fa-2337cecb368d,Putri Putra,content creator,curriculum vitae ringkas nama putri putra kontak putriputraemailcom riwayat pendidikan universitas airlangga kelulusan 2026 pengalaman profesional content creator pt nusa hub deskripsi kompetensi memiliki dedikasi menyelesaikan tugastugas analitis teknis keahlian utama miliki terapkan meliputi user research prototyping kreativitas uiux figma berkomitmen penuh akselerasi karir transisi kompetensi industri digital ekosistem teknologi,"user research, prototyping, kreativitas, ui ux, figma",not specified,other,"user research, prototyping, kreativitas, ui ux, figma",not specified,not specified
473,216fa179-f821-4899-8187-a8b4f0ee8557,Anita Nugroho,content creator,curriculum vitae ringkas nama anita nugroho kontak anitanugrohoemailcom riwayat pendidikan institut teknologi sepuluh nopember kelulusan 2022 pengalaman profesional content creator pt inti digital indonesia deskripsi kompetensi memiliki dedikasi menyelesaikan tugastugas analitis teknis keahlian utama miliki terapkan meliputi adobe illustrator prototyping figma kreativitas uiux berkomitmen penuh akselerasi karir transisi kompetensi industri digital ekosistem teknologi,"adobe illustrator, prototyping, figma, kreativitas, ui ux",curriculum vitae ringkas nama anita nugroho kontak anitanugrohoemailcom riwayat pendidikan | ringkas nama anita nugroho kontak anitanugrohoemailcom riwayat pendidikan institut teknologi sepuluh,other,"adobe illustrator, prototyping, figma, kreativitas, ui ux",not specified,not specified
474,66da0c88-8608-4854-bba4-4a3774e21728,Taufik Putra,sales executive,curriculum vitae ringkas nama taufik putra kontak taufikputraemailcom riwayat pendidikan universitas indonesia ui kelulusan 2024 pengalaman profesional sale executive pt solusi software deskripsi kompetensi memiliki dedikasi menyelesaikan tugastugas analitis teknis keahlian utama miliki terapkan meliputi manajemen komunikasi leadership negosiasi berkomitmen penuh akselerasi karir transisi kompetensi industri digital ekosistem teknologi,"manajemen waktu, komunikasi, leadership, negosiasi",not specified,other,"manajemen waktu, komunikasi, leadership, negosiasi",not specified,manajemen komunikasi leadership negosiasi berkomitmen penuh akselerasi
475,e47d5132-52f9-4d20-b1f9-7ca2c23bdfcd,Agus Putri,statistisi junior,curriculum vitae ringkas nama agus putri kontak agusputriemailcom riwayat pendidikan institut teknologi sepuluh nopember kelulusan 2026 pengalaman profesional statistisi junior pt inti software deskripsi kompetensi memiliki dedikasi menyelesaikan tugastugas analitis teknis keahlian utama miliki terapkan meliputi data visualization statistika python problem solving sql berkomitmen penuh akselerasi karir transisi kompetensi industri digital ekosistem teknologi,"data visualization, statistika, python, problem solving, sql",not specified,other,"data visualization, statistika, python, problem solving, sql",not specified,profesional statistisi junior pt inti software deskripsi
476,df6d67b6-be05-4357-94da-3feef32bb8b3,Anita Kurniawan,fresh graduate matematika,curriculum vitae ringkas nama anita kurniawan kontak anitakurniawanemailcom riwayat pendidikan institut teknologi bandung itb kelulusan 2024 pengalaman profesional fresh graduate matematika pt lancar digital indonesia deskripsi kompetensi memiliki dedikasi menyelesaikan tugastugas analitis teknis keahlian utama miliki terapkan meliputi tableau excel sql data visualization berkomitmen penuh akselerasi karir transisi kompetensi industri digital ekosistem teknologi,"tableau, excel, sql, data visualization",curriculum vitae ringkas nama anita kurniawan kontak anitakurniawanemailcom riwayat pendidikan | ringkas nama anita kurniawan kontak anitakurniawanemailcom riwayat pendidikan institut teknologi bandung,other,"tableau, excel, sql, data visualization",not specified,not specified
477,949dcb34-3d3c-4edc-b0a9-c1092d8a7c06,Naufal Santoso,project administrator,curriculum vitae ringkas nama naufal santoso kontak naufalsantosoemailcom riwayat pendidikan institut teknologi sepuluh nopember kelulusan 2022 pengalaman profesional project administrator pt maju data deskripsi kompetensi memiliki dedikasi menyelesaikan tugastugas analitis teknis keahlian utama miliki terapkan meliputi negosiasi microsoft office leadership berkomitmen penuh akselerasi karir transisi kompetensi industri digital ekosistem teknologi,"negosiasi, microsoft office, leadership",not specified,other,"negosiasi, microsoft office, leadership",pengalaman profesional project administrator pt maju data deskripsi kompetensi memiliki,microsoft office leadership berkomitmen penuh akselerasi karir
478,74b8fc89-74a0-492f-bcf5-5f4270bbb7dc,Ahmad Susanto,staf administrasi data,curriculum vitae ringkas nama ahmad susanto kontak ahmadsusantoemailcom riwayat pendidikan universitas airlangga kelulusan 2024 pengalaman profesional staf administrasi data pt maju sistem deskripsi kompetensi memiliki dedikasi menyelesaikan tugastugas analitis teknis keahlian utama miliki terapkan meliputi excel sql python statistika berkomitmen penuh akselerasi karir transisi kompetensi industri digital ekosistem teknologi,"excel, sql, python, statistika",not specified,other,"excel, sql, python, statistika",not specified,not specified
479,64b564d3-9276-401d-ad39-b28069bbf5ec,Sri Nasution,content creator,curriculum vitae ringkas nama sri nasution kontak srinasutionemailcom riwayat pendidikan universitas airlangga kelulusan 2026 pengalaman profesional content creator pt lancar creative deskripsi kompetensi memiliki dedikasi menyelesaikan tugastugas analitis teknis keahlian utama miliki terapkan meliputi prototyping figma adobe illustrator kreativitas user research berkomitmen penuh akselerasi karir transisi kompetensi industri digital ekosistem teknologi,"prototyping, figma, adobe illustrator, kreativitas, user research",not specified,other,"prototyping, figma, adobe illustrator, kreativitas, user research",not specified,not specified
480,0b7d3374-53d9-48fe-b554-3ec50d9353b0,Sri Putri,project administrator,curriculum vitae ringkas nama sri putri kontak sriputriemailcom riwayat pendidikan universitas gadjah mada ugm kelulusan 2021 pengalaman profesional project administrator pt artha digital indonesia deskripsi kompetensi memiliki dedikasi menyelesaikan tugastugas analitis teknis keahlian utama miliki terapkan meliputi agile leadership negosiasi microsoft office komunikasi berkomitmen penuh akselerasi karir transisi kompetensi industri digital ekosistem teknologi,"agile, leadership, negosiasi, microsoft office, komunikasi",not specified,other,"agile, leadership, negosiasi, microsoft office, komunikasi",pengalaman profesional project administrator pt artha digital indonesia deskripsi kompetensi,meliputi agile leadership negosiasi microsoft office komunikasi
481,471613eb-56d0-430c-a4bb-ec5f8eb6bfaa,Albi Sitorus,fresh graduate matematika,curriculum vitae ringkas nama albi sitorus kontak albisitorusemailcom riwayat pendidikan universitas padjadjaran kelulusan 2021 pengalaman profesional fresh graduate matematika pt tekno creative deskripsi kompetensi memiliki dedikasi menyelesaikan tugastugas analitis teknis keahlian utama miliki terapkan meliputi sql tableau problem solving excel statistika berkomitmen penuh akselerasi karir transisi kompetensi industri digital ekosistem teknologi,"sql, tableau, problem solving, excel, statistika",not specified,other,"sql, tableau, problem solving, excel, statistika",not specified,not specified
482,69d2033c-9579-4da5-a20b-9a91ec8f4475,Aditya Budiman,junior data analyst,curriculum vitae ringkas nama aditya budiman kontak adityabudimanemailcom riwayat pendidikan institut teknologi sepuluh nopember kelulusan 2024 pengalaman profesional junior data analyst pt tekno cloud deskripsi kompetensi memiliki dedikasi menyelesaikan tugastugas analitis teknis keahlian utama miliki terapkan meliputi excel statistika problem solving berkomitmen penuh akselerasi karir transisi kompetensi industri digital ekosistem teknologi,"excel, statistika, problem solving",not specified,other,"excel, statistika, problem solving",not specified,pengalaman profesional junior data analyst pt tekno | junior data analyst pt tekno cloud deskripsi
483,f3b30b0d-4765-4b4e-b80e-0f54c3ca5a02,Fikran Budiman,sales executive,curriculum vitae ringkas nama fikran budiman kontak fikranbudimanemailcom riwayat pendidikan institut teknologi bandung itb kelulusan 2026 pengalaman profesional sale executive pt inti cloud deskripsi kompetensi memiliki dedikasi menyelesaikan tugastugas analitis teknis keahlian utama miliki terapkan meliputi microsoft office leadership komunikasi agile manajemen berkomitmen penuh akselerasi karir transisi kompetensi industri digital ekosistem teknologi,"microsoft office, leadership, komunikasi, agile, manajemen waktu",not specified,other,"microsoft office, leadership, komunikasi, agile, manajemen waktu",not specified,microsoft office leadership komunikasi agile manajemen berkomitmen
484,ae51857c-6453-4ba1-8a97-f1498cf1c235,Anita Sari,junior programmer,curriculum vitae ringkas nama anita sari kontak anitasariemailcom riwayat pendidikan universitas padjadjaran kelulusan 2024 pengalaman profesional junior programmer pt pratama system deskripsi kompetensi memiliki dedikasi menyelesaikan tugastugas analitis teknis keahlian utama miliki terapkan meliputi git htmlcss python javascript berkomitmen penuh akselerasi karir transisi kompetensi industri digital ekosistem teknologi,"git, html css, python, javascript",curriculum vitae ringkas nama anita sari kontak anitasariemailcom riwayat pendidikan | ringkas nama anita sari kontak anitasariemailcom riwayat pendidikan universitas padjadjaran kelulusan,other,"git, html css, python, javascript",pt pratama system deskripsi kompetensi memiliki dedikasi menyelesaikan tugastugas analitis,pengalaman profesional junior programmer pt pratama system
485,74dc9929-e5e4-4256-85f7-31927c1b4eb4,Deni Sari,ui designer magang,curriculum vitae ringkas nama deni sari kontak denisariemailcom riwayat pendidikan institut teknologi sepuluh nopember kelulusan 2022 pengalaman profesional ui designer magang pt tekno digital indonesia tbk deskripsi kompetensi memiliki dedikasi menyelesaikan tugastugas analitis teknis keahlian utama miliki terapkan meliputi uiux adobe illustrator kreativitas berkomitmen penuh akselerasi karir transisi kompetensi industri digital ekosistem teknologi,"ui ux, adobe illustrator, kreativitas",not specified,other,"ui ux, adobe illustrator, kreativitas",not specified,not specified
486,feab67cb-9bc3-4d56-a293-5715a0ab9c04,Rudi Putri,hr staff,curriculum vitae ringkas nama rudi putri kontak rudiputriemailcom riwayat pendidikan universitas gadjah mada ugm kelulusan 2026 pengalaman profesional hr staff pt maju system deskripsi kompetensi memiliki dedikasi menyelesaikan tugastugas analitis teknis keahlian utama miliki terapkan meliputi leadership komunikasi manajemen microsoft office berkomitmen penuh akselerasi karir transisi kompetensi industri digital ekosistem teknologi,"leadership, komunikasi, manajemen waktu, microsoft office",not specified,other,"leadership, komunikasi, manajemen waktu, microsoft office",pt maju system deskripsi kompetensi memiliki dedikasi menyelesaikan tugastugas analitis,terapkan meliputi leadership komunikasi manajemen microsoft office
487,52040f96-43b4-4e67-ada2-0f6d9735b71e,Eko Sari,web developer magang,curriculum vitae ringkas nama eko sari kontak ekosariemailcom riwayat pendidikan institut teknologi bandung itb kelulusan 2026 pengalaman profesional web developer magang pt sinergi teknologi deskripsi kompetensi memiliki dedikasi menyelesaikan tugastugas analitis teknis keahlian utama miliki terapkan meliputi git postgresql javascript htmlcss berkomitmen penuh akselerasi karir transisi kompetensi industri digital ekosistem teknologi,"git, postgresql, javascript, html css",not specified,other,"git, postgresql, javascript, html css",not specified,profesional web developer magang pt sinergi teknologi
488,896c0137-06e7-4eb7-aabd-8d6f3e142d54,Putri Prabowo,staf marketing,curriculum vitae ringkas nama putri prabowo kontak putriprabowoemailcom riwayat pendidikan universitas indonesia ui kelulusan 2024 pengalaman profesional staf marketing pt tekno teknologi deskripsi kompetensi memiliki dedikasi menyelesaikan tugastugas analitis teknis keahlian utama miliki terapkan meliputi kreativitas uiux prototyping berkomitmen penuh akselerasi karir transisi kompetensi industri digital ekosistem teknologi,"kreativitas, ui ux, prototyping",not specified,other,"kreativitas, ui ux, prototyping",not specified,not specified
489,64debf40-40a9-4445-a24a-113bff1e20e6,Anita Sari,ui designer magang,curriculum vitae ringkas nama anita sari kontak anitasariemailcom riwayat pendidikan institut teknologi sepuluh nopember kelulusan 2025 pengalaman profesional ui designer magang pt nusantara teknologi deskripsi kompetensi memiliki dedikasi menyelesaikan tugastugas analitis teknis keahlian utama miliki terapkan meliputi kreativitas figma uiux prototyping adobe illustrator berkomitmen penuh akselerasi karir transisi kompetensi industri digital ekosistem teknologi,"kreativitas, figma, ui ux, prototyping, adobe illustrator",curriculum vitae ringkas nama anita sari kontak anitasariemailcom riwayat pendidikan | ringkas nama anita sari kontak anitasariemailcom riwayat pendidikan institut teknologi sepuluh,other,"kreativitas, figma, ui ux, prototyping, adobe illustrator",not specified,not specified
490,e4e8ce64-d834-4bca-b016-42bff9992db9,Ahmad Ramadhan,junior programmer,curriculum vitae ringkas nama ahmad ramadhan kontak ahmadramadhanemailcom riwayat pendidikan institut teknologi sepuluh nopember kelulusan 2022 pengalaman profesional junior programmer pt berjaya creative deskripsi kompetensi memiliki dedikasi menyelesaikan tugastugas analitis teknis keahlian utama miliki terapkan meliputi javascript htmlcss python git berkomitmen penuh akselerasi karir transisi kompetensi industri digital ekosistem teknologi,"javascript, html css, python, git",not specified,other,"javascript, html css, python, git",not specified,pengalaman profesional junior programmer pt berjaya creative
491,6ef8272c-a5ef-4eee-b14a-4d93a6645bde,Albi Saputra,staf administrasi data,curriculum vitae ringkas nama albi saputra kontak albisaputraemailcom riwayat pendidikan universitas padjadjaran kelulusan 2024 pengalaman profesional staf administrasi data pt digital data deskripsi kompetensi memiliki dedikasi menyelesaikan tugastugas analitis teknis keahlian utama miliki terapkan meliputi tableau sql statistika python problem solving berkomitmen penuh akselerasi karir transisi kompetensi industri digital ekosistem teknologi,"tableau, sql, statistika, python, problem solving",not specified,other,"tableau, sql, statistika, python, problem solving",not specified,not specified
492,2e39c4b2-612f-4a85-9a85-7a9a3028fc2c,Velicia Setiawan,statistisi junior,curriculum vitae ringkas nama velicia setiawan kontak veliciasetiawanemailcom riwayat pendidikan institut teknologi bandung itb kelulusan 2026 pengalaman profesional statistisi junior pt maju creative deskripsi kompetensi memiliki dedikasi menyelesaikan tugastugas analitis teknis keahlian utama miliki terapkan meliputi statistika data visualization excel python tableau berkomitmen penuh akselerasi karir transisi kompetensi industri digital ekosistem teknologi,"statistika, data visualization, excel, python, tableau",not specified,other,"statistika, data visualization, excel, python, tableau",not specified,profesional statistisi junior pt maju creative deskripsi
493,6596ccc9-5af7-4565-b1b3-382182970e25,Velicia Ramadhan,ui designer magang,curriculum vitae ringkas nama velicia ramadhan kontak veliciaramadhanemailcom riwayat pendidikan institut teknologi sepuluh nopember kelulusan 2024 pengalaman profesional ui designer magang pt digital teknologi deskripsi kompetensi memiliki dedikasi menyelesaikan tugastugas analitis teknis keahlian utama miliki terapkan meliputi uiux prototyping figma adobe illustrator berkomitmen penuh akselerasi karir transisi kompetensi industri digital ekosistem teknologi,"ui ux, prototyping, figma, adobe illustrator",not specified,other,"ui ux, prototyping, figma, adobe illustrator",not specified,not specified
494,6aa15848-1074-4f09-a6ca-a6d094283840,Eko Utomo,statistisi junior,curriculum vitae ringkas nama eko utomo kontak ekoutomoemailcom riwayat pendidikan binus university kelulusan 2021 pengalaman profesional statistisi junior pt digital digital indonesia deskripsi kompetensi memiliki dedikasi menyelesaikan tugastugas analitis teknis keahlian utama miliki terapkan meliputi tableau python data visualization problem solving berkomitmen penuh akselerasi karir transisi kompetensi industri digital ekosistem teknologi,"tableau, python, data visualization, problem solving",kontak ekoutomoemailcom riwayat pendidikan binus university kelulusan 2021 pengalaman profesional statistisi,other,"tableau, python, data visualization, problem solving",not specified,profesional statistisi junior pt digital digital indonesia
495,bf66cdc1-75a2-412f-8c01-11a0bb222d8b,Albi Ramadhan,sales executive,curriculum vitae ringkas nama albi ramadhan kontak albiramadhanemailcom riwayat pendidikan universitas padjadjaran kelulusan 2025 pengalaman profesional sale executive pt inovasi analitika deskripsi kompetensi memiliki dedikasi menyelesaikan tugastugas analitis teknis keahlian utama miliki terapkan meliputi negosiasi agile leadership manajemen microsoft office berkomitmen penuh akselerasi karir transisi kompetensi industri digital ekosistem teknologi,"negosiasi, agile, leadership, manajemen waktu, microsoft office",not specified,other,"negosiasi, agile, leadership, manajemen waktu, microsoft office",not specified,negosiasi agile leadership manajemen microsoft office berkomitmen
496,946b562b-b695-4880-b323-982ef7fbe304,Deni Putra,graphic designer,curriculum vitae ringkas nama deni putra kontak deniputraemailcom riwayat pendidikan universitas indonesia ui kelulusan 2021 pengalaman profesional graphic designer pt sinergi system deskripsi kompetensi memiliki dedikasi menyelesaikan tugastugas analitis teknis keahlian utama miliki terapkan meliputi user research kreativitas adobe illustrator prototyping figma berkomitmen penuh akselerasi karir transisi kompetensi industri digital ekosistem teknologi,"user research, kreativitas, adobe illustrator, prototyping, figma",not specified,other,"user research, kreativitas, adobe illustrator, prototyping, figma",pt sinergi system deskripsi kompetensi memiliki dedikasi menyelesaikan tugastugas analitis,not specified
497,14557b00-6492-48c2-ad39-33d3dec9dc45,Rudi Sitorus,ketua bem,curriculum vitae ringkas nama rudi sitorus kontak rudisitorusemailcom riwayat pendidikan universitas gadjah mada ugm kelulusan 2022 pengalaman profesional ketua bem pt inovasi sistem deskripsi kompetensi memiliki dedikasi menyelesaikan tugastugas analitis teknis keahlian utama miliki terapkan meliputi leadership microsoft office agile komunikasi berkomitmen penuh akselerasi karir transisi kompetensi industri digital ekosistem teknologi,"leadership, microsoft office, agile, komunikasi",not specified,other,"leadership, microsoft office, agile, komunikasi",not specified,terapkan meliputi leadership microsoft office agile komunikasi
498,e05c3d17-016f-4e53-9a28-2baa1893d196,Rina Sari,ui designer magang,curriculum vitae ringkas nama rina sari kontak rinasariemailcom riwayat pendidikan universitas padjadjaran kelulusan 2026 pengalaman profesional ui designer magang pt artha software deskripsi kompetensi memiliki dedikasi menyelesaikan tugastugas analitis teknis keahlian utama miliki terapkan meliputi adobe illustrator prototyping uiux figma user research berkomitmen penuh akselerasi karir transisi kompetensi industri digital ekosistem teknologi,"adobe illustrator, prototyping, ui ux, figma, user research",not specified,other,"adobe illustrator, prototyping, ui ux, figma, user research",not specified,not specified
499,d123eb01-d1a5-43cf-9be5-b51ef51f57f9,Hendra Santoso,junior programmer,curriculum vitae ringkas nama hendra santoso kontak hendrasantosoemailcom riwayat pendidikan universitas padjadjaran kelulusan 2026 pengalaman profesional junior programmer pt buana sistem deskripsi kompetensi memiliki dedikasi menyelesaikan tugastugas analitis teknis keahlian utama miliki terapkan meliputi htmlcss python problem solving javascript git berkomitmen penuh akselerasi karir transisi kompetensi industri digital ekosistem teknologi,"html css, python, problem solving, javascript, git",not specified,other,"html css, python, problem solving, javascript, git",not specified,pengalaman profesional junior programmer pt buana sistem
500,07e782be-4db6-47a4-b841-5f20387691fe,Amalia Wijaya,graphic designer,curriculum vitae ringkas nama amalia wijaya kontak amaliawijayaemailcom riwayat pendidikan institut teknologi bandung itb kelulusan 2022 pengalaman profesional graphic designer pt karya software deskripsi kompetensi memiliki dedikasi menyelesaikan tugastugas analitis teknis keahlian utama miliki terapkan meliputi user research adobe illustrator figma prototyping uiux berkomitmen penuh akselerasi karir transisi kompetensi industri digital ekosistem teknologi,"user research, adobe illustrator, figma, prototyping, ui ux",not specified,other,"user research, adobe illustrator, figma, prototyping, ui ux",not specified,not specified