job_id,job_title,extracted_skills,experience_level,extracted_job_skills_count,role_category,extracted_requirements,extracted_responsibilities
dcedd22a-ecbf-402c-b657-570885b37fb3,it recruiter,"scrum, problem solving, strategic planning, agile, komunikasi",senior level,5,hr / recruiter,teknis wajib menguasai scrum problem solving strategic planning agile serta komunikasi memiliki kemampuan problem solving yang baik sangat diutamakan,
302bcf5b-303e-4501-9b38-7b0eda40366a,data analyst,"scikit-learn, data visualization, scrum, agile, tensorflow",,5,data analyst,teknis wajib menguasai scikitlearn data visualization scrum agile serta tensorflow memiliki kemampuan problem solving yang baik sangat diutamakan,
fb99ecb9-f527-4116-aea8-89c9b86cf1f7,product manager,"scrum, leadership, strategic planning, agile, komunikasi",,5,product manager,teknis wajib menguasai scrum leadership strategic planning agile serta komunikasi memiliki kemampuan problem solving yang baik sangat diutamakan,
1e1524a0-81bb-4bbe-bf56-e33c2747683d,devops engineer,"javascript, fastapi, typescript, scrum, strategic planning, node.js, nuxt.js",entry level,7,devops / cloud engineer,teknis wajib menguasai javascript fastapi typescript scrum strategic planning nodejs serta nuxtjs memiliki kemampuan problem solving yang baik sangat diutamakan,
7b388edf-df9d-40d3-9dbf-9da15eb0bba1,ui/ux designer,"ui/ux, komunikasi, design system, wireframing, figma, prototyping",,6,ux / ui designer,teknis wajib menguasai uiux komunikasi design system wireframing figma serta prototyping memiliki kemampuan problem solving yang baik sangat diutamakan,
4c55eb9d-848f-494c-9f54-ff0309e8a89a,machine learning engineer,"statistika, scikit-learn, machine learning, negosiasi, leadership, python, r, pandas",entry level,8,data scientist / ml engineer,teknis wajib menguasai statistika scikitlearn machine learning negosiasi leadership python r serta pandas memiliki kemampuan problem solving yang baik sangat diutamakan,
b298e906-c62c-4e3f-aa2b-bcc10dce1bd8,data analyst,"statistika, data visualization, scikit-learn, powerbi, strategic planning, sql",,6,data analyst,teknis wajib menguasai statistika data visualization scikitlearn powerbi strategic planning serta sql memiliki kemampuan problem solving yang baik sangat diutamakan,
7785cf7a-896e-4e1e-8f75-d1ac59288dd5,frontend developer,"postgresql, project management, git, typescript, leadership, python, redis, nuxt.js",entry level,8,frontend developer,teknis wajib menguasai postgresql project management git typescript leadership python redis serta nuxtjs memiliki kemampuan problem solving yang baik sangat diutamakan,
a63c01fa-b09a-4567-926c-5a5226e48bc2,devops engineer,"react, git, fastapi, negosiasi, vue.js, mongodb",entry level,6,devops / cloud engineer,teknis wajib menguasai react git fastapi negosiasi vuejs serta mongodb memiliki kemampuan problem solving yang baik sangat diutamakan,
b07c044a-cd50-4b98-bbf8-093596b8ea07,ui/ux designer,"ui/ux, scrum, wireframing, figma, prototyping",,5,ux / ui designer,teknis wajib menguasai uiux scrum wireframing figma serta prototyping memiliki kemampuan problem solving yang baik sangat diutamakan,
0f7fd5ee-d4e5-402e-b8b1-876f3be63b7d,backend developer,"jira, docker, typescript, leadership, redis, node.js",,6,backend developer,teknis wajib menguasai jira docker typescript leadership redis serta nodejs memiliki kemampuan problem solving yang baik sangat diutamakan,
1f05248b-251c-4d63-a58e-b0fdab96fe04,data analyst,"leadership, strategic planning, python, r, tensorflow, sql",entry level,6,data analyst,teknis wajib menguasai leadership strategic planning python r tensorflow serta sql memiliki kemampuan problem solving yang baik sangat diutamakan,
0a4fb36d-3393-4b1b-9e62-797f7d749a35,backend developer,"fastapi, problem solving, python, leadership, redis",,5,backend developer,teknis wajib menguasai fastapi problem solving python leadership serta redis memiliki kemampuan problem solving yang baik sangat diutamakan,
b4cd5748-269b-4b82-9439-1b8ef9eba05f,full stack developer,"fastapi, scrum, vue.js, python, leadership, redis, node.js, nuxt.js",,8,fullstack developer,teknis wajib menguasai fastapi scrum vuejs python leadership redis nodejs serta nuxtjs memiliki kemampuan problem solving yang baik sangat diutamakan,
4b4dbe3f-162d-4471-9f75-70cd265a7cf5,frontend developer,"react, negosiasi, python, docker",entry level,4,frontend developer,teknis wajib menguasai react negosiasi python serta docker memiliki kemampuan problem solving yang baik sangat diutamakan,
aa9e3f96-3a79-4eb4-852c-35bba20ab42b,backend developer,"postgresql, negosiasi, typescript, git",entry level,4,backend developer,teknis wajib menguasai postgresql negosiasi typescript serta git memiliki kemampuan problem solving yang baik sangat diutamakan,
7049c7e9-be7a-4f30-b039-98e0d8d8e1a4,product manager,"jira, negosiasi, leadership, strategic planning, komunikasi",,5,product manager,teknis wajib menguasai jira negosiasi leadership strategic planning serta komunikasi memiliki kemampuan problem solving yang baik sangat diutamakan,
41038365-2179-418f-997d-a62dd7c3582f,product manager,"project management, jira, scrum, leadership, agile",entry level,5,product manager,teknis wajib menguasai project management jira scrum leadership serta agile memiliki kemampuan problem solving yang baik sangat diutamakan,
931977bb-853e-4096-8d94-061c9d7b05f5,it recruiter,"jira, scrum, negosiasi, agile, komunikasi",,5,hr / recruiter,teknis wajib menguasai jira scrum negosiasi agile serta komunikasi memiliki kemampuan problem solving yang baik sangat diutamakan,
884a824b-abe1-469c-b300-cddce6e3d014,data analyst,"powerbi, scikit-learn, komunikasi, statistika",entry level,4,data analyst,teknis wajib menguasai powerbi scikitlearn komunikasi serta statistika memiliki kemampuan problem solving yang baik sangat diutamakan,
e7a4c5f1-d9e7-4ba4-8319-7f1e6858e909,product manager,"project management, jira, scrum, negosiasi, strategic planning",,5,product manager,teknis wajib menguasai project management jira scrum negosiasi serta strategic planning memiliki kemampuan problem solving yang baik sangat diutamakan,
04aa2f12-8335-40cb-917a-031c963f50e9,ui/ux designer,"project management, ui/ux, komunikasi, adobe illustrator, wireframing, user research, figma, prototyping",entry level,8,ux / ui designer,teknis wajib menguasai project management uiux komunikasi adobe illustrator wireframing user research figma serta prototyping memiliki kemampuan problem solving yang baik sangat diutamakan,
23c2aa70-762a-4f11-97cb-45a20227a288,it recruiter,"project management, jira, negosiasi, problem solving, agile, komunikasi",entry level,6,hr / recruiter,teknis wajib menguasai project management jira negosiasi problem solving agile serta komunikasi memiliki kemampuan problem solving yang baik sangat diutamakan,
dbc6b15a-8ffa-45bf-9d68-00cec8327d46,devops engineer,"postgresql, javascript, react, scrum, negosiasi, vue.js, python, mongodb",senior level,8,devops / cloud engineer,teknis wajib menguasai postgresql javascript react scrum negosiasi vuejs python serta mongodb memiliki kemampuan problem solving yang baik sangat diutamakan,
dba1596c-3245-4be2-aff9-1ccfec430558,data scientist,"jira, scrum, sql, pandas, tableau",entry level,5,researcher,teknis wajib menguasai jira scrum sql pandas serta tableau memiliki kemampuan problem solving yang baik sangat diutamakan,
e7e9d5b7-433f-4397-b58b-4f4e3a1e7af6,product manager,"problem solving, project management, jira, komunikasi",,4,product manager,teknis wajib menguasai problem solving project management jira serta komunikasi memiliki kemampuan problem solving yang baik sangat diutamakan,
fd24eeba-79f0-4c11-9261-0ed06138d219,devops engineer,"postgresql, docker, vue.js, python, strategic planning, mongodb",senior level,6,devops / cloud engineer,teknis wajib menguasai postgresql docker vuejs python strategic planning serta mongodb memiliki kemampuan problem solving yang baik sangat diutamakan,
7d9b30c0-6d3d-4397-9364-490104661003,it recruiter,"jira, negosiasi, leadership, problem solving, strategic planning, agile, komunikasi",senior level,7,hr / recruiter,teknis wajib menguasai jira negosiasi leadership problem solving strategic planning agile serta komunikasi memiliki kemampuan problem solving yang baik sangat diutamakan,
76a7bb68-532d-443c-84b4-79b3e5045165,machine learning engineer,"powerbi, data visualization, negosiasi, problem solving, python, r, tensorflow",entry level,7,data scientist / ml engineer,teknis wajib menguasai powerbi data visualization negosiasi problem solving python r serta tensorflow memiliki kemampuan problem solving yang baik sangat diutamakan,
22b2ab56-966d-4242-8764-478caa39efc2,devops engineer,"postgresql, docker, react, typescript, leadership, python",senior level,6,devops / cloud engineer,teknis wajib menguasai postgresql docker react typescript leadership serta python memiliki kemampuan problem solving yang baik sangat diutamakan,
6eb5aa23-4470-4ba0-a019-cbed3c94e02f,full stack developer,"fastapi, typescript, scrum, python, mongodb, redis",,6,fullstack developer,teknis wajib menguasai fastapi typescript scrum python mongodb serta redis memiliki kemampuan problem solving yang baik sangat diutamakan,
6f68b7ff-4329-45b6-bb55-ea8e0b83aa78,devops engineer,"postgresql, javascript, leadership, python, redis, komunikasi, nuxt.js",entry level,7,devops / cloud engineer,teknis wajib menguasai postgresql javascript leadership python redis komunikasi serta nuxtjs memiliki kemampuan problem solving yang baik sangat diutamakan,
d00a4664-6160-4d5e-bfb8-2ab57973368f,data scientist,"powerbi, problem solving, r, sql, tableau",,5,researcher,teknis wajib menguasai powerbi problem solving r sql serta tableau memiliki kemampuan problem solving yang baik sangat diutamakan,
501717b4-607c-4b59-8dfc-99cb6f8a8ae8,machine learning engineer,"jira, statistika, powerbi, machine learning, tableau",entry level,5,data scientist / ml engineer,teknis wajib menguasai jira statistika powerbi machine learning serta tableau memiliki kemampuan problem solving yang baik sangat diutamakan,
72ff7b0d-0bf7-41bc-b108-039bb5953d65,backend developer,"javascript, react, git, fastapi, problem solving",entry level,5,backend developer,teknis wajib menguasai javascript react git fastapi serta problem solving memiliki kemampuan problem solving yang baik sangat diutamakan,
5811661e-5d79-438c-9cac-8fe40a644496,data analyst,"powerbi, data visualization, scrum, python, r, pandas",,6,data analyst,teknis wajib menguasai powerbi data visualization scrum python r serta pandas memiliki kemampuan problem solving yang baik sangat diutamakan,
55436f08-c30d-47ac-8b89-72189807deec,ui/ux designer,"ui/ux, leadership, wireframing, user research, figma, prototyping",entry level,6,ux / ui designer,teknis wajib menguasai uiux leadership wireframing user research figma serta prototyping memiliki kemampuan problem solving yang baik sangat diutamakan,
ad74ce33-78bf-4116-bb4e-fcb55de177e7,backend developer,"javascript, docker, git, negosiasi, redis, nuxt.js",entry level,6,backend developer,teknis wajib menguasai javascript docker git negosiasi redis serta nuxtjs memiliki kemampuan problem solving yang baik sangat diutamakan,
ae820d8a-0acb-4768-8b10-4383c9dca091,data analyst,"tableau, scikit-learn, problem solving, r",senior level,4,data analyst,teknis wajib menguasai tableau scikitlearn problem solving serta r memiliki kemampuan problem solving yang baik sangat diutamakan,
a71e6175-a6ad-4f0c-86c9-095798f3cd04,it recruiter,"project management, scrum, strategic planning, agile, komunikasi",,5,hr / recruiter,teknis wajib menguasai project management scrum strategic planning agile serta komunikasi memiliki kemampuan problem solving yang baik sangat diutamakan,
e47226c8-3a17-4f1d-95fd-9b493f7f1542,frontend developer,"docker, javascript, jira, git, scrum, python, redis",,7,frontend developer,teknis wajib menguasai docker javascript jira git scrum python serta redis memiliki kemampuan problem solving yang baik sangat diutamakan,
8a4fbf7c-5b5e-4ad9-96ec-3c63b80734b3,frontend developer,"docker, jira, react, redis, nuxt.js",,5,frontend developer,teknis wajib menguasai docker jira react redis serta nuxtjs memiliki kemampuan problem solving yang baik sangat diutamakan,
a388872e-502a-4001-9dbf-0eef35927239,data analyst,"powerbi, sql, komunikasi, r",entry level,4,data analyst,teknis wajib menguasai powerbi sql komunikasi serta r memiliki kemampuan problem solving yang baik sangat diutamakan,
dce46e1f-aad3-4d61-98f3-cddbd0f9c6ff,product manager,"project management, jira, scrum, negosiasi, leadership, agile, komunikasi",,7,product manager,teknis wajib menguasai project management jira scrum negosiasi leadership agile serta komunikasi memiliki kemampuan problem solving yang baik sangat diutamakan,
da67d3d6-7507-474b-a3c1-1598a11a46eb,full stack developer,"react, git, problem solving, komunikasi, node.js",,5,fullstack developer,teknis wajib menguasai react git problem solving komunikasi serta nodejs memiliki kemampuan problem solving yang baik sangat diutamakan,
3d5e6e08-6b4c-4a15-b636-2362e61b138a,machine learning engineer,"statistika, powerbi, data visualization, scrum, leadership, r, tensorflow",,7,data scientist / ml engineer,teknis wajib menguasai statistika powerbi data visualization scrum leadership r serta tensorflow memiliki kemampuan problem solving yang baik sangat diutamakan,
e038ccfc-9031-49a2-ab73-ca2b6d10d428,devops engineer,"postgresql, problem solving, vue.js, node.js, nuxt.js",,5,devops / cloud engineer,teknis wajib menguasai postgresql problem solving vuejs nodejs serta nuxtjs memiliki kemampuan problem solving yang baik sangat diutamakan,
97335ca9-877e-410b-a6e8-4d351c1aea51,devops engineer,"docker, git, scrum, typescript, negosiasi, vue.js",,6,devops / cloud engineer,teknis wajib menguasai docker git scrum typescript negosiasi serta vuejs memiliki kemampuan problem solving yang baik sangat diutamakan,
2bd358c9-6d84-44a0-a01d-a3e40c1385a4,data analyst,"powerbi, scikit-learn, machine learning, leadership",entry level,4,data analyst,teknis wajib menguasai powerbi scikitlearn machine learning serta leadership memiliki kemampuan problem solving yang baik sangat diutamakan,
82863435-35e7-446f-8261-efde8446376a,data scientist,"project management, statistika, scrum, pandas, tableau",,5,researcher,teknis wajib menguasai project management statistika scrum pandas serta tableau memiliki kemampuan problem solving yang baik sangat diutamakan,
6be0d293-d224-4e69-a779-5e49b81bf6b6,frontend developer,"jira, typescript, vue.js, mongodb, komunikasi, node.js, nuxt.js",,7,frontend developer,teknis wajib menguasai jira typescript vuejs mongodb komunikasi nodejs serta nuxtjs memiliki kemampuan problem solving yang baik sangat diutamakan,
40462aa5-3253-4108-9395-39c76f95d253,product manager,"project management, scrum, problem solving, strategic planning, komunikasi",,5,product manager,teknis wajib menguasai project management scrum problem solving strategic planning serta komunikasi memiliki kemampuan problem solving yang baik sangat diutamakan,
30f2566e-886b-4216-a047-c59fb88c23a3,data analyst,"project management, powerbi, scikit-learn, machine learning, problem solving, r, pandas",senior level,7,data analyst,teknis wajib menguasai project management powerbi scikitlearn machine learning problem solving r serta pandas memiliki kemampuan problem solving yang baik sangat diutamakan,
78a67352-3457-4272-ae3f-db59e5ac1c95,data analyst,"leadership, python, tensorflow, sql, tableau",senior level,5,data analyst,teknis wajib menguasai leadership python tensorflow sql serta tableau memiliki kemampuan problem solving yang baik sangat diutamakan,
1db6e93d-eca9-418c-8b78-b12f7fcc980c,machine learning engineer,"jira, statistika, scikit-learn, leadership, python, sql, pandas, tableau",,8,data scientist / ml engineer,teknis wajib menguasai jira statistika scikitlearn leadership python sql pandas serta tableau memiliki kemampuan problem solving yang baik sangat diutamakan,
316fcd1e-9bf7-479d-a1d9-3639a2f2ba93,data analyst,"powerbi, data visualization, strategic planning, agile, tensorflow, sql, tableau",senior level,7,data analyst,teknis wajib menguasai powerbi data visualization strategic planning agile tensorflow sql serta tableau memiliki kemampuan problem solving yang baik sangat diutamakan,
7d572d81-8584-405d-a9fd-45444fed8262,machine learning engineer,"statistika, data visualization, machine learning, negosiasi, problem solving, tensorflow, pandas, tableau",,8,data scientist / ml engineer,teknis wajib menguasai statistika data visualization machine learning negosiasi problem solving tensorflow pandas serta tableau memiliki kemampuan problem solving yang baik sangat diutamakan,
a750e333-e8b7-4d48-a5fa-278aad899ffc,product manager,"leadership, project management, agile, jira",senior level,4,product manager,teknis wajib menguasai leadership project management agile serta jira memiliki kemampuan problem solving yang baik sangat diutamakan,
ded17c55-121b-4fb2-af4c-f77b8fe14f05,it recruiter,"jira, negosiasi, leadership, problem solving, agile, komunikasi",,6,hr / recruiter,teknis wajib menguasai jira negosiasi leadership problem solving agile serta komunikasi memiliki kemampuan problem solving yang baik sangat diutamakan,
22d6f136-e41c-43aa-a423-8c39ff7f6cf7,data analyst,"statistika, scikit-learn, leadership, python, komunikasi, pandas, tableau",,7,data analyst,teknis wajib menguasai statistika scikitlearn leadership python komunikasi pandas serta tableau memiliki kemampuan problem solving yang baik sangat diutamakan,
7e7cb4da-c913-4bfb-9dd7-10d6fd5eb177,it recruiter,"project management, jira, negosiasi, leadership, komunikasi",senior level,5,hr / recruiter,teknis wajib menguasai project management jira negosiasi leadership serta komunikasi memiliki kemampuan problem solving yang baik sangat diutamakan,
3c2a5c43-5cba-4852-a5f1-80de9c1e1442,machine learning engineer,"komunikasi, statistika, scikit-learn, machine learning, agile, r, sql",,7,data scientist / ml engineer,teknis wajib menguasai komunikasi statistika scikitlearn machine learning agile r serta sql memiliki kemampuan problem solving yang baik sangat diutamakan,
cc60a84d-39fd-49e9-ab9e-c3e44eeb2e87,frontend developer,"jira, mongodb, fastapi, nuxt.js",,4,frontend developer,teknis wajib menguasai jira mongodb fastapi serta nuxtjs memiliki kemampuan problem solving yang baik sangat diutamakan,
132a598f-8a48-4350-a05b-39e25b2df4d9,machine learning engineer,"machine learning, python, komunikasi, tableau",senior level,4,data scientist / ml engineer,teknis wajib menguasai machine learning python komunikasi serta tableau memiliki kemampuan problem solving yang baik sangat diutamakan,
9e377a46-e512-4702-874f-e9612e4590cc,frontend developer,"fastapi, scrum, typescript, vue.js, agile, nuxt.js",senior level,6,frontend developer,teknis wajib menguasai fastapi scrum typescript vuejs agile serta nuxtjs memiliki kemampuan problem solving yang baik sangat diutamakan,
da152376-d8cb-468f-9ea2-9182435c00e1,data scientist,"scikit-learn, data visualization, machine learning, problem solving, agile, tensorflow",,6,researcher,teknis wajib menguasai scikitlearn data visualization machine learning problem solving agile serta tensorflow memiliki kemampuan problem solving yang baik sangat diutamakan,
757275bb-d5ab-4624-bb5c-a6415605f040,frontend developer,"postgresql, docker, react, scrum, python, agile, nuxt.js",entry level,7,frontend developer,teknis wajib menguasai postgresql docker react scrum python agile serta nuxtjs memiliki kemampuan problem solving yang baik sangat diutamakan,
6a7d5572-98da-40a9-b5b6-d8ddb9b722aa,data analyst,"statistika, scikit-learn, leadership, tensorflow, sql, pandas, tableau",senior level,7,data analyst,teknis wajib menguasai statistika scikitlearn leadership tensorflow sql pandas serta tableau memiliki kemampuan problem solving yang baik sangat diutamakan,
2be30b8f-d05a-4baa-b15d-8fc4ccc033d3,it recruiter,"jira, scrum, negosiasi, leadership, komunikasi",,5,hr / recruiter,teknis wajib menguasai jira scrum negosiasi leadership serta komunikasi memiliki kemampuan problem solving yang baik sangat diutamakan,
4fed8a07-0f54-4b43-8a2c-e7a8ed173e0d,backend developer,"fastapi, typescript, vue.js, python, problem solving, agile",,6,backend developer,teknis wajib menguasai fastapi typescript vuejs python problem solving serta agile memiliki kemampuan problem solving yang baik sangat diutamakan,
56289ea5-bde2-45c0-b092-cf2d4d85ab87,full stack developer,"redis, agile, node.js, docker",,4,fullstack developer,teknis wajib menguasai redis agile nodejs serta docker memiliki kemampuan problem solving yang baik sangat diutamakan,
1bb3e4ee-3e9d-4e58-b9d1-9df1b7eb1310,full stack developer,"scrum, typescript, leadership, python, redis",,5,fullstack developer,teknis wajib menguasai scrum typescript leadership python serta redis memiliki kemampuan problem solving yang baik sangat diutamakan,
adc5f1ef-819e-46cb-9d5e-4d06d668ac37,full stack developer,"docker, git, leadership, mongodb, komunikasi, redis",senior level,6,fullstack developer,teknis wajib menguasai docker git leadership mongodb komunikasi serta redis memiliki kemampuan problem solving yang baik sangat diutamakan,
e05a2b2a-461a-40f4-87fc-b62114991b54,ui/ux designer,"adobe illustrator, design system, wireframing, agile, user research, figma, prototyping",entry level,7,ux / ui designer,teknis wajib menguasai adobe illustrator design system wireframing agile user research figma serta prototyping memiliki kemampuan problem solving yang baik sangat diutamakan,
f425b22d-ca46-427c-85fb-9c697c7996b9,ui/ux designer,"photoshop, adobe illustrator, design system, agile, user research, figma, komunikasi",senior level,7,ux / ui designer,teknis wajib menguasai photoshop adobe illustrator design system agile user research figma serta komunikasi memiliki kemampuan problem solving yang baik sangat diutamakan,
01d1a378-9715-428e-bf6d-e8b733eaa8ab,it recruiter,"project management, scrum, negosiasi, problem solving, leadership, agile",,6,hr / recruiter,teknis wajib menguasai project management scrum negosiasi problem solving leadership serta agile memiliki kemampuan problem solving yang baik sangat diutamakan,
ab04d812-fd33-41ab-8fb0-8d70ebbe9ddc,product manager,"jira, scrum, negosiasi, leadership, problem solving, agile, komunikasi",senior level,7,product manager,teknis wajib menguasai jira scrum negosiasi leadership problem solving agile serta komunikasi memiliki kemampuan problem solving yang baik sangat diutamakan,
d53c8d92-f0a2-4f11-abd4-2f022ad0f2fd,frontend developer,"postgresql, git, fastapi, strategic planning, mongodb, redis, nuxt.js",entry level,7,frontend developer,teknis wajib menguasai postgresql git fastapi strategic planning mongodb redis serta nuxtjs memiliki kemampuan problem solving yang baik sangat diutamakan,
ae8015c9-02c1-46c8-8183-f428215ccf3e,backend developer,"docker, react, git, typescript, vue.js, problem solving",,6,backend developer,teknis wajib menguasai docker react git typescript vuejs serta problem solving memiliki kemampuan problem solving yang baik sangat diutamakan,
85df56b2-c01d-46c3-b60b-2154424d777f,full stack developer,"postgresql, jira, docker, react, problem solving, node.js",,6,fullstack developer,teknis wajib menguasai postgresql jira docker react problem solving serta nodejs memiliki kemampuan problem solving yang baik sangat diutamakan,
842b8659-2e92-47ae-8ca3-1035905e2907,data scientist,"komunikasi, tensorflow, sql, pandas, tableau",entry level,5,researcher,teknis wajib menguasai komunikasi tensorflow sql pandas serta tableau memiliki kemampuan problem solving yang baik sangat diutamakan,
b8c66ddf-80db-4e70-922d-6b6332383028,it recruiter,"scrum, negosiasi, leadership, problem solving, agile, komunikasi",,6,hr / recruiter,teknis wajib menguasai scrum negosiasi leadership problem solving agile serta komunikasi memiliki kemampuan problem solving yang baik sangat diutamakan,
8d639726-5102-4cbd-9bdb-3a114b7213d9,ui/ux designer,"ui/ux, photoshop, leadership, wireframing, prototyping",senior level,5,ux / ui designer,teknis wajib menguasai uiux photoshop leadership wireframing serta prototyping memiliki kemampuan problem solving yang baik sangat diutamakan,
2d26aa6d-1287-4c48-b94b-ae8c934e3bef,it recruiter,"project management, jira, negosiasi, problem solving, strategic planning, agile, leadership",,7,hr / recruiter,teknis wajib menguasai project management jira negosiasi problem solving strategic planning agile serta leadership memiliki kemampuan problem solving yang baik sangat diutamakan,
c01feaf0-4348-4bd5-a96a-940222900ef6,product manager,"jira, scrum, leadership, strategic planning, agile",,5,product manager,teknis wajib menguasai jira scrum leadership strategic planning serta agile memiliki kemampuan problem solving yang baik sangat diutamakan,
136f4e89-cd17-4240-8e30-3c08e6ff9842,product manager,"project management, jira, negosiasi, leadership, strategic planning, agile, problem solving",senior level,7,product manager,teknis wajib menguasai project management jira negosiasi leadership strategic planning agile serta problem solving memiliki kemampuan problem solving yang baik sangat diutamakan,
51a4f443-6c43-4a80-99cc-e9a346c81a1e,devops engineer,"docker, javascript, jira, fastapi, vue.js, problem solving, mongodb, nuxt.js",entry level,8,devops / cloud engineer,teknis wajib menguasai docker javascript jira fastapi vuejs problem solving mongodb serta nuxtjs memiliki kemampuan problem solving yang baik sangat diutamakan,
dc3106ea-50f2-418e-89a2-69891506e646,full stack developer,"postgresql, git, typescript, problem solving, strategic planning, python",entry level,6,fullstack developer,teknis wajib menguasai postgresql git typescript problem solving strategic planning serta python memiliki kemampuan problem solving yang baik sangat diutamakan,
4388ca66-d893-4cac-a323-412e3957de18,data analyst,"statistika, data visualization, komunikasi, r",,4,data analyst,teknis wajib menguasai statistika data visualization komunikasi serta r memiliki kemampuan problem solving yang baik sangat diutamakan,
2badc990-24e1-4933-aa3d-097aa667b0de,full stack developer,"postgresql, javascript, negosiasi, vue.js, redis, node.js",senior level,6,fullstack developer,teknis wajib menguasai postgresql javascript negosiasi vuejs redis serta nodejs memiliki kemampuan problem solving yang baik sangat diutamakan,
078afd22-05d2-4ea5-8843-6f858cd128a1,machine learning engineer,"scikit-learn, scrum, machine learning, python, tensorflow, sql",senior level,6,data scientist / ml engineer,teknis wajib menguasai scikitlearn scrum machine learning python tensorflow serta sql memiliki kemampuan problem solving yang baik sangat diutamakan,
100d90e6-fef6-419c-89cf-6f723574efd2,frontend developer,"docker, react, fastapi, scrum, vue.js, mongodb, komunikasi, node.js",senior level,8,frontend developer,teknis wajib menguasai docker react fastapi scrum vuejs mongodb komunikasi serta nodejs memiliki kemampuan problem solving yang baik sangat diutamakan,
a6c57c44-7807-42dc-aed6-42de74f43be4,ui/ux designer,"ui/ux, adobe illustrator, design system, agile, user research, figma, prototyping",entry level,7,ux / ui designer,teknis wajib menguasai uiux adobe illustrator design system agile user research figma serta prototyping memiliki kemampuan problem solving yang baik sangat diutamakan,
9278ede3-99b4-483c-be1c-840b5ce0ca9b,frontend developer,"git, typescript, vue.js, strategic planning, redis",,5,frontend developer,teknis wajib menguasai git typescript vuejs strategic planning serta redis memiliki kemampuan problem solving yang baik sangat diutamakan,
d5a6d539-6bbb-42f7-bbdf-fc9e5c3f1ffe,devops engineer,"project management, fastapi, vue.js, strategic planning, mongodb, nuxt.js",,6,devops / cloud engineer,teknis wajib menguasai project management fastapi vuejs strategic planning mongodb serta nuxtjs memiliki kemampuan problem solving yang baik sangat diutamakan,
fd94c067-9a9b-433f-af94-47bba8c96531,it recruiter,"project management, jira, scrum, negosiasi, agile",entry level,5,hr / recruiter,teknis wajib menguasai project management jira scrum negosiasi serta agile memiliki kemampuan problem solving yang baik sangat diutamakan,
df07b03b-5afe-45ec-bb18-1ca5540240d4,ui/ux designer,"project management, ui/ux, photoshop, adobe illustrator, design system, strategic planning, wireframing, user research",senior level,8,ux / ui designer,teknis wajib menguasai project management uiux photoshop adobe illustrator design system strategic planning wireframing serta user research memiliki kemampuan problem solving yang baik sangat diutamakan,
8fd537da-26c1-4b61-9415-44ddb2d2e5e9,full stack developer,"postgresql, project management, git, typescript, leadership, python, mongodb, nuxt.js",entry level,8,fullstack developer,teknis wajib menguasai postgresql project management git typescript leadership python mongodb serta nuxtjs memiliki kemampuan problem solving yang baik sangat diutamakan,
141c0712-cc28-444a-b1d1-61c326c88455,ui/ux designer,"project management, jira, ui/ux, adobe illustrator, design system, user research, figma, prototyping",entry level,8,ux / ui designer,teknis wajib menguasai project management jira uiux adobe illustrator design system user research figma serta prototyping memiliki kemampuan problem solving yang baik sangat diutamakan,
86688137-356c-4f78-ab8e-1e70ada9fa77,full stack developer,"javascript, fastapi, typescript, scrum, vue.js, python, strategic planning",,7,fullstack developer,teknis wajib menguasai javascript fastapi typescript scrum vuejs python serta strategic planning memiliki kemampuan problem solving yang baik sangat diutamakan,
b2960385-e21a-4fd3-84b1-5f21cc58eb71,devops engineer,"postgresql, project management, git, fastapi, vue.js",senior level,5,devops / cloud engineer,teknis wajib menguasai postgresql project management git fastapi serta vuejs memiliki kemampuan problem solving yang baik sangat diutamakan,
bbdbc2e9-73f1-4f78-8b75-10548ad7ae14,product manager,"leadership, komunikasi, jira",,3,product manager,teknis wajib menguasai leadership komunikasi serta jira memiliki kemampuan problem solving yang baik sangat diutamakan,
d5ad4e9e-04da-4a91-8286-e34bee144404,it recruiter,"project management, scrum, leadership, strategic planning, komunikasi",,5,hr / recruiter,teknis wajib menguasai project management scrum leadership strategic planning serta komunikasi memiliki kemampuan problem solving yang baik sangat diutamakan,
4eb299d1-2da1-4ec8-9fbb-9427ea5c365f,backend developer,"docker, javascript, git, react, typescript, agile, mongodb",senior level,7,backend developer,teknis wajib menguasai docker javascript git react typescript agile serta mongodb memiliki kemampuan problem solving yang baik sangat diutamakan,
db71e95f-1f7d-4261-8792-bfb305ec352e,backend developer,"scrum, vue.js, fastapi, docker",,4,backend developer,teknis wajib menguasai scrum vuejs fastapi serta docker memiliki kemampuan problem solving yang baik sangat diutamakan,
9830e48b-06f8-4105-9a1f-889d7dff382f,backend developer,"jira, react, typescript, negosiasi, vue.js, mongodb, nuxt.js",,7,backend developer,teknis wajib menguasai jira react typescript negosiasi vuejs mongodb serta nuxtjs memiliki kemampuan problem solving yang baik sangat diutamakan,
3f432997-b300-47c4-ac5f-3b800ec0f550,ui/ux designer,"ui/ux, photoshop, adobe illustrator, design system, problem solving, wireframing, figma",entry level,7,ux / ui designer,teknis wajib menguasai uiux photoshop adobe illustrator design system problem solving wireframing serta figma memiliki kemampuan problem solving yang baik sangat diutamakan,
25cd9e3e-867f-4934-9569-b239194c2368,devops engineer,"javascript, react, leadership, python, redis, node.js, nuxt.js",,7,devops / cloud engineer,teknis wajib menguasai javascript react leadership python redis nodejs serta nuxtjs memiliki kemampuan problem solving yang baik sangat diutamakan,
c25e8ded-4430-42c4-906a-b72318ff4b0f,full stack developer,"postgresql, javascript, git, typescript, scrum, leadership, redis, nuxt.js",senior level,8,fullstack developer,teknis wajib menguasai postgresql javascript git typescript scrum leadership redis serta nuxtjs memiliki kemampuan problem solving yang baik sangat diutamakan,
da9024e3-b2ee-48a9-b129-be2bc3138ecb,full stack developer,"postgresql, fastapi, typescript, leadership, python, mongodb, komunikasi, nuxt.js",senior level,8,fullstack developer,teknis wajib menguasai postgresql fastapi typescript leadership python mongodb komunikasi serta nuxtjs memiliki kemampuan problem solving yang baik sangat diutamakan,
ee302dab-8365-4316-8c50-2a60b4a56dd6,full stack developer,"postgresql, vue.js, strategic planning, docker",entry level,4,fullstack developer,teknis wajib menguasai postgresql vuejs strategic planning serta docker memiliki kemampuan problem solving yang baik sangat diutamakan,
3ab098aa-4812-4f27-b6d9-88f8a7cb3e83,machine learning engineer,"jira, powerbi, scikit-learn, data visualization, python, komunikasi, pandas",,7,data scientist / ml engineer,teknis wajib menguasai jira powerbi scikitlearn data visualization python komunikasi serta pandas memiliki kemampuan problem solving yang baik sangat diutamakan,
61e3ec93-f882-44a8-b96b-816a737c7295,machine learning engineer,"jira, statistika, scikit-learn, problem solving, r",,5,data scientist / ml engineer,teknis wajib menguasai jira statistika scikitlearn problem solving serta r memiliki kemampuan problem solving yang baik sangat diutamakan,
7f1ec293-ef76-4754-8b4c-b25d081e7993,data analyst,"jira, data visualization, powerbi, scrum, python, r, tensorflow, tableau",entry level,8,data analyst,teknis wajib menguasai jira data visualization powerbi scrum python r tensorflow serta tableau memiliki kemampuan problem solving yang baik sangat diutamakan,
9f9eb36b-aba0-4856-b7eb-34dd9758928f,frontend developer,"postgresql, jira, javascript, typescript, nuxt.js",,5,frontend developer,teknis wajib menguasai postgresql jira javascript typescript serta nuxtjs memiliki kemampuan problem solving yang baik sangat diutamakan,
e789b794-d964-4937-bf11-635bfd48d0b3,machine learning engineer,"powerbi, leadership, python, agile, tensorflow, sql, pandas, tableau",,8,data scientist / ml engineer,teknis wajib menguasai powerbi leadership python agile tensorflow sql pandas serta tableau memiliki kemampuan problem solving yang baik sangat diutamakan,
74043d9a-9ad4-4d52-a50c-13ed6006f97a,frontend developer,"postgresql, project management, docker, jira, fastapi, vue.js, nuxt.js",entry level,7,frontend developer,teknis wajib menguasai postgresql project management docker jira fastapi vuejs serta nuxtjs memiliki kemampuan problem solving yang baik sangat diutamakan,
b137970a-6715-4daf-86f4-e0b327ebcad5,ui/ux designer,"ui/ux, adobe illustrator, design system, wireframing, user research, figma, komunikasi",entry level,7,ux / ui designer,teknis wajib menguasai uiux adobe illustrator design system wireframing user research figma serta komunikasi memiliki kemampuan problem solving yang baik sangat diutamakan,
9ccba496-a047-4b14-a03e-07d6d7af9bed,data analyst,"statistika, powerbi, data visualization, machine learning, leadership, r, tensorflow",,7,data analyst,teknis wajib menguasai statistika powerbi data visualization machine learning leadership r serta tensorflow memiliki kemampuan problem solving yang baik sangat diutamakan,
834c3c13-c7b5-419b-8fce-a9ffc4f241eb,data scientist,"jira, statistika, python, r, tensorflow",,5,researcher,teknis wajib menguasai jira statistika python r serta tensorflow memiliki kemampuan problem solving yang baik sangat diutamakan,
f8cd3b13-5597-469f-851c-85ffd9afaacc,it recruiter,"jira, scrum, negosiasi, leadership, problem solving, agile, komunikasi",senior level,7,hr / recruiter,teknis wajib menguasai jira scrum negosiasi leadership problem solving agile serta komunikasi memiliki kemampuan problem solving yang baik sangat diutamakan,
153e6690-f3c0-4a16-93e8-742660175f11,data analyst,"statistika, tensorflow, project management, pandas",,4,data analyst,teknis wajib menguasai statistika tensorflow project management serta pandas memiliki kemampuan problem solving yang baik sangat diutamakan,
54434e6f-0940-4be0-b40b-c8017003aafb,it recruiter,"project management, jira, negosiasi, leadership, problem solving, agile",senior level,6,hr / recruiter,teknis wajib menguasai project management jira negosiasi leadership problem solving serta agile memiliki kemampuan problem solving yang baik sangat diutamakan,
0c849f3f-8779-4d90-936f-4925d25ba8bf,it recruiter,"project management, scrum, negosiasi, problem solving, leadership",senior level,5,hr / recruiter,teknis wajib menguasai project management scrum negosiasi problem solving serta leadership memiliki kemampuan problem solving yang baik sangat diutamakan,
743e7fda-f06b-4c0c-9cf2-6f040e25e3bb,frontend developer,"javascript, vue.js, python, mongodb, komunikasi, node.js",,6,frontend developer,teknis wajib menguasai javascript vuejs python mongodb komunikasi serta nodejs memiliki kemampuan problem solving yang baik sangat diutamakan,
a9316152-dda1-4ece-9d56-e31ebc7d9334,backend developer,"docker, jira, fastapi, typescript, vue.js, node.js",senior level,6,backend developer,teknis wajib menguasai docker jira fastapi typescript vuejs serta nodejs memiliki kemampuan problem solving yang baik sangat diutamakan,
aeb65282-70ac-493b-8636-2d8f0c28ecc8,devops engineer,"react, git, strategic planning, redis, node.js",senior level,5,devops / cloud engineer,teknis wajib menguasai react git strategic planning redis serta nodejs memiliki kemampuan problem solving yang baik sangat diutamakan,
5f2e17a0-f59c-4f17-bfb0-ac0e031f10e9,backend developer,"postgresql, negosiasi, vue.js, python, mongodb",,5,backend developer,teknis wajib menguasai postgresql negosiasi vuejs python serta mongodb memiliki kemampuan problem solving yang baik sangat diutamakan,
c509c282-15b0-4dc9-a709-0491cbd99549,product manager,"negosiasi, leadership, project management, komunikasi",senior level,4,product manager,teknis wajib menguasai negosiasi leadership project management serta komunikasi memiliki kemampuan problem solving yang baik sangat diutamakan,
73b9e89b-f046-486c-8605-81c897d6c9cd,data analyst,"project management, jira, powerbi, data visualization, machine learning, python",,6,data analyst,teknis wajib menguasai project management jira powerbi data visualization machine learning serta python memiliki kemampuan problem solving yang baik sangat diutamakan,
a6d50fd7-e009-418b-8815-747dfebe173b,ui/ux designer,"komunikasi, ui/ux, photoshop, user research, prototyping",entry level,5,ux / ui designer,teknis wajib menguasai komunikasi uiux photoshop user research serta prototyping memiliki kemampuan problem solving yang baik sangat diutamakan,
f6930749-ae36-407f-9b44-0c1f96d96559,machine learning engineer,"komunikasi, scikit-learn, data visualization, tensorflow, sql, pandas, tableau",entry level,7,data scientist / ml engineer,teknis wajib menguasai komunikasi scikitlearn data visualization tensorflow sql pandas serta tableau memiliki kemampuan problem solving yang baik sangat diutamakan,
85a96a8f-4254-42e4-a161-08d41c93ee5d,data analyst,"scikit-learn, machine learning, problem solving, python, r, tableau",entry level,6,data analyst,teknis wajib menguasai scikitlearn machine learning problem solving python r serta tableau memiliki kemampuan problem solving yang baik sangat diutamakan,
094b3be6-7f04-4b07-a733-676c0d40ade9,ui/ux designer,"ui/ux, adobe illustrator, design system, problem solving, wireframing, user research, figma",senior level,7,ux / ui designer,teknis wajib menguasai uiux adobe illustrator design system problem solving wireframing user research serta figma memiliki kemampuan problem solving yang baik sangat diutamakan,
c7f9e06a-0653-41dd-b330-a4fea7e9ee0b,devops engineer,"javascript, jira, react, fastapi, scrum, mongodb, node.js",,7,devops / cloud engineer,teknis wajib menguasai javascript jira react fastapi scrum mongodb serta nodejs memiliki kemampuan problem solving yang baik sangat diutamakan,
eda1ff97-7f08-4ad3-859c-dcefd975b87a,frontend developer,"postgresql, git, scrum, vue.js, python, redis",entry level,6,frontend developer,teknis wajib menguasai postgresql git scrum vuejs python serta redis memiliki kemampuan problem solving yang baik sangat diutamakan,
63b5decb-f739-4ceb-a6ab-24315900efdc,data analyst,"komunikasi, statistika, data visualization, machine learning, sql, tableau",entry level,6,data analyst,teknis wajib menguasai komunikasi statistika data visualization machine learning sql serta tableau memiliki kemampuan problem solving yang baik sangat diutamakan,
abe433fe-e81d-4981-a103-a0453266d93e,it recruiter,"problem solving, strategic planning, scrum, komunikasi",entry level,4,hr / recruiter,teknis wajib menguasai problem solving strategic planning scrum serta komunikasi memiliki kemampuan problem solving yang baik sangat diutamakan,
032277ac-b38f-4019-8517-aceec1445034,devops engineer,"postgresql, javascript, docker, negosiasi, vue.js, node.js",entry level,6,devops / cloud engineer,teknis wajib menguasai postgresql javascript docker negosiasi vuejs serta nodejs memiliki kemampuan problem solving yang baik sangat diutamakan,
61195338-679f-40d7-a2d6-550da603e193,devops engineer,"postgresql, project management, react, git, vue.js, strategic planning, node.js, nuxt.js",,8,devops / cloud engineer,teknis wajib menguasai postgresql project management react git vuejs strategic planning nodejs serta nuxtjs memiliki kemampuan problem solving yang baik sangat diutamakan,
39952716-fbdb-425f-8f2a-65b74582d9df,it recruiter,"jira, negosiasi, strategic planning, scrum",senior level,4,hr / recruiter,teknis wajib menguasai jira negosiasi strategic planning serta scrum memiliki kemampuan problem solving yang baik sangat diutamakan,
417692d7-20c5-4ab4-98b4-d46e2a80e6f2,data scientist,"statistika, powerbi, scikit-learn, negosiasi, python, tensorflow, pandas",entry level,7,researcher,teknis wajib menguasai statistika powerbi scikitlearn negosiasi python tensorflow serta pandas memiliki kemampuan problem solving yang baik sangat diutamakan,
78039cd4-332d-47b4-8aac-2a2107287f11,machine learning engineer,"project management, statistika, leadership, python, r, pandas, tableau",entry level,7,data scientist / ml engineer,teknis wajib menguasai project management statistika leadership python r pandas serta tableau memiliki kemampuan problem solving yang baik sangat diutamakan,
aff9a970-1b97-41a5-ad4e-8a328eeda75f,machine learning engineer,"machine learning, leadership, strategic planning, r, pandas",,5,data scientist / ml engineer,teknis wajib menguasai machine learning leadership strategic planning r serta pandas memiliki kemampuan problem solving yang baik sangat diutamakan,
fd43c2d1-b9d6-4bdf-8535-a6037896b21d,data analyst,"negosiasi, problem solving, python, tensorflow, tableau",entry level,5,data analyst,teknis wajib menguasai negosiasi problem solving python tensorflow serta tableau memiliki kemampuan problem solving yang baik sangat diutamakan,
82c0a015-bbc8-4bf6-a5c5-27c223c6090a,backend developer,"git, fastapi, strategic planning, agile, redis",senior level,5,backend developer,teknis wajib menguasai git fastapi strategic planning agile serta redis memiliki kemampuan problem solving yang baik sangat diutamakan,
5ab29e0b-acf3-45bf-9679-fe707c9d9fd5,devops engineer,"fastapi, typescript, vue.js, python, leadership, redis",entry level,6,devops / cloud engineer,teknis wajib menguasai fastapi typescript vuejs python leadership serta redis memiliki kemampuan problem solving yang baik sangat diutamakan,
42ad52d8-c511-4d2d-b60b-96c5741eb51d,it recruiter,"jira, negosiasi, leadership, strategic planning, agile, komunikasi",senior level,6,hr / recruiter,teknis wajib menguasai jira negosiasi leadership strategic planning agile serta komunikasi memiliki kemampuan problem solving yang baik sangat diutamakan,
97ac6fd2-51f4-4135-985c-f9717c8091bb,product manager,"problem solving, project management, scrum, komunikasi",senior level,4,product manager,teknis wajib menguasai problem solving project management scrum serta komunikasi memiliki kemampuan problem solving yang baik sangat diutamakan,
59f2bf07-1de8-450e-bf9d-9a2c1f1411b8,backend developer,"react, fastapi, redis, komunikasi, nuxt.js",,5,backend developer,teknis wajib menguasai react fastapi redis komunikasi serta nuxtjs memiliki kemampuan problem solving yang baik sangat diutamakan,
e5b1c890-f534-48ab-abb2-f65fa476efe1,data scientist,"machine learning, negosiasi, tensorflow, r",,4,researcher,teknis wajib menguasai machine learning negosiasi tensorflow serta r memiliki kemampuan problem solving yang baik sangat diutamakan,
fa110963-510a-4516-8229-197f6216579d,product manager,"project management, scrum, negosiasi, leadership, problem solving, agile, strategic planning, komunikasi",,8,product manager,teknis wajib menguasai project management scrum negosiasi leadership problem solving agile strategic planning serta komunikasi memiliki kemampuan problem solving yang baik sangat diutamakan,
f1f77c31-fea6-454d-881e-38d59e341d19,machine learning engineer,"powerbi, scikit-learn, data visualization, problem solving, pandas",,5,data scientist / ml engineer,teknis wajib menguasai powerbi scikitlearn data visualization problem solving serta pandas memiliki kemampuan problem solving yang baik sangat diutamakan,
23b54709-8c78-4d97-b925-eb872455e49d,full stack developer,"javascript, typescript, negosiasi, vue.js, python, komunikasi, nuxt.js",entry level,7,fullstack developer,teknis wajib menguasai javascript typescript negosiasi vuejs python komunikasi serta nuxtjs memiliki kemampuan problem solving yang baik sangat diutamakan,
1d2886f2-c197-4525-9ba3-c0078498c446,full stack developer,"react, fastapi, typescript, vue.js, agile, mongodb",senior level,6,fullstack developer,teknis wajib menguasai react fastapi typescript vuejs agile serta mongodb memiliki kemampuan problem solving yang baik sangat diutamakan,
38f55615-33d5-4168-8ba1-7fb7d62843c1,backend developer,"postgresql, javascript, docker, git, scrum, vue.js, agile, nuxt.js",senior level,8,backend developer,teknis wajib menguasai postgresql javascript docker git scrum vuejs agile serta nuxtjs memiliki kemampuan problem solving yang baik sangat diutamakan,
42954c00-84c1-497e-9c10-7d74bbf34e2b,machine learning engineer,"project management, statistika, powerbi, leadership, tensorflow, sql",,6,data scientist / ml engineer,teknis wajib menguasai project management statistika powerbi leadership tensorflow serta sql memiliki kemampuan problem solving yang baik sangat diutamakan,
be26b495-7cdc-49be-88aa-d44c1e94cfbe,data scientist,"scikit-learn, data visualization, negosiasi, leadership, sql",senior level,5,researcher,teknis wajib menguasai scikitlearn data visualization negosiasi leadership serta sql memiliki kemampuan problem solving yang baik sangat diutamakan,
b789efd5-d7ea-40b1-9a95-a25ec1dca92a,full stack developer,"javascript, docker, react, git, scrum, python, agile, nuxt.js",,8,fullstack developer,teknis wajib menguasai javascript docker react git scrum python agile serta nuxtjs memiliki kemampuan problem solving yang baik sangat diutamakan,
d6110d6e-33f8-4e33-817b-d2f16296ffbb,data analyst,"jira, data visualization, machine learning, r, pandas, tableau",entry level,6,data analyst,teknis wajib menguasai jira data visualization machine learning r pandas serta tableau memiliki kemampuan problem solving yang baik sangat diutamakan,
32c1486c-d2b2-4d63-af14-35f93483f4a6,devops engineer,"postgresql, react, git, problem solving, strategic planning, redis, nuxt.js",,7,devops / cloud engineer,teknis wajib menguasai postgresql react git problem solving strategic planning redis serta nuxtjs memiliki kemampuan problem solving yang baik sangat diutamakan,
3f20c1f1-33f0-40af-8949-76fc2b39b442,devops engineer,"mongodb, python, fastapi, komunikasi",senior level,4,devops / cloud engineer,teknis wajib menguasai mongodb python fastapi serta komunikasi memiliki kemampuan problem solving yang baik sangat diutamakan,
c03e6635-fa21-4e41-93e5-cafe837261a0,data analyst,"powerbi, data visualization, scrum, python, tensorflow",,5,data analyst,teknis wajib menguasai powerbi data visualization scrum python serta tensorflow memiliki kemampuan problem solving yang baik sangat diutamakan,
0cc896ff-364f-4839-9aae-46298a930fdd,machine learning engineer,"scikit-learn, negosiasi, agile, tensorflow, sql",,5,data scientist / ml engineer,teknis wajib menguasai scikitlearn negosiasi agile tensorflow serta sql memiliki kemampuan problem solving yang baik sangat diutamakan,
e9b9589e-e068-41c5-8aba-0f892fa32dc3,ui/ux designer,"project management, jira, ui/ux, photoshop, design system, wireframing, figma",entry level,7,ux / ui designer,teknis wajib menguasai project management jira uiux photoshop design system wireframing serta figma memiliki kemampuan problem solving yang baik sangat diutamakan,
5e837958-7ad9-41c6-b4b3-fd71ff4d807d,full stack developer,"mongodb, fastapi, typescript, project management",senior level,4,fullstack developer,teknis wajib menguasai mongodb fastapi typescript serta project management memiliki kemampuan problem solving yang baik sangat diutamakan,
3faaf0c3-cc71-4053-bb5d-0f828e1ce395,data scientist,"jira, scikit-learn, negosiasi, sql, pandas",senior level,5,researcher,teknis wajib menguasai jira scikitlearn negosiasi sql serta pandas memiliki kemampuan problem solving yang baik sangat diutamakan,
dec0acb4-957b-4185-b29c-b128c2ae8718,product manager,"negosiasi, leadership, project management, scrum",,4,product manager,teknis wajib menguasai negosiasi leadership project management serta scrum memiliki kemampuan problem solving yang baik sangat diutamakan,
8eea23d6-fea2-4db0-aae9-4b105352009f,it recruiter,"jira, scrum, problem solving, strategic planning, agile",entry level,5,hr / recruiter,teknis wajib menguasai jira scrum problem solving strategic planning serta agile memiliki kemampuan problem solving yang baik sangat diutamakan,
eef5021e-8e5e-4bcb-a362-5e5394ec5c02,product manager,"project management, jira, scrum, negosiasi, problem solving, leadership",senior level,6,product manager,teknis wajib menguasai project management jira scrum negosiasi problem solving serta leadership memiliki kemampuan problem solving yang baik sangat diutamakan,
e3af2db9-7172-4570-87d8-0dd05ad07312,backend developer,"postgresql, docker, python, redis, komunikasi",entry level,5,backend developer,teknis wajib menguasai postgresql docker python redis serta komunikasi memiliki kemampuan problem solving yang baik sangat diutamakan,
30c93622-470e-4857-8090-741b485798cb,frontend developer,"project management, git, fastapi, problem solving, vue.js, mongodb",,6,frontend developer,teknis wajib menguasai project management git fastapi problem solving vuejs serta mongodb memiliki kemampuan problem solving yang baik sangat diutamakan,
326a5d2b-f1ba-414e-b807-46528708dc97,machine learning engineer,"statistika, powerbi, python, agile, pandas, tableau",entry level,6,data scientist / ml engineer,teknis wajib menguasai statistika powerbi python agile pandas serta tableau memiliki kemampuan problem solving yang baik sangat diutamakan,
0249656e-7ec8-4f07-8164-202629441054,backend developer,"project management, javascript, react, git, vue.js",entry level,5,backend developer,teknis wajib menguasai project management javascript react git serta vuejs memiliki kemampuan problem solving yang baik sangat diutamakan,
a545f5ed-fdcc-441c-97be-7be83f1bd50e,devops engineer,"postgresql, git, typescript, leadership, python, mongodb, komunikasi, node.js",entry level,8,devops / cloud engineer,teknis wajib menguasai postgresql git typescript leadership python mongodb komunikasi serta nodejs memiliki kemampuan problem solving yang baik sangat diutamakan,
8002cbfc-f42f-4da9-9a0f-d24fd826accc,it recruiter,"jira, scrum, negosiasi, leadership, agile, komunikasi",,6,hr / recruiter,teknis wajib menguasai jira scrum negosiasi leadership agile serta komunikasi memiliki kemampuan problem solving yang baik sangat diutamakan,
0f718bc5-8524-4d06-a834-8a3331d178a3,machine learning engineer,"powerbi, python, scrum, tableau",,4,data scientist / ml engineer,teknis wajib menguasai powerbi python scrum serta tableau memiliki kemampuan problem solving yang baik sangat diutamakan,
bc833ae8-fe29-4ccb-abd3-b0cb89a1df83,full stack developer,"javascript, jira, python, mongodb, node.js, nuxt.js",,6,fullstack developer,teknis wajib menguasai javascript jira python mongodb nodejs serta nuxtjs memiliki kemampuan problem solving yang baik sangat diutamakan,
e853161b-c73c-4e42-8daa-d57a3271f648,data scientist,"sql, machine learning, python, r, komunikasi",,5,researcher,teknis wajib menguasai sql machine learning python r serta komunikasi memiliki kemampuan problem solving yang baik sangat diutamakan,
75cf967b-11ae-4e5c-b2c2-8507cd80f42a,ui/ux designer,"ui/ux, adobe illustrator, scrum, wireframing, user research, prototyping",entry level,6,ux / ui designer,teknis wajib menguasai uiux adobe illustrator scrum wireframing user research serta prototyping memiliki kemampuan problem solving yang baik sangat diutamakan,
89cd3b3f-4adf-4494-9dc7-9f180f354ee0,frontend developer,"postgresql, project management, javascript, react, scrum, python",,6,frontend developer,teknis wajib menguasai postgresql project management javascript react scrum serta python memiliki kemampuan problem solving yang baik sangat diutamakan,
afee0314-f1eb-4970-973a-8c09ccfe5399,product manager,"leadership, strategic planning, agile",senior level,3,product manager,teknis wajib menguasai leadership strategic planning serta agile memiliki kemampuan problem solving yang baik sangat diutamakan,
ba4da8d0-4136-4733-ae00-b20bdb1325b2,backend developer,"docker, git, fastapi, scrum, redis, node.js",,6,backend developer,teknis wajib menguasai docker git fastapi scrum redis serta nodejs memiliki kemampuan problem solving yang baik sangat diutamakan,
7cf70a11-0e4a-40d0-8fba-fdf7ffc2ade3,it recruiter,"project management, jira, problem solving, agile, komunikasi",,5,hr / recruiter,teknis wajib menguasai project management jira problem solving agile serta komunikasi memiliki kemampuan problem solving yang baik sangat diutamakan,
f0b6bbdd-b50a-4ac5-ad1b-a75de12401af,backend developer,"docker, git, fastapi, agile, komunikasi, nuxt.js",entry level,6,backend developer,teknis wajib menguasai docker git fastapi agile komunikasi serta nuxtjs memiliki kemampuan problem solving yang baik sangat diutamakan,
82d87218-6a5f-4665-ac0d-d4fd9f53c06d,data analyst,"data visualization, python, agile, r, sql, pandas",,6,data analyst,teknis wajib menguasai data visualization python agile r sql serta pandas memiliki kemampuan problem solving yang baik sangat diutamakan,
ad3f84cc-4371-4ca8-a9b6-e3b25c82ff86,backend developer,"postgresql, jira, react, git, negosiasi, mongodb, node.js",entry level,7,backend developer,teknis wajib menguasai postgresql jira react git negosiasi mongodb serta nodejs memiliki kemampuan problem solving yang baik sangat diutamakan,
ec1b50b2-092d-4f41-8725-3bed934862f9,ui/ux designer,"adobe illustrator, design system, leadership, wireframing, prototyping",entry level,5,ux / ui designer,teknis wajib menguasai adobe illustrator design system leadership wireframing serta prototyping memiliki kemampuan problem solving yang baik sangat diutamakan,
f9f1b9bc-c56f-4f59-9443-a7b3dbe5cd1b,backend developer,"postgresql, project management, docker, negosiasi, node.js",,5,backend developer,teknis wajib menguasai postgresql project management docker negosiasi serta nodejs memiliki kemampuan problem solving yang baik sangat diutamakan,
a10a235c-f764-4151-8884-4efdc484aba0,data analyst,"data visualization, powerbi, machine learning, negosiasi, python, r, tableau",,7,data analyst,teknis wajib menguasai data visualization powerbi machine learning negosiasi python r serta tableau memiliki kemampuan problem solving yang baik sangat diutamakan,
5725a704-5401-4840-a2b4-c0c8f353f62a,full stack developer,"postgresql, fastapi, negosiasi, mongodb, node.js",senior level,5,fullstack developer,teknis wajib menguasai postgresql fastapi negosiasi mongodb serta nodejs memiliki kemampuan problem solving yang baik sangat diutamakan,
45095343-c203-4f94-b98b-3f09497e951e,full stack developer,"git, fastapi, problem solving, python, leadership, nuxt.js",entry level,6,fullstack developer,teknis wajib menguasai git fastapi problem solving python leadership serta nuxtjs memiliki kemampuan problem solving yang baik sangat diutamakan,
5a0f62e2-b999-4305-90f4-9a81a2f0e9d0,machine learning engineer,"negosiasi, tensorflow, pandas, r",,4,data scientist / ml engineer,teknis wajib menguasai negosiasi tensorflow pandas serta r memiliki kemampuan problem solving yang baik sangat diutamakan,
5bcf237e-6621-411b-b80e-300436879e5c,product manager,"problem solving, project management, agile, strategic planning",,4,product manager,teknis wajib menguasai problem solving project management agile serta strategic planning memiliki kemampuan problem solving yang baik sangat diutamakan,
c29d0ed6-bc03-420a-a66d-ce6a9ec91171,data analyst,"komunikasi, machine learning, agile, r, sql, tableau",senior level,6,data analyst,teknis wajib menguasai komunikasi machine learning agile r sql serta tableau memiliki kemampuan problem solving yang baik sangat diutamakan,
b73a0a49-3423-45b9-9cb3-78b880f2e266,devops engineer,"project management, javascript, node.js, negosiasi, mongodb, redis",,6,devops / cloud engineer,teknis wajib menguasai project management javascript nodejs negosiasi mongodb serta redis memiliki kemampuan problem solving yang baik sangat diutamakan,
2d5bbb00-5c45-46f6-906b-597882dd6fa0,ui/ux designer,"photoshop, adobe illustrator, negosiasi, strategic planning, prototyping",,5,ux / ui designer,teknis wajib menguasai photoshop adobe illustrator negosiasi strategic planning serta prototyping memiliki kemampuan problem solving yang baik sangat diutamakan,
cf36dd3a-7bb4-4f40-90ce-9e8b53841056,data scientist,"project management, statistika, powerbi, tensorflow, sql, tableau",,6,researcher,teknis wajib menguasai project management statistika powerbi tensorflow sql serta tableau memiliki kemampuan problem solving yang baik sangat diutamakan,
739a0084-ddd1-4ac7-bf92-685c6af77101,backend developer,"docker, git, fastapi, vue.js, leadership, agile, nuxt.js",,7,backend developer,teknis wajib menguasai docker git fastapi vuejs leadership agile serta nuxtjs memiliki kemampuan problem solving yang baik sangat diutamakan,
b8c14d1e-efb6-4347-a1fe-9bf2c1b66323,frontend developer,"vue.js, fastapi, redis, strategic planning",entry level,4,frontend developer,teknis wajib menguasai vuejs fastapi redis serta strategic planning memiliki kemampuan problem solving yang baik sangat diutamakan,
0f63bf9c-ed1a-4e8a-8abc-6073d7a72215,backend developer,"javascript, react, fastapi, scrum, mongodb, node.js, nuxt.js",senior level,7,backend developer,teknis wajib menguasai javascript react fastapi scrum mongodb nodejs serta nuxtjs memiliki kemampuan problem solving yang baik sangat diutamakan,
4982ba10-96ca-409f-9c6c-98a8adc6379f,devops engineer,"javascript, problem solving, fastapi, nuxt.js",,4,devops / cloud engineer,teknis wajib menguasai javascript problem solving fastapi serta nuxtjs memiliki kemampuan problem solving yang baik sangat diutamakan,
39bbb2f6-90a5-4adc-af58-1fe9433df8c6,it recruiter,"project management, negosiasi, leadership, problem solving, agile",,5,hr / recruiter,teknis wajib menguasai project management negosiasi leadership problem solving serta agile memiliki kemampuan problem solving yang baik sangat diutamakan,
d6823502-0017-4601-96e7-77772923f812,ui/ux designer,"adobe illustrator, leadership, strategic planning, wireframing, user research, figma, prototyping",entry level,7,ux / ui designer,teknis wajib menguasai adobe illustrator leadership strategic planning wireframing user research figma serta prototyping memiliki kemampuan problem solving yang baik sangat diutamakan,
a2bf3fd2-02c5-4c20-980c-b2b1f18fdcb4,ui/ux designer,"jira, photoshop, negosiasi, design system, wireframing, figma",,6,ux / ui designer,teknis wajib menguasai jira photoshop negosiasi design system wireframing serta figma memiliki kemampuan problem solving yang baik sangat diutamakan,
90f46d2a-86c8-41ba-9754-6cab7cf91daf,frontend developer,"react, fastapi, typescript, negosiasi, mongodb, nuxt.js",,6,frontend developer,teknis wajib menguasai react fastapi typescript negosiasi mongodb serta nuxtjs memiliki kemampuan problem solving yang baik sangat diutamakan,
849ffc8a-3081-47ec-aec5-aa1d60e4aa4b,machine learning engineer,"data visualization, scikit-learn, machine learning, leadership, strategic planning, tensorflow, pandas, tableau",,8,data scientist / ml engineer,teknis wajib menguasai data visualization scikitlearn machine learning leadership strategic planning tensorflow pandas serta tableau memiliki kemampuan problem solving yang baik sangat diutamakan,
bda21241-627c-4b30-a9be-0afffcb77fbe,full stack developer,"docker, react, scrum, typescript, python",,5,fullstack developer,teknis wajib menguasai docker react scrum typescript serta python memiliki kemampuan problem solving yang baik sangat diutamakan,
e205fb8d-6cfe-4b9d-ae8b-6b963fc30a4e,data scientist,"statistika, data visualization, scikit-learn, negosiasi, python",senior level,5,researcher,teknis wajib menguasai statistika data visualization scikitlearn negosiasi serta python memiliki kemampuan problem solving yang baik sangat diutamakan,
35255158-c99f-4cb6-af8d-f4ab3d1adaf2,it recruiter,"jira, scrum, problem solving, leadership, agile, komunikasi",entry level,6,hr / recruiter,teknis wajib menguasai jira scrum problem solving leadership agile serta komunikasi memiliki kemampuan problem solving yang baik sangat diutamakan,
4231ada3-22c2-4281-8861-c2c3237b3aec,devops engineer,"postgresql, negosiasi, vue.js, leadership, nuxt.js",senior level,5,devops / cloud engineer,teknis wajib menguasai postgresql negosiasi vuejs leadership serta nuxtjs memiliki kemampuan problem solving yang baik sangat diutamakan,
6a267b0e-d9b6-4195-ab0c-c38f72abc04b,machine learning engineer,"statistika, scrum, strategic planning, r, sql, pandas",entry level,6,data scientist / ml engineer,teknis wajib menguasai statistika scrum strategic planning r sql serta pandas memiliki kemampuan problem solving yang baik sangat diutamakan,
5fff6297-59d2-45c6-b53a-6b8b9e35171a,frontend developer,"project management, javascript, typescript, agile, mongodb",senior level,5,frontend developer,teknis wajib menguasai project management javascript typescript agile serta mongodb memiliki kemampuan problem solving yang baik sangat diutamakan,
1ed9758d-f1ae-4d02-9027-d89af4c50ac5,machine learning engineer,"jira, statistika, scikit-learn, machine learning, python, strategic planning, pandas",entry level,7,data scientist / ml engineer,teknis wajib menguasai jira statistika scikitlearn machine learning python strategic planning serta pandas memiliki kemampuan problem solving yang baik sangat diutamakan,
ab3ddf79-a1f1-4853-adea-3b6edb3e3074,backend developer,"javascript, git, typescript, vue.js, problem solving, mongodb, redis",,7,backend developer,teknis wajib menguasai javascript git typescript vuejs problem solving mongodb serta redis memiliki kemampuan problem solving yang baik sangat diutamakan,
317783e7-cd87-4e85-a60c-7f25a2c817fc,data scientist,"statistika, machine learning, leadership, agile, r, tableau",,6,researcher,teknis wajib menguasai statistika machine learning leadership agile r serta tableau memiliki kemampuan problem solving yang baik sangat diutamakan,
90f1a32d-55b9-43b1-9df8-e074d8617016,data scientist,"scikit-learn, powerbi, scrum, strategic planning, tensorflow, sql, pandas",entry level,7,researcher,teknis wajib menguasai scikitlearn powerbi scrum strategic planning tensorflow sql serta pandas memiliki kemampuan problem solving yang baik sangat diutamakan,
1b2e902d-e75e-4ba8-9bbf-2ceee6316d73,data scientist,"powerbi, machine learning, tensorflow, jira",,4,researcher,teknis wajib menguasai powerbi machine learning tensorflow serta jira memiliki kemampuan problem solving yang baik sangat diutamakan,
f911e118-ede5-45eb-a3b2-ae00ceb30969,it recruiter,"project management, jira, negosiasi, leadership, problem solving, strategic planning",entry level,6,hr / recruiter,teknis wajib menguasai project management jira negosiasi leadership problem solving serta strategic planning memiliki kemampuan problem solving yang baik sangat diutamakan,
a3b49d1e-40de-4f00-80e1-eba81f6c2ff5,backend developer,"javascript, react, vue.js, problem solving, mongodb, redis, nuxt.js",senior level,7,backend developer,teknis wajib menguasai javascript react vuejs problem solving mongodb redis serta nuxtjs memiliki kemampuan problem solving yang baik sangat diutamakan,
00b6776f-3473-4a68-8620-cfa631b11e86,devops engineer,"project management, react, git, fastapi, scrum, node.js",,6,devops / cloud engineer,teknis wajib menguasai project management react git fastapi scrum serta nodejs memiliki kemampuan problem solving yang baik sangat diutamakan,
d431fe24-d442-48a5-b744-d4503f565d37,machine learning engineer,"scrum, machine learning, negosiasi, python, tensorflow, pandas, tableau",,7,data scientist / ml engineer,teknis wajib menguasai scrum machine learning negosiasi python tensorflow pandas serta tableau memiliki kemampuan problem solving yang baik sangat diutamakan,
b4a3a3ab-cc01-4d9c-8703-950ac0e8f7b1,data analyst,"statistika, scikit-learn, problem solving, agile, tensorflow, tableau",,6,data analyst,teknis wajib menguasai statistika scikitlearn problem solving agile tensorflow serta tableau memiliki kemampuan problem solving yang baik sangat diutamakan,
8b87e4fc-ca36-4071-ad99-c4003b0022b8,machine learning engineer,"jira, powerbi, data visualization, machine learning, problem solving, python, pandas",,7,data scientist / ml engineer,teknis wajib menguasai jira powerbi data visualization machine learning problem solving python serta pandas memiliki kemampuan problem solving yang baik sangat diutamakan,
c8869399-713e-43af-8dae-61cc92206da7,frontend developer,"postgresql, project management, vue.js, python, redis",,5,frontend developer,teknis wajib menguasai postgresql project management vuejs python serta redis memiliki kemampuan problem solving yang baik sangat diutamakan,
e8fecf8e-7e3e-4f65-abaa-ae472b9e75c2,data scientist,"statistika, scikit-learn, problem solving, python, tensorflow, komunikasi, tableau",,7,researcher,teknis wajib menguasai statistika scikitlearn problem solving python tensorflow komunikasi serta tableau memiliki kemampuan problem solving yang baik sangat diutamakan,
f78f08f6-05a5-4ef2-8639-0b51857be5be,data analyst,"project management, machine learning, negosiasi, r, tensorflow, sql",,6,data analyst,teknis wajib menguasai project management machine learning negosiasi r tensorflow serta sql memiliki kemampuan problem solving yang baik sangat diutamakan,
570a0922-7bfa-47a5-97d2-9155a106c022,ui/ux designer,"ui/ux, photoshop, adobe illustrator, design system, agile",,5,ux / ui designer,teknis wajib menguasai uiux photoshop adobe illustrator design system serta agile memiliki kemampuan problem solving yang baik sangat diutamakan,
a9657b3f-e137-49bb-8f8b-d894a4e27da1,full stack developer,"postgresql, react, typescript, problem solving, strategic planning, node.js, nuxt.js",,7,fullstack developer,teknis wajib menguasai postgresql react typescript problem solving strategic planning nodejs serta nuxtjs memiliki kemampuan problem solving yang baik sangat diutamakan,
3d7b9dd2-9d03-464c-8b51-2a322d0efb49,data analyst,"powerbi, negosiasi, python, r",,4,data analyst,teknis wajib menguasai powerbi negosiasi python serta r memiliki kemampuan problem solving yang baik sangat diutamakan,
1260de27-1f07-4b79-8e0d-3b3355e0fdc6,full stack developer,"javascript, project management, python, docker",,4,fullstack developer,teknis wajib menguasai javascript project management python serta docker memiliki kemampuan problem solving yang baik sangat diutamakan,
8989fc1d-58df-487c-b6a2-c551bea83e0b,data scientist,"tensorflow, python, jira, r",,4,researcher,teknis wajib menguasai tensorflow python jira serta r memiliki kemampuan problem solving yang baik sangat diutamakan,
5abf95bc-d85c-4306-b294-c544a59f98aa,data scientist,"scikit-learn, machine learning, agile, sql, pandas",,5,researcher,teknis wajib menguasai scikitlearn machine learning agile sql serta pandas memiliki kemampuan problem solving yang baik sangat diutamakan,
29195193-5525-40b5-9e39-e0145e12a826,data analyst,"statistika, scikit-learn, project management, r",,4,data analyst,teknis wajib menguasai statistika scikitlearn project management serta r memiliki kemampuan problem solving yang baik sangat diutamakan,
3ef213f7-367b-4c37-81de-7f1135b6c894,frontend developer,"postgresql, docker, javascript, react, strategic planning",senior level,5,frontend developer,teknis wajib menguasai postgresql docker javascript react serta strategic planning memiliki kemampuan problem solving yang baik sangat diutamakan,
17112c87-431b-46de-985a-dea7d03b660c,frontend developer,"javascript, docker, git, fastapi, typescript, scrum, python",entry level,7,frontend developer,teknis wajib menguasai javascript docker git fastapi typescript scrum serta python memiliki kemampuan problem solving yang baik sangat diutamakan,
2ba13c33-e78f-4b17-aba7-d4dd37993ce8,full stack developer,"postgresql, docker, fastapi, typescript, leadership, strategic planning, redis, nuxt.js",,8,fullstack developer,teknis wajib menguasai postgresql docker fastapi typescript leadership strategic planning redis serta nuxtjs memiliki kemampuan problem solving yang baik sangat diutamakan,
c4300627-834a-4032-acd5-b9aebfbadda2,data analyst,"statistika, powerbi, python, komunikasi, tableau",senior level,5,data analyst,teknis wajib menguasai statistika powerbi python komunikasi serta tableau memiliki kemampuan problem solving yang baik sangat diutamakan,
0e606046-009c-4212-9571-b1c25db670ff,data scientist,"negosiasi, python, r, komunikasi, pandas",,5,researcher,teknis wajib menguasai negosiasi python r komunikasi serta pandas memiliki kemampuan problem solving yang baik sangat diutamakan,
3d9109d8-ab13-4894-8f1f-55937b0d79dc,ui/ux designer,"jira, design system, wireframing, figma, prototyping",,5,ux / ui designer,teknis wajib menguasai jira design system wireframing figma serta prototyping memiliki kemampuan problem solving yang baik sangat diutamakan,
bf132a5c-3160-45ea-8d00-4fe960749939,frontend developer,"docker, javascript, react, negosiasi, strategic planning, mongodb, node.js",senior level,7,frontend developer,teknis wajib menguasai docker javascript react negosiasi strategic planning mongodb serta nodejs memiliki kemampuan problem solving yang baik sangat diutamakan,
3ca566f4-4947-4e4b-a4b5-417f98c5f647,it recruiter,"project management, jira, negosiasi, leadership, strategic planning, agile, komunikasi",,7,hr / recruiter,teknis wajib menguasai project management jira negosiasi leadership strategic planning agile serta komunikasi memiliki kemampuan problem solving yang baik sangat diutamakan,
2eb42200-54ac-49a3-8391-0e8cf4bf9c26,data analyst,"statistika, scikit-learn, python, strategic planning, r, sql",,6,data analyst,teknis wajib menguasai statistika scikitlearn python strategic planning r serta sql memiliki kemampuan problem solving yang baik sangat diutamakan,
c6348347-661f-400b-a101-93877bb57337,full stack developer,"postgresql, react, git, typescript, scrum, negosiasi, redis, node.js",,8,fullstack developer,teknis wajib menguasai postgresql react git typescript scrum negosiasi redis serta nodejs memiliki kemampuan problem solving yang baik sangat diutamakan,
9ba4b69b-7a4c-4b23-9b42-c28b07108f71,data analyst,"scikit-learn, machine learning, leadership, python, tensorflow, komunikasi, pandas",senior level,7,data analyst,teknis wajib menguasai scikitlearn machine learning leadership python tensorflow komunikasi serta pandas memiliki kemampuan problem solving yang baik sangat diutamakan,
8c0623da-9aeb-4983-b326-94e6adb75a02,devops engineer,"typescript, strategic planning, mongodb, redis, nuxt.js",entry level,5,devops / cloud engineer,teknis wajib menguasai typescript strategic planning mongodb redis serta nuxtjs memiliki kemampuan problem solving yang baik sangat diutamakan,
d5da87e1-78b3-4b83-955d-6fe5af944e87,devops engineer,"postgresql, docker, git, typescript, scrum, vue.js, python, strategic planning",senior level,8,devops / cloud engineer,teknis wajib menguasai postgresql docker git typescript scrum vuejs python serta strategic planning memiliki kemampuan problem solving yang baik sangat diutamakan,
5541c163-aa95-4bc8-848b-b233fd800a37,machine learning engineer,"tensorflow, sql, pandas, strategic planning",entry level,4,data scientist / ml engineer,teknis wajib menguasai tensorflow sql pandas serta strategic planning memiliki kemampuan problem solving yang baik sangat diutamakan,
ba9a2e5f-8040-4ce7-841b-a4c4e28d5c9d,devops engineer,"postgresql, docker, react, fastapi, typescript, vue.js, agile",entry level,7,devops / cloud engineer,teknis wajib menguasai postgresql docker react fastapi typescript vuejs serta agile memiliki kemampuan problem solving yang baik sangat diutamakan,
5851da84-a467-4e12-9102-9a9ba2db2ca9,data scientist,"statistika, tensorflow, scrum, r",senior level,4,researcher,teknis wajib menguasai statistika tensorflow scrum serta r memiliki kemampuan problem solving yang baik sangat diutamakan,
d2d3029f-6938-4ae9-8660-2fc3916d3bb8,product manager,"project management, scrum, negosiasi, problem solving, strategic planning, agile, komunikasi",entry level,7,product manager,teknis wajib menguasai project management scrum negosiasi problem solving strategic planning agile serta komunikasi memiliki kemampuan problem solving yang baik sangat diutamakan,
9137a11e-35b1-4ccb-b234-558c76fb0ba1,machine learning engineer,"powerbi, data visualization, negosiasi, sql, pandas",,5,data scientist / ml engineer,teknis wajib menguasai powerbi data visualization negosiasi sql serta pandas memiliki kemampuan problem solving yang baik sangat diutamakan,
ebeea1c2-e1f4-4735-977c-8e8869ea64d6,machine learning engineer,"statistika, scikit-learn, data visualization, strategic planning, r",,5,data scientist / ml engineer,teknis wajib menguasai statistika scikitlearn data visualization strategic planning serta r memiliki kemampuan problem solving yang baik sangat diutamakan,
2657da8f-4124-4289-9c21-9ae127c8c41c,frontend developer,"postgresql, javascript, react, git, problem solving, strategic planning, redis, nuxt.js",entry level,8,frontend developer,teknis wajib menguasai postgresql javascript react git problem solving strategic planning redis serta nuxtjs memiliki kemampuan problem solving yang baik sangat diutamakan,
bed93713-0762-4e21-9809-7c20fc9be8d6,devops engineer,"postgresql, git, scrum, typescript, negosiasi",,5,devops / cloud engineer,teknis wajib menguasai postgresql git scrum typescript serta negosiasi memiliki kemampuan problem solving yang baik sangat diutamakan,
902b404b-06d1-4258-970d-6b707eabb5d6,data analyst,"statistika, data visualization, machine learning, negosiasi, sql, pandas, tableau",entry level,7,data analyst,teknis wajib menguasai statistika data visualization machine learning negosiasi sql pandas serta tableau memiliki kemampuan problem solving yang baik sangat diutamakan,
08f5556a-bd38-4660-984a-56e869b01f75,backend developer,"docker, javascript, react, problem solving, python",entry level,5,backend developer,teknis wajib menguasai docker javascript react problem solving serta python memiliki kemampuan problem solving yang baik sangat diutamakan,
a49c3750-1399-4bd8-817f-eb21d11b11f6,product manager,"leadership, project management, problem solving, jira",senior level,4,product manager,teknis wajib menguasai leadership project management problem solving serta jira memiliki kemampuan problem solving yang baik sangat diutamakan,
42334826-b886-4b68-8480-2bdb741e038c,ui/ux designer,"scrum, design system, wireframing, user research, prototyping",,5,ux / ui designer,teknis wajib menguasai scrum design system wireframing user research serta prototyping memiliki kemampuan problem solving yang baik sangat diutamakan,
7f60aeff-dd37-459f-a5ba-0c8a2259965c,data analyst,"statistika, data visualization, scikit-learn, python, strategic planning, r",senior level,6,data analyst,teknis wajib menguasai statistika data visualization scikitlearn python strategic planning serta r memiliki kemampuan problem solving yang baik sangat diutamakan,
7ec70a73-fcbe-45ab-8efe-4ae970216ced,data analyst,"statistika, agile, r, tensorflow, sql, pandas, tableau",senior level,7,data analyst,teknis wajib menguasai statistika agile r tensorflow sql pandas serta tableau memiliki kemampuan problem solving yang baik sangat diutamakan,
84c9702c-00de-4dec-ab64-65cc595560de,frontend developer,"docker, fastapi, agile, redis, komunikasi, node.js",senior level,6,frontend developer,teknis wajib menguasai docker fastapi agile redis komunikasi serta nodejs memiliki kemampuan problem solving yang baik sangat diutamakan,
7a4b1250-7768-4ae7-87bd-9d891764a2d7,it recruiter,"project management, jira, negosiasi, strategic planning, komunikasi",,5,hr / recruiter,teknis wajib menguasai project management jira negosiasi strategic planning serta komunikasi memiliki kemampuan problem solving yang baik sangat diutamakan,
d0b8a510-d7e7-4a70-b89c-841327cc51da,full stack developer,"javascript, jira, react, typescript, python, mongodb, komunikasi",,7,fullstack developer,teknis wajib menguasai javascript jira react typescript python mongodb serta komunikasi memiliki kemampuan problem solving yang baik sangat diutamakan,
a2b8eda5-aff6-4f12-92cd-c9797ec214ae,data scientist,"data visualization, machine learning, python, agile, sql, pandas",,6,researcher,teknis wajib menguasai data visualization machine learning python agile sql serta pandas memiliki kemampuan problem solving yang baik sangat diutamakan,
d161e0a6-d8b0-4736-9a8f-59426ced3bca,frontend developer,"javascript, git, fastapi, typescript, scrum, problem solving, python, nuxt.js",entry level,8,frontend developer,teknis wajib menguasai javascript git fastapi typescript scrum problem solving python serta nuxtjs memiliki kemampuan problem solving yang baik sangat diutamakan,
c6a86546-05cc-4b97-a401-ebb7282f5b3e,frontend developer,"postgresql, project management, scrum, vue.js, python",senior level,5,frontend developer,teknis wajib menguasai postgresql project management scrum vuejs serta python memiliki kemampuan problem solving yang baik sangat diutamakan,
3577a53f-bea7-4a3a-a5be-81a2bd2c7871,it recruiter,"problem solving, project management, jira, leadership",,4,hr / recruiter,teknis wajib menguasai problem solving project management jira serta leadership memiliki kemampuan problem solving yang baik sangat diutamakan,
3ff41f5a-1a43-42bd-8b93-bdfab152047e,it recruiter,"problem solving, project management, scrum",entry level,3,hr / recruiter,teknis wajib menguasai problem solving project management serta scrum memiliki kemampuan problem solving yang baik sangat diutamakan,
f7017e38-bb9f-4214-b005-abb8a2efa2d3,data analyst,"statistika, data visualization, leadership, python, tensorflow, komunikasi, pandas, tableau",entry level,8,data analyst,teknis wajib menguasai statistika data visualization leadership python tensorflow komunikasi pandas serta tableau memiliki kemampuan problem solving yang baik sangat diutamakan,
b5bf76f0-f848-4a84-85da-da13d23d7d0b,full stack developer,"postgresql, docker, typescript, agile, redis, node.js, nuxt.js",entry level,7,fullstack developer,teknis wajib menguasai postgresql docker typescript agile redis nodejs serta nuxtjs memiliki kemampuan problem solving yang baik sangat diutamakan,
b4faef28-2bd0-470f-baeb-1c6bb822fb30,devops engineer,"mongodb, python, node.js, project management",entry level,4,devops / cloud engineer,teknis wajib menguasai mongodb python nodejs serta project management memiliki kemampuan problem solving yang baik sangat diutamakan,
2271d340-aafe-4ec9-bd78-d1ee44315969,machine learning engineer,"project management, powerbi, scrum, r, tensorflow, sql",senior level,6,data scientist / ml engineer,teknis wajib menguasai project management powerbi scrum r tensorflow serta sql memiliki kemampuan problem solving yang baik sangat diutamakan,
6ca18146-c4c2-4c1e-a5ac-878d3b689ab7,machine learning engineer,"python, pandas, strategic planning, r",,4,data scientist / ml engineer,teknis wajib menguasai python pandas strategic planning serta r memiliki kemampuan problem solving yang baik sangat diutamakan,
2f7a44d0-a338-4943-b6c6-403cd22e07a0,ui/ux designer,"ui/ux, scrum, design system, agile, user research, figma",,6,ux / ui designer,teknis wajib menguasai uiux scrum design system agile user research serta figma memiliki kemampuan problem solving yang baik sangat diutamakan,
5083c9d0-0d4c-4d76-a2a9-e96daca3bf50,it recruiter,"negosiasi, leadership, project management, scrum",senior level,4,hr / recruiter,teknis wajib menguasai negosiasi leadership project management serta scrum memiliki kemampuan problem solving yang baik sangat diutamakan,
7ea19e4e-f06e-49ed-a416-2231b4871f62,backend developer,"project management, javascript, git, typescript, vue.js, python, mongodb",entry level,7,backend developer,teknis wajib menguasai project management javascript git typescript vuejs python serta mongodb memiliki kemampuan problem solving yang baik sangat diutamakan,
2fbe5af8-afcd-4b4b-baa0-5518bcb93d19,it recruiter,"jira, scrum, negosiasi, leadership, strategic planning",senior level,5,hr / recruiter,teknis wajib menguasai jira scrum negosiasi leadership serta strategic planning memiliki kemampuan problem solving yang baik sangat diutamakan,
2c933e83-357a-43af-803c-546643ec6e4a,backend developer,"postgresql, fastapi, negosiasi, agile, redis",senior level,5,backend developer,teknis wajib menguasai postgresql fastapi negosiasi agile serta redis memiliki kemampuan problem solving yang baik sangat diutamakan,
87ea7205-5c67-4729-a506-fdfaf9af090d,full stack developer,"javascript, docker, node.js, leadership, mongodb, redis",,6,fullstack developer,teknis wajib menguasai javascript docker nodejs leadership mongodb serta redis memiliki kemampuan problem solving yang baik sangat diutamakan,
60f9d4a7-35eb-4459-a8f4-788cdd1d90dc,full stack developer,"docker, git, react, fastapi, typescript, negosiasi, mongodb",entry level,7,fullstack developer,teknis wajib menguasai docker git react fastapi typescript negosiasi serta mongodb memiliki kemampuan problem solving yang baik sangat diutamakan,
b08e01fa-789e-4aad-af75-f048efdd1f45,product manager,"project management, jira, scrum, strategic planning, agile, komunikasi",senior level,6,product manager,teknis wajib menguasai project management jira scrum strategic planning agile serta komunikasi memiliki kemampuan problem solving yang baik sangat diutamakan,
5804ac21-914a-4ef9-97b8-c86bfa9284e9,frontend developer,"postgresql, docker, git, python, agile, node.js",,6,frontend developer,teknis wajib menguasai postgresql docker git python agile serta nodejs memiliki kemampuan problem solving yang baik sangat diutamakan,
669fc177-df03-48d7-804f-c14cdd12d20c,devops engineer,"postgresql, jira, python, mongodb, nuxt.js",,5,devops / cloud engineer,teknis wajib menguasai postgresql jira python mongodb serta nuxtjs memiliki kemampuan problem solving yang baik sangat diutamakan,
79a642f3-ecda-45fd-b2ad-cfb6e237e4ad,full stack developer,"postgresql, docker, fastapi, problem solving, mongodb, komunikasi, redis, nuxt.js",,8,fullstack developer,teknis wajib menguasai postgresql docker fastapi problem solving mongodb komunikasi redis serta nuxtjs memiliki kemampuan problem solving yang baik sangat diutamakan,
c26064af-d0a1-4408-a28d-d8f05e37e2ac,devops engineer,"vue.js, python, fastapi, leadership",entry level,4,devops / cloud engineer,teknis wajib menguasai vuejs python fastapi serta leadership memiliki kemampuan problem solving yang baik sangat diutamakan,
db9965c8-1134-48d8-9c14-1b4397450c81,it recruiter,"jira, scrum, negosiasi, leadership, strategic planning, agile",senior level,6,hr / recruiter,teknis wajib menguasai jira scrum negosiasi leadership strategic planning serta agile memiliki kemampuan problem solving yang baik sangat diutamakan,
4de7746e-2598-4d81-b6a3-2ee8b49c276a,data scientist,"statistika, powerbi, scikit-learn, scrum, machine learning, python, pandas",,7,researcher,teknis wajib menguasai statistika powerbi scikitlearn scrum machine learning python serta pandas memiliki kemampuan problem solving yang baik sangat diutamakan,
606c73e8-43e4-461e-a65b-f8fde4d4ff12,product manager,"project management, scrum, leadership, problem solving, komunikasi",entry level,5,product manager,teknis wajib menguasai project management scrum leadership problem solving serta komunikasi memiliki kemampuan problem solving yang baik sangat diutamakan,
1e8626c4-0d13-4bc7-bfd7-eeb3ebee4fa4,devops engineer,"docker, react, git, agile, redis, komunikasi, mongodb",senior level,7,devops / cloud engineer,teknis wajib menguasai docker react git agile redis komunikasi serta mongodb memiliki kemampuan problem solving yang baik sangat diutamakan,
47439240-1b3e-4847-ab08-dde6dbb0b20a,machine learning engineer,"statistika, scikit-learn, leadership, komunikasi, pandas, tableau",,6,data scientist / ml engineer,teknis wajib menguasai statistika scikitlearn leadership komunikasi pandas serta tableau memiliki kemampuan problem solving yang baik sangat diutamakan,
62d147a9-5126-4813-b5e2-a8cf3ea93439,data scientist,"jira, data visualization, scikit-learn, machine learning, pandas, tableau",senior level,6,researcher,teknis wajib menguasai jira data visualization scikitlearn machine learning pandas serta tableau memiliki kemampuan problem solving yang baik sangat diutamakan,
653cf672-d386-47fc-9e26-ff4b1e8a3a5e,devops engineer,"javascript, jira, negosiasi, python, redis, nuxt.js",entry level,6,devops / cloud engineer,teknis wajib menguasai javascript jira negosiasi python redis serta nuxtjs memiliki kemampuan problem solving yang baik sangat diutamakan,
d916d41c-e7fc-4e45-abeb-b6dc482c7830,ui/ux designer,"project management, adobe illustrator, design system, wireframing, user research, figma, prototyping",entry level,7,ux / ui designer,teknis wajib menguasai project management adobe illustrator design system wireframing user research figma serta prototyping memiliki kemampuan problem solving yang baik sangat diutamakan,
3ee794d0-bdcc-48fd-8ceb-42332b14ecf3,data scientist,"powerbi, scikit-learn, problem solving, python, tensorflow, sql",senior level,6,researcher,teknis wajib menguasai powerbi scikitlearn problem solving python tensorflow serta sql memiliki kemampuan problem solving yang baik sangat diutamakan,
bc480fe0-84f0-4cf1-be09-e49e595434ff,data analyst,"statistika, scikit-learn, python, agile",entry level,4,data analyst,teknis wajib menguasai statistika scikitlearn python serta agile memiliki kemampuan problem solving yang baik sangat diutamakan,
f1dafc60-5ff0-4cb4-aa45-972caaef1b63,devops engineer,"jira, typescript, strategic planning, python, nuxt.js",,5,devops / cloud engineer,teknis wajib menguasai jira typescript strategic planning python serta nuxtjs memiliki kemampuan problem solving yang baik sangat diutamakan,
77201ced-c585-4e2f-b536-c290e703ed04,ui/ux designer,"photoshop, negosiasi, design system, wireframing",senior level,4,ux / ui designer,teknis wajib menguasai photoshop negosiasi design system serta wireframing memiliki kemampuan problem solving yang baik sangat diutamakan,
8c852fe7-d10e-4cb0-ade2-3a937e0a707f,machine learning engineer,"statistika, powerbi, scrum, python, agile, r, sql",,7,data scientist / ml engineer,teknis wajib menguasai statistika powerbi scrum python agile r serta sql memiliki kemampuan problem solving yang baik sangat diutamakan,
47e9ae2e-14ee-40bb-9d07-dd5e652266b9,ui/ux designer,"ui/ux, photoshop, design system, leadership, wireframing, user research, figma",senior level,7,ux / ui designer,teknis wajib menguasai uiux photoshop design system leadership wireframing user research serta figma memiliki kemampuan problem solving yang baik sangat diutamakan,
16822d13-9ec2-4c48-af7d-615b98213843,it recruiter,"scrum, project management, jira, leadership",entry level,4,hr / recruiter,teknis wajib menguasai scrum project management jira serta leadership memiliki kemampuan problem solving yang baik sangat diutamakan,
7114afe5-c81b-434c-9f24-dd15ddab88ac,machine learning engineer,"statistika, data visualization, scikit-learn, machine learning, leadership, tensorflow, komunikasi, pandas",entry level,8,data scientist / ml engineer,teknis wajib menguasai statistika data visualization scikitlearn machine learning leadership tensorflow komunikasi serta pandas memiliki kemampuan problem solving yang baik sangat diutamakan,
0eb49447-afbe-4703-98c0-116951f2f543,it recruiter,"project management, jira, negosiasi, problem solving, strategic planning, leadership, komunikasi",senior level,7,hr / recruiter,teknis wajib menguasai project management jira negosiasi problem solving strategic planning leadership serta komunikasi memiliki kemampuan problem solving yang baik sangat diutamakan,
2a82fd30-a16d-436c-a839-45ec0a648327,data analyst,"scikit-learn, machine learning, problem solving, python, tensorflow, pandas",entry level,6,data analyst,teknis wajib menguasai scikitlearn machine learning problem solving python tensorflow serta pandas memiliki kemampuan problem solving yang baik sangat diutamakan,
a82fd44b-4d3e-4a42-ae24-17bf735f3730,data analyst,"agile, tensorflow, sql, pandas",entry level,4,data analyst,teknis wajib menguasai agile tensorflow sql serta pandas memiliki kemampuan problem solving yang baik sangat diutamakan,
f9b252ea-190b-4e13-9cba-34682f864104,ui/ux designer,"ui/ux, problem solving, wireframing, user research, prototyping",,5,ux / ui designer,teknis wajib menguasai uiux problem solving wireframing user research serta prototyping memiliki kemampuan problem solving yang baik sangat diutamakan,
6f125b00-a735-4b5e-9325-371ee16ea3ee,data analyst,"project management, statistika, powerbi, machine learning, python, agile, r, pandas",,8,data analyst,teknis wajib menguasai project management statistika powerbi machine learning python agile r serta pandas memiliki kemampuan problem solving yang baik sangat diutamakan,
92da9c61-56b5-4536-866b-b4ec11c768b0,product manager,"negosiasi, komunikasi, scrum",,3,product manager,teknis wajib menguasai negosiasi komunikasi serta scrum memiliki kemampuan problem solving yang baik sangat diutamakan,
859c4ac5-2556-41bb-ab19-0b95cdf7d1e5,data scientist,"scikit-learn, data visualization, negosiasi, tensorflow, sql, pandas",entry level,6,researcher,teknis wajib menguasai scikitlearn data visualization negosiasi tensorflow sql serta pandas memiliki kemampuan problem solving yang baik sangat diutamakan,
eefab218-21c5-477c-ab8d-f3def8d5f0c6,data scientist,"jira, statistika, powerbi, data visualization, python, agile, tensorflow, pandas",,8,researcher,teknis wajib menguasai jira statistika powerbi data visualization python agile tensorflow serta pandas memiliki kemampuan problem solving yang baik sangat diutamakan,
d5237636-15c5-4eb4-85af-77eaad93a326,frontend developer,"docker, agile, node.js, javascript",,4,frontend developer,teknis wajib menguasai docker agile nodejs serta javascript memiliki kemampuan problem solving yang baik sangat diutamakan,
7f3bdcd3-aa15-4779-88c2-669939a32c8a,product manager,"problem solving, project management, agile, leadership",,4,product manager,teknis wajib menguasai problem solving project management agile serta leadership memiliki kemampuan problem solving yang baik sangat diutamakan,
1019eb4b-c61d-4c3e-90a1-a4235ec03b1e,full stack developer,"postgresql, project management, docker, react, agile",,5,fullstack developer,teknis wajib menguasai postgresql project management docker react serta agile memiliki kemampuan problem solving yang baik sangat diutamakan,
5083cfeb-12c7-4c27-a0ce-4a9be166d45b,data analyst,"jira, powerbi, strategic planning, python, sql",,5,data analyst,teknis wajib menguasai jira powerbi strategic planning python serta sql memiliki kemampuan problem solving yang baik sangat diutamakan,
f01b4fb8-80f9-4d06-ac27-9fbb9fcbb12e,data analyst,"statistika, powerbi, problem solving, python, agile, tensorflow",senior level,6,data analyst,teknis wajib menguasai statistika powerbi problem solving python agile serta tensorflow memiliki kemampuan problem solving yang baik sangat diutamakan,
ac42ccca-ebb3-4d87-bbb3-b24d6681baab,data analyst,"statistika, data visualization, powerbi, scikit-learn, strategic planning, tensorflow, tableau",senior level,7,data analyst,teknis wajib menguasai statistika data visualization powerbi scikitlearn strategic planning tensorflow serta tableau memiliki kemampuan problem solving yang baik sangat diutamakan,
73535bad-17ad-415b-97d4-75dd493d5eb9,product manager,"scrum, problem solving, leadership, agile, komunikasi",,5,product manager,teknis wajib menguasai scrum problem solving leadership agile serta komunikasi memiliki kemampuan problem solving yang baik sangat diutamakan,
ea620365-a812-4bc3-9901-3f74d3a9130c,product manager,"jira, negosiasi, problem solving, strategic planning, agile, komunikasi",,6,product manager,teknis wajib menguasai jira negosiasi problem solving strategic planning agile serta komunikasi memiliki kemampuan problem solving yang baik sangat diutamakan,
226fb4af-96d5-4c4b-bef9-c434912b1025,data scientist,"statistika, data visualization, scrum, problem solving, python, pandas, tableau",,7,researcher,teknis wajib menguasai statistika data visualization scrum problem solving python pandas serta tableau memiliki kemampuan problem solving yang baik sangat diutamakan,
05df90c3-ba97-4ad0-9d14-4ec3a1c3e1f2,data scientist,"powerbi, data visualization, machine learning, negosiasi, r",senior level,5,researcher,teknis wajib menguasai powerbi data visualization machine learning negosiasi serta r memiliki kemampuan problem solving yang baik sangat diutamakan,
514e4c99-1405-4834-ab6e-6293ce742239,backend developer,"postgresql, javascript, git, react, agile, mongodb, node.js",,7,backend developer,teknis wajib menguasai postgresql javascript git react agile mongodb serta nodejs memiliki kemampuan problem solving yang baik sangat diutamakan,
258d6eb2-005e-433f-9f3a-d95d4b8440b1,full stack developer,"docker, git, typescript, negosiasi, strategic planning, redis, node.js",entry level,7,fullstack developer,teknis wajib menguasai docker git typescript negosiasi strategic planning redis serta nodejs memiliki kemampuan problem solving yang baik sangat diutamakan,
a0af4604-04a2-46db-ae85-25401a0cceec,machine learning engineer,"scikit-learn, scrum, problem solving, python, r",,5,data scientist / ml engineer,teknis wajib menguasai scikitlearn scrum problem solving python serta r memiliki kemampuan problem solving yang baik sangat diutamakan,
66d312f8-507a-47d3-b461-6e571eb5d6f8,full stack developer,"docker, react, git, vue.js, problem solving",entry level,5,fullstack developer,teknis wajib menguasai docker react git vuejs serta problem solving memiliki kemampuan problem solving yang baik sangat diutamakan,
447398aa-abdd-4c12-8111-43d3af142292,full stack developer,"jira, javascript, negosiasi, vue.js, redis, node.js",,6,fullstack developer,teknis wajib menguasai jira javascript negosiasi vuejs redis serta nodejs memiliki kemampuan problem solving yang baik sangat diutamakan,
2a8dbb65-6a47-44fa-bffc-5807813233ee,it recruiter,"scrum, strategic planning, agile, jira",entry level,4,hr / recruiter,teknis wajib menguasai scrum strategic planning agile serta jira memiliki kemampuan problem solving yang baik sangat diutamakan,
ac3b940f-0276-461c-8956-5d3382dc29f6,machine learning engineer,"statistika, scrum, negosiasi, r, tensorflow, sql, pandas, tableau",,8,data scientist / ml engineer,teknis wajib menguasai statistika scrum negosiasi r tensorflow sql pandas serta tableau memiliki kemampuan problem solving yang baik sangat diutamakan,
f13f90bd-1696-45ee-ae40-95727760f82f,it recruiter,"project management, jira, negosiasi, problem solving, strategic planning, komunikasi",,6,hr / recruiter,teknis wajib menguasai project management jira negosiasi problem solving strategic planning serta komunikasi memiliki kemampuan problem solving yang baik sangat diutamakan,
7dbd0b63-8154-49be-a553-de45a66655c1,backend developer,"postgresql, project management, docker, javascript, typescript, vue.js, mongodb",,7,backend developer,teknis wajib menguasai postgresql project management docker javascript typescript vuejs serta mongodb memiliki kemampuan problem solving yang baik sangat diutamakan,
63e2481e-b3de-4044-81af-dea22f06e201,data analyst,"project management, statistika, machine learning, leadership, pandas",,5,data analyst,teknis wajib menguasai project management statistika machine learning leadership serta pandas memiliki kemampuan problem solving yang baik sangat diutamakan,
4d3166e3-c881-4ee2-8341-1731b063228e,ui/ux designer,"jira, photoshop, adobe illustrator, design system, user research, prototyping",,6,ux / ui designer,teknis wajib menguasai jira photoshop adobe illustrator design system user research serta prototyping memiliki kemampuan problem solving yang baik sangat diutamakan,
0bdefa72-35c6-4329-8c99-86b7fb289731,data scientist,"statistika, data visualization, machine learning, negosiasi, tensorflow, pandas, tableau",senior level,7,researcher,teknis wajib menguasai statistika data visualization machine learning negosiasi tensorflow pandas serta tableau memiliki kemampuan problem solving yang baik sangat diutamakan,
0a1a006f-5bf6-4ab3-9338-eac3741a6a14,it recruiter,"negosiasi, leadership, strategic planning, jira",,4,hr / recruiter,teknis wajib menguasai negosiasi leadership strategic planning serta jira memiliki kemampuan problem solving yang baik sangat diutamakan,
6cc81156-cf85-4a42-a5ba-e5b63273d926,data analyst,"project management, powerbi, tensorflow, sql, pandas",,5,data analyst,teknis wajib menguasai project management powerbi tensorflow sql serta pandas memiliki kemampuan problem solving yang baik sangat diutamakan,
119febf4-4cd9-4f91-bc1e-9c7ee94d7abb,data analyst,"statistika, machine learning, python, agile, tensorflow, pandas, tableau",entry level,7,data analyst,teknis wajib menguasai statistika machine learning python agile tensorflow pandas serta tableau memiliki kemampuan problem solving yang baik sangat diutamakan,
f26237c0-ebe8-4e45-b3b0-f6d0b9b2514d,frontend developer,"docker, negosiasi, vue.js, leadership, redis, node.js",,6,frontend developer,teknis wajib menguasai docker negosiasi vuejs leadership redis serta nodejs memiliki kemampuan problem solving yang baik sangat diutamakan,
9ea367f2-4e8d-4604-b58d-868b6b3e3e1b,data scientist,"scikit-learn, sql, pandas, scrum",,4,researcher,teknis wajib menguasai scikitlearn sql pandas serta scrum memiliki kemampuan problem solving yang baik sangat diutamakan,
7ade456a-c9d1-41ab-8d93-9068709dfa88,machine learning engineer,"komunikasi, statistika, scikit-learn, machine learning, sql, pandas",senior level,6,data scientist / ml engineer,teknis wajib menguasai komunikasi statistika scikitlearn machine learning sql serta pandas memiliki kemampuan problem solving yang baik sangat diutamakan,
56936505-527f-46e3-bf47-2a3a55318711,backend developer,"nuxt.js, docker, react, git, redis, komunikasi, mongodb",,7,backend developer,teknis wajib menguasai nuxtjs docker react git redis komunikasi serta mongodb memiliki kemampuan problem solving yang baik sangat diutamakan,
82be53d9-5229-4c89-b5b9-552b7fc5a5a3,devops engineer,"scrum, problem solving, vue.js, redis, nuxt.js",entry level,5,devops / cloud engineer,teknis wajib menguasai scrum problem solving vuejs redis serta nuxtjs memiliki kemampuan problem solving yang baik sangat diutamakan,
80d4f86d-657e-4a98-899d-d17d1e72a0ce,ui/ux designer,"project management, photoshop, adobe illustrator, leadership, user research, figma, prototyping",senior level,7,ux / ui designer,teknis wajib menguasai project management photoshop adobe illustrator leadership user research figma serta prototyping memiliki kemampuan problem solving yang baik sangat diutamakan,
04804f66-5fad-4a84-b552-e3583cf5f5af,it recruiter,"project management, jira, scrum, negosiasi, problem solving, leadership, agile",senior level,7,hr / recruiter,teknis wajib menguasai project management jira scrum negosiasi problem solving leadership serta agile memiliki kemampuan problem solving yang baik sangat diutamakan,
a8acbe9d-8000-42fa-86c7-81db079d43eb,ui/ux designer,"project management, ui/ux, photoshop, strategic planning, wireframing, figma, prototyping",senior level,7,ux / ui designer,teknis wajib menguasai project management uiux photoshop strategic planning wireframing figma serta prototyping memiliki kemampuan problem solving yang baik sangat diutamakan,
56c94c64-74c1-4bda-8694-6f75f8c2f081,frontend developer,"react, git, typescript, problem solving, strategic planning, mongodb, redis, nuxt.js",,8,frontend developer,teknis wajib menguasai react git typescript problem solving strategic planning mongodb redis serta nuxtjs memiliki kemampuan problem solving yang baik sangat diutamakan,
2bbfe60a-db59-4c52-9585-ad74c751fbcc,data analyst,"scikit-learn, scrum, machine learning, agile, tableau",,5,data analyst,teknis wajib menguasai scikitlearn scrum machine learning agile serta tableau memiliki kemampuan problem solving yang baik sangat diutamakan,
24dbb21f-5424-4eb7-aa96-2b668587489a,data scientist,"powerbi, data visualization, python, agile, pandas, tableau",senior level,6,researcher,teknis wajib menguasai powerbi data visualization python agile pandas serta tableau memiliki kemampuan problem solving yang baik sangat diutamakan,
0071b275-3d04-4d86-85ec-81c18ba5bbd4,ui/ux designer,"negosiasi, design system, leadership, wireframing, user research",,5,ux / ui designer,teknis wajib menguasai negosiasi design system leadership wireframing serta user research memiliki kemampuan problem solving yang baik sangat diutamakan,
92d077c1-ba1d-4ea1-a7c4-d45085d9862c,frontend developer,"git, fastapi, negosiasi, vue.js, agile, node.js, nuxt.js",,7,frontend developer,teknis wajib menguasai git fastapi negosiasi vuejs agile nodejs serta nuxtjs memiliki kemampuan problem solving yang baik sangat diutamakan,
7bada1d9-e3d3-4962-a31b-0b3ccb993f22,data analyst,"jira, statistika, data visualization, scikit-learn, python, tableau",entry level,6,data analyst,teknis wajib menguasai jira statistika data visualization scikitlearn python serta tableau memiliki kemampuan problem solving yang baik sangat diutamakan,
dd3a9e0c-5b00-4ff0-8bd7-677dfd5014ae,data scientist,"statistika, data visualization, powerbi, machine learning, strategic planning, tensorflow",entry level,6,researcher,teknis wajib menguasai statistika data visualization powerbi machine learning strategic planning serta tensorflow memiliki kemampuan problem solving yang baik sangat diutamakan,
99c002f0-c768-462d-abc1-fddadc636fd5,machine learning engineer,"statistika, scikit-learn, machine learning, leadership, strategic planning, r, pandas, tableau",,8,data scientist / ml engineer,teknis wajib menguasai statistika scikitlearn machine learning leadership strategic planning r pandas serta tableau memiliki kemampuan problem solving yang baik sangat diutamakan,
48302fd3-ee37-4e2f-ab31-727e2cb0ec03,devops engineer,"postgresql, leadership, python, git",senior level,4,devops / cloud engineer,teknis wajib menguasai postgresql leadership python serta git memiliki kemampuan problem solving yang baik sangat diutamakan,
d763b80f-6a70-4898-8de5-23372b7687c2,data analyst,"powerbi, machine learning, python, agile, r, komunikasi, pandas, tableau",entry level,8,data analyst,teknis wajib menguasai powerbi machine learning python agile r komunikasi pandas serta tableau memiliki kemampuan problem solving yang baik sangat diutamakan,
bff02b58-b158-4097-a8b8-63e4380f7c9a,it recruiter,"project management, jira, scrum, negosiasi, leadership, agile",,6,hr / recruiter,teknis wajib menguasai project management jira scrum negosiasi leadership serta agile memiliki kemampuan problem solving yang baik sangat diutamakan,
51e8a4a0-a72b-4a00-9084-fbedfab768fd,frontend developer,"project management, javascript, react, fastapi, vue.js, strategic planning, node.js",,7,frontend developer,teknis wajib menguasai project management javascript react fastapi vuejs strategic planning serta nodejs memiliki kemampuan problem solving yang baik sangat diutamakan,
b297fc42-eaa2-4e2b-a783-5d417f7c80dc,product manager,"project management, jira, negosiasi, problem solving, komunikasi",,5,product manager,teknis wajib menguasai project management jira negosiasi problem solving serta komunikasi memiliki kemampuan problem solving yang baik sangat diutamakan,
73c49ed9-d806-43c8-87bd-e48668a477fa,ui/ux designer,"photoshop, strategic planning, wireframing, user research, figma, komunikasi",,6,ux / ui designer,teknis wajib menguasai photoshop strategic planning wireframing user research figma serta komunikasi memiliki kemampuan problem solving yang baik sangat diutamakan,
c52dd599-7b9d-4d44-b332-a85151125e39,full stack developer,"project management, docker, jira, git, fastapi, vue.js",entry level,6,fullstack developer,teknis wajib menguasai project management docker jira git fastapi serta vuejs memiliki kemampuan problem solving yang baik sangat diutamakan,
d861d12c-cdfd-477d-83b9-6ed703a40962,product manager,"project management, problem solving, strategic planning, agile, komunikasi",,5,product manager,teknis wajib menguasai project management problem solving strategic planning agile serta komunikasi memiliki kemampuan problem solving yang baik sangat diutamakan,
dd5e60b6-3574-40dc-9dce-520f64a11183,devops engineer,"jira, react, fastapi, vue.js, node.js",,5,devops / cloud engineer,teknis wajib menguasai jira react fastapi vuejs serta nodejs memiliki kemampuan problem solving yang baik sangat diutamakan,
6581fc6e-01af-47bc-a168-f6035d0c0c2d,frontend developer,"git, python, docker, komunikasi",,4,frontend developer,teknis wajib menguasai git python docker serta komunikasi memiliki kemampuan problem solving yang baik sangat diutamakan,
dbb60bc4-28f8-4085-a1f7-73722d26cf9d,devops engineer,"javascript, git, negosiasi, strategic planning, redis",senior level,5,devops / cloud engineer,teknis wajib menguasai javascript git negosiasi strategic planning serta redis memiliki kemampuan problem solving yang baik sangat diutamakan,
ba91ace3-ab5f-498f-8a77-916cab642646,product manager,"leadership, agile, scrum",entry level,3,product manager,teknis wajib menguasai leadership agile serta scrum memiliki kemampuan problem solving yang baik sangat diutamakan,
b191e8d7-0337-4c62-9c06-0f5e16aa25a6,frontend developer,"postgresql, git, agile, redis, nuxt.js",,5,frontend developer,teknis wajib menguasai postgresql git agile redis serta nuxtjs memiliki kemampuan problem solving yang baik sangat diutamakan,
ef04c820-c191-4699-91b4-a9ebbf256fa6,data analyst,"statistika, scikit-learn, data visualization, negosiasi, r, sql",,6,data analyst,teknis wajib menguasai statistika scikitlearn data visualization negosiasi r serta sql memiliki kemampuan problem solving yang baik sangat diutamakan,
4affffba-f763-443d-a702-ef6f56846ed9,machine learning engineer,"statistika, scikit-learn, scrum, machine learning, problem solving, r, tableau",entry level,7,data scientist / ml engineer,teknis wajib menguasai statistika scikitlearn scrum machine learning problem solving r serta tableau memiliki kemampuan problem solving yang baik sangat diutamakan,
31e4e95f-fa4a-453a-ab16-f38fd31f4234,it recruiter,"negosiasi, project management, agile",senior level,3,hr / recruiter,teknis wajib menguasai negosiasi project management serta agile memiliki kemampuan problem solving yang baik sangat diutamakan,
66658884-54a3-4fc5-bc27-09a7d07e5679,product manager,"leadership, project management, problem solving, scrum",,4,product manager,teknis wajib menguasai leadership project management problem solving serta scrum memiliki kemampuan problem solving yang baik sangat diutamakan,
acae9519-0e66-4cfa-92cf-4f25a42b6bc1,ui/ux designer,"ui/ux, photoshop, design system, problem solving, user research, figma, prototyping",senior level,7,ux / ui designer,teknis wajib menguasai uiux photoshop design system problem solving user research figma serta prototyping memiliki kemampuan problem solving yang baik sangat diutamakan,
569ad74f-fcc3-4fcd-b44c-39cb81bb6ded,frontend developer,"postgresql, docker, react, agile, mongodb, nuxt.js",,6,frontend developer,teknis wajib menguasai postgresql docker react agile mongodb serta nuxtjs memiliki kemampuan problem solving yang baik sangat diutamakan,
6de48fcb-fd9d-4d44-b66e-8fa8b4520885,it recruiter,"jira, scrum, leadership, strategic planning, problem solving, komunikasi",,6,hr / recruiter,teknis wajib menguasai jira scrum leadership strategic planning problem solving serta komunikasi memiliki kemampuan problem solving yang baik sangat diutamakan,
eeef7ccc-7263-41ae-99a6-b3bccf14f52a,it recruiter,"project management, scrum, negosiasi, leadership, problem solving, strategic planning, komunikasi",,7,hr / recruiter,teknis wajib menguasai project management scrum negosiasi leadership problem solving strategic planning serta komunikasi memiliki kemampuan problem solving yang baik sangat diutamakan,
61b7fc0c-15c1-4991-a2b2-908df8281811,it recruiter,"jira, leadership, strategic planning, agile, problem solving, komunikasi",senior level,6,hr / recruiter,teknis wajib menguasai jira leadership strategic planning agile problem solving serta komunikasi memiliki kemampuan problem solving yang baik sangat diutamakan,
cd8245bf-3824-4f32-8512-a8112e652297,data analyst,"statistika, scikit-learn, leadership, python, r, komunikasi, pandas, tableau",senior level,8,data analyst,teknis wajib menguasai statistika scikitlearn leadership python r komunikasi pandas serta tableau memiliki kemampuan problem solving yang baik sangat diutamakan,
aa327c26-cbbb-409d-b01a-9af0eb24397e,frontend developer,"project management, javascript, docker, react, python",,5,frontend developer,teknis wajib menguasai project management javascript docker react serta python memiliki kemampuan problem solving yang baik sangat diutamakan,
4901c499-97f8-4b42-a726-e955efdb3b24,product manager,"leadership, strategic planning, project management, komunikasi",,4,product manager,teknis wajib menguasai leadership strategic planning project management serta komunikasi memiliki kemampuan problem solving yang baik sangat diutamakan,
4f00600d-9e99-4066-952b-7853eab48af5,backend developer,"docker, javascript, fastapi, typescript, leadership, python, strategic planning, mongodb",senior level,8,backend developer,teknis wajib menguasai docker javascript fastapi typescript leadership python strategic planning serta mongodb memiliki kemampuan problem solving yang baik sangat diutamakan,
0c711250-db3a-4779-a89d-d16413d36e23,data scientist,"statistika, machine learning, negosiasi, sql",,4,researcher,teknis wajib menguasai statistika machine learning negosiasi serta sql memiliki kemampuan problem solving yang baik sangat diutamakan,
794d4f46-73e6-492b-9477-e6fe507cd21b,backend developer,"docker, jira, git, typescript, vue.js, redis, mongodb",senior level,7,backend developer,teknis wajib menguasai docker jira git typescript vuejs redis serta mongodb memiliki kemampuan problem solving yang baik sangat diutamakan,
c0ebe444-8f01-409f-8223-9b7d291779c2,full stack developer,"javascript, react, fastapi, negosiasi, redis, nuxt.js",entry level,6,fullstack developer,teknis wajib menguasai javascript react fastapi negosiasi redis serta nuxtjs memiliki kemampuan problem solving yang baik sangat diutamakan,
e394dc60-c774-4b65-b061-cf37a97031f2,product manager,"project management, jira, negosiasi, problem solving, strategic planning, leadership, komunikasi",,7,product manager,teknis wajib menguasai project management jira negosiasi problem solving strategic planning leadership serta komunikasi memiliki kemampuan problem solving yang baik sangat diutamakan,
a5a194f5-a5c2-4cc5-bdb3-aa294c0a21c1,it recruiter,"scrum, negosiasi, problem solving, strategic planning, komunikasi",senior level,5,hr / recruiter,teknis wajib menguasai scrum negosiasi problem solving strategic planning serta komunikasi memiliki kemampuan problem solving yang baik sangat diutamakan,
68bf7b93-efe9-4232-8078-a246297f5874,machine learning engineer,"statistika, data visualization, python, strategic planning, pandas",,5,data scientist / ml engineer,teknis wajib menguasai statistika data visualization python strategic planning serta pandas memiliki kemampuan problem solving yang baik sangat diutamakan,
477430ab-a3bd-48d7-92a8-1bba83c4d3dd,backend developer,"project management, git, vue.js, python, agile",,5,backend developer,teknis wajib menguasai project management git vuejs python serta agile memiliki kemampuan problem solving yang baik sangat diutamakan,
49266710-1ac6-48ee-9022-05235ff957b7,devops engineer,"git, scrum, negosiasi, vue.js, nuxt.js",senior level,5,devops / cloud engineer,teknis wajib menguasai git scrum negosiasi vuejs serta nuxtjs memiliki kemampuan problem solving yang baik sangat diutamakan,
a99bcb28-e483-4779-9303-4d5a62a153a2,devops engineer,"jira, docker, react, vue.js, agile, nuxt.js",entry level,6,devops / cloud engineer,teknis wajib menguasai jira docker react vuejs agile serta nuxtjs memiliki kemampuan problem solving yang baik sangat diutamakan,
637b50ff-4209-4cda-8ed3-34e2bf3c92a6,devops engineer,"react, git, fastapi, vue.js, python, agile, redis",,7,devops / cloud engineer,teknis wajib menguasai react git fastapi vuejs python agile serta redis memiliki kemampuan problem solving yang baik sangat diutamakan,
3dd07ded-e6e9-4b86-b1c3-f9254932d83a,it recruiter,"project management, jira, scrum, negosiasi, problem solving, strategic planning, komunikasi",,7,hr / recruiter,teknis wajib menguasai project management jira scrum negosiasi problem solving strategic planning serta komunikasi memiliki kemampuan problem solving yang baik sangat diutamakan,
a8afaeca-a081-448b-a9db-391e682ef1dc,product manager,"leadership, strategic planning, agile, scrum",senior level,4,product manager,teknis wajib menguasai leadership strategic planning agile serta scrum memiliki kemampuan problem solving yang baik sangat diutamakan,
39358832-f8b8-46cb-838b-eb911715365b,machine learning engineer,"statistika, scikit-learn, scrum, machine learning, tensorflow, pandas, tableau",,7,data scientist / ml engineer,teknis wajib menguasai statistika scikitlearn scrum machine learning tensorflow pandas serta tableau memiliki kemampuan problem solving yang baik sangat diutamakan,
f031d284-3422-40de-872a-8f327999c695,devops engineer,"scrum, typescript, leadership, mongodb, nuxt.js",,5,devops / cloud engineer,teknis wajib menguasai scrum typescript leadership mongodb serta nuxtjs memiliki kemampuan problem solving yang baik sangat diutamakan,
bab997b6-dfad-49eb-a9ec-c33d0734d1ae,it recruiter,"project management, jira, scrum, problem solving, strategic planning, komunikasi",entry level,6,hr / recruiter,teknis wajib menguasai project management jira scrum problem solving strategic planning serta komunikasi memiliki kemampuan problem solving yang baik sangat diutamakan,
41a6664f-32f1-4b5e-b98d-4772586274e6,ui/ux designer,"photoshop, adobe illustrator, design system, leadership, wireframing, user research, figma",entry level,7,ux / ui designer,teknis wajib menguasai photoshop adobe illustrator design system leadership wireframing user research serta figma memiliki kemampuan problem solving yang baik sangat diutamakan,
6de2a9e3-b668-448a-9e9a-2e6dec7b3fdc,data analyst,"statistika, powerbi, data visualization, scikit-learn, negosiasi, r, tensorflow, komunikasi",,8,data analyst,teknis wajib menguasai statistika powerbi data visualization scikitlearn negosiasi r tensorflow serta komunikasi memiliki kemampuan problem solving yang baik sangat diutamakan,
9f042e9c-444e-4da0-a05f-a3dfdaa372c0,backend developer,"jira, docker, react, vue.js, nuxt.js",,5,backend developer,teknis wajib menguasai jira docker react vuejs serta nuxtjs memiliki kemampuan problem solving yang baik sangat diutamakan,
76388b20-c927-463b-9acf-9340f18c7056,full stack developer,"react, typescript, scrum, leadership, mongodb, redis",senior level,6,fullstack developer,teknis wajib menguasai react typescript scrum leadership mongodb serta redis memiliki kemampuan problem solving yang baik sangat diutamakan,
8f149d73-99ed-4e71-9fa2-1a9a99ae38a8,backend developer,"postgresql, fastapi, typescript, problem solving, python, redis, nuxt.js",,7,backend developer,teknis wajib menguasai postgresql fastapi typescript problem solving python redis serta nuxtjs memiliki kemampuan problem solving yang baik sangat diutamakan,
0c7d4220-dd20-4aeb-8448-97a0fd5d06e9,machine learning engineer,"statistika, powerbi, problem solving, python, strategic planning, tensorflow, sql, tableau",senior level,8,data scientist / ml engineer,teknis wajib menguasai statistika powerbi problem solving python strategic planning tensorflow sql serta tableau memiliki kemampuan problem solving yang baik sangat diutamakan,
24e83ffd-0bef-43fa-b69d-ca9837244fb6,devops engineer,"javascript, fastapi, typescript, strategic planning, komunikasi, nuxt.js",entry level,6,devops / cloud engineer,teknis wajib menguasai javascript fastapi typescript strategic planning komunikasi serta nuxtjs memiliki kemampuan problem solving yang baik sangat diutamakan,
49984e75-4f42-4b51-b306-255cb452243f,frontend developer,"postgresql, typescript, problem solving, komunikasi, node.js, nuxt.js",entry level,6,frontend developer,teknis wajib menguasai postgresql typescript problem solving komunikasi nodejs serta nuxtjs memiliki kemampuan problem solving yang baik sangat diutamakan,
420565fd-8173-4bdd-8f4e-642ae58463e8,frontend developer,"javascript, jira, react, fastapi, python, strategic planning, node.js",,7,frontend developer,teknis wajib menguasai javascript jira react fastapi python strategic planning serta nodejs memiliki kemampuan problem solving yang baik sangat diutamakan,
db1ce465-80e4-44be-ad28-487dc897db07,it recruiter,"negosiasi, problem solving, leadership, agile, komunikasi",senior level,5,hr / recruiter,teknis wajib menguasai negosiasi problem solving leadership agile serta komunikasi memiliki kemampuan problem solving yang baik sangat diutamakan,
ec669671-99e5-4220-83e8-a955ce436a55,data analyst,"jira, statistika, machine learning, problem solving, tensorflow, sql, pandas, tableau",,8,data analyst,teknis wajib menguasai jira statistika machine learning problem solving tensorflow sql pandas serta tableau memiliki kemampuan problem solving yang baik sangat diutamakan,
e4879b56-f798-4f2d-9322-488758318f86,it recruiter,"project management, jira, leadership, strategic planning, agile, komunikasi",,6,hr / recruiter,teknis wajib menguasai project management jira leadership strategic planning agile serta komunikasi memiliki kemampuan problem solving yang baik sangat diutamakan,
ea65fdff-8438-4607-8ce1-d4450a68b473,it recruiter,"jira, scrum, problem solving, strategic planning, leadership",entry level,5,hr / recruiter,teknis wajib menguasai jira scrum problem solving strategic planning serta leadership memiliki kemampuan problem solving yang baik sangat diutamakan,
483a74f3-6825-4f08-a136-db5f7425dfc7,product manager,"project management, scrum, problem solving, strategic planning, agile, komunikasi",entry level,6,product manager,teknis wajib menguasai project management scrum problem solving strategic planning agile serta komunikasi memiliki kemampuan problem solving yang baik sangat diutamakan,
1e1ec77f-14d2-4d51-af47-2505bf076526,full stack developer,"docker, javascript, git, mongodb, komunikasi, nuxt.js",senior level,6,fullstack developer,teknis wajib menguasai docker javascript git mongodb komunikasi serta nuxtjs memiliki kemampuan problem solving yang baik sangat diutamakan,
cb361598-7556-470d-b3cb-38d718c01ce3,it recruiter,"project management, scrum, negosiasi, problem solving, leadership, agile, komunikasi",senior level,7,hr / recruiter,teknis wajib menguasai project management scrum negosiasi problem solving leadership agile serta komunikasi memiliki kemampuan problem solving yang baik sangat diutamakan,
9ab58ba5-94ac-403f-902b-029ff58e6cc2,backend developer,"node.js, fastapi, vue.js, problem solving, mongodb, redis, nuxt.js",,7,backend developer,teknis wajib menguasai nodejs fastapi vuejs problem solving mongodb redis serta nuxtjs memiliki kemampuan problem solving yang baik sangat diutamakan,
1d3bae21-006c-4e0b-938a-d03eb9d48c6a,machine learning engineer,"powerbi, scikit-learn, negosiasi, problem solving, sql",,5,data scientist / ml engineer,teknis wajib menguasai powerbi scikitlearn negosiasi problem solving serta sql memiliki kemampuan problem solving yang baik sangat diutamakan,
cfd800b2-1f4c-4566-822c-111e512a4460,data scientist,"powerbi, data visualization, python, strategic planning, r, pandas",,6,researcher,teknis wajib menguasai powerbi data visualization python strategic planning r serta pandas memiliki kemampuan problem solving yang baik sangat diutamakan,
65b0c28b-8ea9-4ee3-865d-61a97a264921,devops engineer,"postgresql, git, typescript, problem solving, mongodb, nuxt.js",senior level,6,devops / cloud engineer,teknis wajib menguasai postgresql git typescript problem solving mongodb serta nuxtjs memiliki kemampuan problem solving yang baik sangat diutamakan,
ff596660-61aa-426a-91ca-44ae4984e729,ui/ux designer,"jira, ui/ux, photoshop, wireframing, komunikasi",senior level,5,ux / ui designer,teknis wajib menguasai jira uiux photoshop wireframing serta komunikasi memiliki kemampuan problem solving yang baik sangat diutamakan,
4f6e2cd5-80af-4c1a-a722-d823e0df4640,it recruiter,"negosiasi, problem solving, leadership, agile, komunikasi",,5,hr / recruiter,teknis wajib menguasai negosiasi problem solving leadership agile serta komunikasi memiliki kemampuan problem solving yang baik sangat diutamakan,
f1f2010e-3873-4f64-a134-b3c753f3c069,backend developer,"postgresql, react, git, fastapi, scrum, vue.js, node.js",senior level,7,backend developer,teknis wajib menguasai postgresql react git fastapi scrum vuejs serta nodejs memiliki kemampuan problem solving yang baik sangat diutamakan,
aaa9ce62-b2bc-4abb-ad66-3f639b326bcd,machine learning engineer,"powerbi, scikit-learn, machine learning, negosiasi, leadership, r, pandas",,7,data scientist / ml engineer,teknis wajib menguasai powerbi scikitlearn machine learning negosiasi leadership r serta pandas memiliki kemampuan problem solving yang baik sangat diutamakan,
b932d593-836d-48ed-9b04-16cf6b87a15d,devops engineer,"javascript, git, fastapi, leadership, agile, node.js",,6,devops / cloud engineer,teknis wajib menguasai javascript git fastapi leadership agile serta nodejs memiliki kemampuan problem solving yang baik sangat diutamakan,
a77ba729-b0e9-44ee-8346-e5dbe4733cad,product manager,"project management, jira, scrum, problem solving, komunikasi",entry level,5,product manager,teknis wajib menguasai project management jira scrum problem solving serta komunikasi memiliki kemampuan problem solving yang baik sangat diutamakan,
1e61fe8e-99d5-4f66-b431-3eb2261d8fb3,machine learning engineer,"komunikasi, scikit-learn, python, r, tensorflow, sql",senior level,6,data scientist / ml engineer,teknis wajib menguasai komunikasi scikitlearn python r tensorflow serta sql memiliki kemampuan problem solving yang baik sangat diutamakan,
c32ad516-3351-402e-ac8a-2f28b031e0c8,it recruiter,"scrum, negosiasi, leadership, strategic planning, komunikasi",entry level,5,hr / recruiter,teknis wajib menguasai scrum negosiasi leadership strategic planning serta komunikasi memiliki kemampuan problem solving yang baik sangat diutamakan,
e1a0c658-bcd8-4688-bfb0-acd539d1692c,data scientist,"powerbi, machine learning, problem solving, python, tensorflow, tableau",entry level,6,researcher,teknis wajib menguasai powerbi machine learning problem solving python tensorflow serta tableau memiliki kemampuan problem solving yang baik sangat diutamakan,
52b5cbef-f1b3-4e0c-8f4a-0edc5b1be9eb,full stack developer,"scrum, typescript, python, node.js, nuxt.js",,5,fullstack developer,teknis wajib menguasai scrum typescript python nodejs serta nuxtjs memiliki kemampuan problem solving yang baik sangat diutamakan,
bb11a49e-74ea-46b8-ac90-2337881c41f5,backend developer,"docker, react, negosiasi, vue.js, node.js, nuxt.js",,6,backend developer,teknis wajib menguasai docker react negosiasi vuejs nodejs serta nuxtjs memiliki kemampuan problem solving yang baik sangat diutamakan,
e5756526-4e4f-42c0-8166-c9370eed5cfe,devops engineer,"docker, fastapi, scrum, vue.js, nuxt.js",,5,devops / cloud engineer,teknis wajib menguasai docker fastapi scrum vuejs serta nuxtjs memiliki kemampuan problem solving yang baik sangat diutamakan,
2ac85340-cfc6-4bc4-8a47-0965d1534111,devops engineer,"docker, javascript, react, fastapi, scrum, vue.js, python, komunikasi",,8,devops / cloud engineer,teknis wajib menguasai docker javascript react fastapi scrum vuejs python serta komunikasi memiliki kemampuan problem solving yang baik sangat diutamakan,
f3d7734a-dfa8-4e01-849f-c9fac860861c,full stack developer,"postgresql, javascript, negosiasi, redis, nuxt.js",senior level,5,fullstack developer,teknis wajib menguasai postgresql javascript negosiasi redis serta nuxtjs memiliki kemampuan problem solving yang baik sangat diutamakan,
56eab3f9-ab23-4295-a4dd-b6a36e281019,full stack developer,"jira, react, scrum, vue.js, mongodb, node.js",senior level,6,fullstack developer,teknis wajib menguasai jira react scrum vuejs mongodb serta nodejs memiliki kemampuan problem solving yang baik sangat diutamakan,
f6d0541f-6b9f-422b-9cc0-c7d781825eaf,product manager,"project management, jira, scrum, problem solving, leadership, agile, komunikasi",,7,product manager,teknis wajib menguasai project management jira scrum problem solving leadership agile serta komunikasi memiliki kemampuan problem solving yang baik sangat diutamakan,
24fedfbf-a791-4314-a17f-1e4f33c0b452,devops engineer,"javascript, docker, problem solving, vue.js, node.js",senior level,5,devops / cloud engineer,teknis wajib menguasai javascript docker problem solving vuejs serta nodejs memiliki kemampuan problem solving yang baik sangat diutamakan,
38428dbc-515b-49b4-bcb4-98da57507f11,data analyst,"statistika, powerbi, strategic planning, agile, r, tableau",,6,data analyst,teknis wajib menguasai statistika powerbi strategic planning agile r serta tableau memiliki kemampuan problem solving yang baik sangat diutamakan,
cf280f66-70a7-44bd-98fb-ea69d3772e42,data scientist,"komunikasi, statistika, data visualization, agile, sql, pandas, tableau",,7,researcher,teknis wajib menguasai komunikasi statistika data visualization agile sql pandas serta tableau memiliki kemampuan problem solving yang baik sangat diutamakan,
4d5062a7-d864-49d7-ba90-291f3ce21451,product manager,"negosiasi, leadership, agile, problem solving",,4,product manager,teknis wajib menguasai negosiasi leadership agile serta problem solving memiliki kemampuan problem solving yang baik sangat diutamakan,
2a875ba6-980c-430a-8c06-e764d9dceffa,machine learning engineer,"scikit-learn, powerbi, problem solving, python, pandas",senior level,5,data scientist / ml engineer,teknis wajib menguasai scikitlearn powerbi problem solving python serta pandas memiliki kemampuan problem solving yang baik sangat diutamakan,
a52b02fe-4451-451c-b019-3315b4454510,devops engineer,"redis, fastapi, problem solving, docker",entry level,4,devops / cloud engineer,teknis wajib menguasai redis fastapi problem solving serta docker memiliki kemampuan problem solving yang baik sangat diutamakan,
26ce4561-10bd-4d98-8ce3-553339132bbe,ui/ux designer,"ui/ux, photoshop, leadership, wireframing, prototyping",senior level,5,ux / ui designer,teknis wajib menguasai uiux photoshop leadership wireframing serta prototyping memiliki kemampuan problem solving yang baik sangat diutamakan,
8220c1d7-11b7-4c76-a66a-4f5fbd78bf35,full stack developer,"javascript, jira, git, typescript, scrum, vue.js, node.js, nuxt.js",,8,fullstack developer,teknis wajib menguasai javascript jira git typescript scrum vuejs nodejs serta nuxtjs memiliki kemampuan problem solving yang baik sangat diutamakan,
391fb7ca-a1d6-41e3-9cc8-5dab029ef248,machine learning engineer,"machine learning, negosiasi, python, r, tensorflow, tableau",,6,data scientist / ml engineer,teknis wajib menguasai machine learning negosiasi python r tensorflow serta tableau memiliki kemampuan problem solving yang baik sangat diutamakan,
1cc93149-39a3-40c5-9a00-6c168acdfc6e,full stack developer,"typescript, vue.js, python, agile, problem solving, redis",entry level,6,fullstack developer,teknis wajib menguasai typescript vuejs python agile problem solving serta redis memiliki kemampuan problem solving yang baik sangat diutamakan,
f69535f9-472a-4ea2-8be4-275a90013fd5,devops engineer,"javascript, git, typescript, vue.js, strategic planning, mongodb, nuxt.js",entry level,7,devops / cloud engineer,teknis wajib menguasai javascript git typescript vuejs strategic planning mongodb serta nuxtjs memiliki kemampuan problem solving yang baik sangat diutamakan,
5a49e7f3-7ad3-459d-bdfe-d724f0e98156,frontend developer,"docker, javascript, jira, git, fastapi, agile, redis, nuxt.js",,8,frontend developer,teknis wajib menguasai docker javascript jira git fastapi agile redis serta nuxtjs memiliki kemampuan problem solving yang baik sangat diutamakan,
00135bbc-b686-4139-a1cb-eb0b8aaf19a2,product manager,"scrum, negosiasi, problem solving, agile, komunikasi",,5,product manager,teknis wajib menguasai scrum negosiasi problem solving agile serta komunikasi memiliki kemampuan problem solving yang baik sangat diutamakan,
0ac70f39-91e0-459b-bd6a-46c282679ff2,backend developer,"docker, react, fastapi, typescript, scrum, negosiasi, redis, nuxt.js",,8,backend developer,teknis wajib menguasai docker react fastapi typescript scrum negosiasi redis serta nuxtjs memiliki kemampuan problem solving yang baik sangat diutamakan,
90847b34-2965-4498-9941-54d8f16f3ee2,full stack developer,"postgresql, javascript, typescript, vue.js, strategic planning",,5,fullstack developer,teknis wajib menguasai postgresql javascript typescript vuejs serta strategic planning memiliki kemampuan problem solving yang baik sangat diutamakan,
1c4abe31-4d4a-441f-a302-f7b4683b2fff,devops engineer,"postgresql, javascript, react, typescript, scrum, negosiasi, python",senior level,7,devops / cloud engineer,teknis wajib menguasai postgresql javascript react typescript scrum negosiasi serta python memiliki kemampuan problem solving yang baik sangat diutamakan,
6588ceeb-a73e-4462-91a4-473a9c338e1d,backend developer,"postgresql, fastapi, problem solving, leadership, mongodb",entry level,5,backend developer,teknis wajib menguasai postgresql fastapi problem solving leadership serta mongodb memiliki kemampuan problem solving yang baik sangat diutamakan,
91db7cfb-297e-4b7f-8fde-9c075c5c74d2,frontend developer,"docker, redis, problem solving, javascript",senior level,4,frontend developer,teknis wajib menguasai docker redis problem solving serta javascript memiliki kemampuan problem solving yang baik sangat diutamakan,
429a8d9e-92d9-4f33-8e0e-a8568d715139,data scientist,"project management, powerbi, data visualization, machine learning, sql, tableau",senior level,6,researcher,teknis wajib menguasai project management powerbi data visualization machine learning sql serta tableau memiliki kemampuan problem solving yang baik sangat diutamakan,
78f3a493-da43-4eb3-8c24-b43f313ed30a,product manager,"project management, scrum, problem solving, strategic planning, agile, komunikasi",,6,product manager,teknis wajib menguasai project management scrum problem solving strategic planning agile serta komunikasi memiliki kemampuan problem solving yang baik sangat diutamakan,
2f382f2a-a3f1-49fd-a8ce-cc7763e21b82,data scientist,"powerbi, data visualization, leadership, strategic planning, sql, pandas, tableau",entry level,7,researcher,teknis wajib menguasai powerbi data visualization leadership strategic planning sql pandas serta tableau memiliki kemampuan problem solving yang baik sangat diutamakan,
09f2ae5d-2607-49d6-a041-55c491d73c5f,backend developer,"react, fastapi, scrum, typescript, mongodb",entry level,5,backend developer,teknis wajib menguasai react fastapi scrum typescript serta mongodb memiliki kemampuan problem solving yang baik sangat diutamakan,
f7305484-03c5-454f-b71c-c8ce0c519258,devops engineer,"problem solving, mongodb, redis, docker",entry level,4,devops / cloud engineer,teknis wajib menguasai problem solving mongodb redis serta docker memiliki kemampuan problem solving yang baik sangat diutamakan,
38c5d99d-950a-473f-b575-45764bdf33c9,backend developer,"postgresql, fastapi, vue.js, problem solving, agile",entry level,5,backend developer,teknis wajib menguasai postgresql fastapi vuejs problem solving serta agile memiliki kemampuan problem solving yang baik sangat diutamakan,
0502c9d5-1fd3-4722-8c1a-a5881c484f49,product manager,"jira, problem solving, strategic planning, agile, leadership",,5,product manager,teknis wajib menguasai jira problem solving strategic planning agile serta leadership memiliki kemampuan problem solving yang baik sangat diutamakan,
e86b3f95-2fa9-4760-a75c-63d596810152,it recruiter,"negosiasi, project management, agile, scrum",,4,hr / recruiter,teknis wajib menguasai negosiasi project management agile serta scrum memiliki kemampuan problem solving yang baik sangat diutamakan,
46e702a0-04c3-45a6-bafc-f5323485f91e,backend developer,"postgresql, negosiasi, python, node.js, nuxt.js",,5,backend developer,teknis wajib menguasai postgresql negosiasi python nodejs serta nuxtjs memiliki kemampuan problem solving yang baik sangat diutamakan,
9128d8b7-b3b4-4e70-8938-2c6533603063,backend developer,"project management, docker, vue.js, agile, node.js",,5,backend developer,teknis wajib menguasai project management docker vuejs agile serta nodejs memiliki kemampuan problem solving yang baik sangat diutamakan,
6c84c9c3-d38d-4a01-9d84-94ad8b92d576,data analyst,"statistika, scikit-learn, data visualization, scrum, komunikasi",senior level,5,data analyst,teknis wajib menguasai statistika scikitlearn data visualization scrum serta komunikasi memiliki kemampuan problem solving yang baik sangat diutamakan,
4f58b320-0249-493e-8bfe-168361d7a17f,full stack developer,"postgresql, docker, javascript, vue.js, problem solving, redis",senior level,6,fullstack developer,teknis wajib menguasai postgresql docker javascript vuejs problem solving serta redis memiliki kemampuan problem solving yang baik sangat diutamakan,
269a1fe0-5bea-49d8-bf2a-1f1eb1d91629,product manager,"project management, jira, scrum, negosiasi, agile, komunikasi",entry level,6,product manager,teknis wajib menguasai project management jira scrum negosiasi agile serta komunikasi memiliki kemampuan problem solving yang baik sangat diutamakan,
80cab7b0-75cd-4c6d-9525-db4a6ba7e076,it recruiter,"jira, scrum, negosiasi, leadership, strategic planning, problem solving, komunikasi",,7,hr / recruiter,teknis wajib menguasai jira scrum negosiasi leadership strategic planning problem solving serta komunikasi memiliki kemampuan problem solving yang baik sangat diutamakan,
5bd37903-3cef-4aa7-bae4-31abfb37c530,machine learning engineer,"statistika, data visualization, scikit-learn, negosiasi, r",entry level,5,data scientist / ml engineer,teknis wajib menguasai statistika data visualization scikitlearn negosiasi serta r memiliki kemampuan problem solving yang baik sangat diutamakan,
dba2028e-7f1e-434b-abed-3d005ec34ef4,devops engineer,"negosiasi, vue.js, node.js, javascript",,4,devops / cloud engineer,teknis wajib menguasai negosiasi vuejs nodejs serta javascript memiliki kemampuan problem solving yang baik sangat diutamakan,
4f93c136-4a7e-4d46-998d-51589753d70c,frontend developer,"docker, javascript, typescript, negosiasi, agile, mongodb, nuxt.js",,7,frontend developer,teknis wajib menguasai docker javascript typescript negosiasi agile mongodb serta nuxtjs memiliki kemampuan problem solving yang baik sangat diutamakan,
590e2242-bf7b-4cd0-9916-8d767959a0db,data analyst,"scikit-learn, scrum, r, pandas, tableau",,5,data analyst,teknis wajib menguasai scikitlearn scrum r pandas serta tableau memiliki kemampuan problem solving yang baik sangat diutamakan,
00152e7c-b7c7-4804-8005-93cb7ea957af,it recruiter,"project management, jira, scrum, negosiasi, leadership, problem solving",,6,hr / recruiter,teknis wajib menguasai project management jira scrum negosiasi leadership serta problem solving memiliki kemampuan problem solving yang baik sangat diutamakan,
de96bb20-4bb3-4706-8911-eabcdd649fa5,backend developer,"postgresql, fastapi, scrum, mongodb, redis",,5,backend developer,teknis wajib menguasai postgresql fastapi scrum mongodb serta redis memiliki kemampuan problem solving yang baik sangat diutamakan,
77455fc7-274f-4f36-aa42-56ee913bdb67,data scientist,"data visualization, leadership, python, komunikasi, tableau",entry level,5,researcher,teknis wajib menguasai data visualization leadership python komunikasi serta tableau memiliki kemampuan problem solving yang baik sangat diutamakan,
a8705661-258e-49aa-a7a0-b7aec4002dac,devops engineer,"mongodb, fastapi, typescript, komunikasi",,4,devops / cloud engineer,teknis wajib menguasai mongodb fastapi typescript serta komunikasi memiliki kemampuan problem solving yang baik sangat diutamakan,
84dd4d08-4e08-461c-914e-14c89c20e5da,product manager,"project management, jira, scrum, strategic planning, komunikasi",senior level,5,product manager,teknis wajib menguasai project management jira scrum strategic planning serta komunikasi memiliki kemampuan problem solving yang baik sangat diutamakan,
30091f5b-348c-4dbd-8c9f-0b1523899c87,machine learning engineer,"komunikasi, scikit-learn, machine learning, strategic planning, sql",,5,data scientist / ml engineer,teknis wajib menguasai komunikasi scikitlearn machine learning strategic planning serta sql memiliki kemampuan problem solving yang baik sangat diutamakan,
c4c992c9-4434-4522-8ae0-8a00dde82544,it recruiter,"negosiasi, leadership, strategic planning, agile",entry level,4,hr / recruiter,teknis wajib menguasai negosiasi leadership strategic planning serta agile memiliki kemampuan problem solving yang baik sangat diutamakan,
f4c465b4-ff05-40e1-abd1-bf6619f764e0,machine learning engineer,"powerbi, leadership, r, sql, pandas, tableau",,6,data scientist / ml engineer,teknis wajib menguasai powerbi leadership r sql pandas serta tableau memiliki kemampuan problem solving yang baik sangat diutamakan,
1949503c-ff1a-457a-be6a-9aefb66f2352,ui/ux designer,"photoshop, negosiasi, problem solving, wireframing, prototyping",senior level,5,ux / ui designer,teknis wajib menguasai photoshop negosiasi problem solving wireframing serta prototyping memiliki kemampuan problem solving yang baik sangat diutamakan,
463d619b-539d-4465-ae93-2461b8e4bfa5,backend developer,"docker, javascript, typescript, strategic planning, komunikasi",,5,backend developer,teknis wajib menguasai docker javascript typescript strategic planning serta komunikasi memiliki kemampuan problem solving yang baik sangat diutamakan,
80a0eac1-0241-4700-96a2-2fd96baebf5c,ui/ux designer,"jira, photoshop, scrum, design system, wireframing, user research, figma, prototyping",senior level,8,ux / ui designer,teknis wajib menguasai jira photoshop scrum design system wireframing user research figma serta prototyping memiliki kemampuan problem solving yang baik sangat diutamakan,
26369779-6303-4850-a718-2ebc6bd645f8,product manager,"jira, problem solving, komunikasi, scrum",senior level,4,product manager,teknis wajib menguasai jira problem solving komunikasi serta scrum memiliki kemampuan problem solving yang baik sangat diutamakan,
9549f6c3-f21a-4408-926c-b9cb7a4fd7b5,devops engineer,"docker, fastapi, typescript, vue.js, problem solving, node.js, nuxt.js",,7,devops / cloud engineer,teknis wajib menguasai docker fastapi typescript vuejs problem solving nodejs serta nuxtjs memiliki kemampuan problem solving yang baik sangat diutamakan,
813563e2-6142-4f0f-aa6f-e4d98aaadad4,ui/ux designer,"ui/ux, photoshop, scrum, strategic planning, figma",senior level,5,ux / ui designer,teknis wajib menguasai uiux photoshop scrum strategic planning serta figma memiliki kemampuan problem solving yang baik sangat diutamakan,
0b898f85-b8f0-47bb-9227-b4d73a804b34,product manager,"project management, scrum, leadership, strategic planning, komunikasi",senior level,5,product manager,teknis wajib menguasai project management scrum leadership strategic planning serta komunikasi memiliki kemampuan problem solving yang baik sangat diutamakan,
71ca8a2d-132c-45d4-afdd-f9215ec420ce,ui/ux designer,"ui/ux, photoshop, adobe illustrator, negosiasi, strategic planning, user research",,6,ux / ui designer,teknis wajib menguasai uiux photoshop adobe illustrator negosiasi strategic planning serta user research memiliki kemampuan problem solving yang baik sangat diutamakan,
7832fb36-9d7c-471e-958a-f6688ac53868,backend developer,"javascript, typescript, scrum, negosiasi, vue.js, mongodb, node.js",senior level,7,backend developer,teknis wajib menguasai javascript typescript scrum negosiasi vuejs mongodb serta nodejs memiliki kemampuan problem solving yang baik sangat diutamakan,
26378c40-2165-4ebf-9688-f1c4efaa43df,frontend developer,"postgresql, leadership, javascript, nuxt.js",,4,frontend developer,teknis wajib menguasai postgresql leadership javascript serta nuxtjs memiliki kemampuan problem solving yang baik sangat diutamakan,
cfe1f8e6-94c7-4482-8f91-d4a4bb44975a,data scientist,"scikit-learn, machine learning, python, agile, r, tensorflow, tableau",entry level,7,researcher,teknis wajib menguasai scikitlearn machine learning python agile r tensorflow serta tableau memiliki kemampuan problem solving yang baik sangat diutamakan,
cb219522-e409-4b14-9d8d-ece54315ab96,machine learning engineer,"jira, scikit-learn, powerbi, machine learning, python, r, pandas",senior level,7,data scientist / ml engineer,teknis wajib menguasai jira scikitlearn powerbi machine learning python r serta pandas memiliki kemampuan problem solving yang baik sangat diutamakan,
6088ce98-8c8c-47cf-a302-d70201dcc2b7,frontend developer,"docker, react, fastapi, typescript, vue.js, python, problem solving, komunikasi",senior level,8,frontend developer,teknis wajib menguasai docker react fastapi typescript vuejs python problem solving serta komunikasi memiliki kemampuan problem solving yang baik sangat diutamakan,
7f941780-5768-4c6a-9a2c-bc3f38ac8ed7,ui/ux designer,"photoshop, adobe illustrator, design system, strategic planning, user research, prototyping",,6,ux / ui designer,teknis wajib menguasai photoshop adobe illustrator design system strategic planning user research serta prototyping memiliki kemampuan problem solving yang baik sangat diutamakan,
b101107c-02ee-4966-8572-75d862eeeaf6,full stack developer,"react, fastapi, typescript, mongodb, komunikasi, redis, nuxt.js",entry level,7,fullstack developer,teknis wajib menguasai react fastapi typescript mongodb komunikasi redis serta nuxtjs memiliki kemampuan problem solving yang baik sangat diutamakan,
2e035e81-eb02-4966-aace-c1d7cb088bc7,backend developer,"postgresql, project management, fastapi, python, redis",,5,backend developer,teknis wajib menguasai postgresql project management fastapi python serta redis memiliki kemampuan problem solving yang baik sangat diutamakan,
0412176b-6b3e-440d-9f42-abc340b12d20,backend developer,"postgresql, vue.js, python, leadership, mongodb, nuxt.js",entry level,6,backend developer,teknis wajib menguasai postgresql vuejs python leadership mongodb serta nuxtjs memiliki kemampuan problem solving yang baik sangat diutamakan,
4443339d-2a2f-48e1-8794-0bd901d54d6b,devops engineer,"postgresql, docker, fastapi, negosiasi, vue.js, python",,6,devops / cloud engineer,teknis wajib menguasai postgresql docker fastapi negosiasi vuejs serta python memiliki kemampuan problem solving yang baik sangat diutamakan,
a65b696c-b66b-4f71-bbf5-83e4358ab52f,devops engineer,"docker, react, git, fastapi, negosiasi, python, node.js",,7,devops / cloud engineer,teknis wajib menguasai docker react git fastapi negosiasi python serta nodejs memiliki kemampuan problem solving yang baik sangat diutamakan,
d541fd63-5fd0-4908-9773-9b15a6e560c3,devops engineer,"jira, javascript, react, python, mongodb",,5,devops / cloud engineer,teknis wajib menguasai jira javascript react python serta mongodb memiliki kemampuan problem solving yang baik sangat diutamakan,
d16b3fc9-f469-4d7d-bce5-167efe936ef4,backend developer,"vue.js, komunikasi, node.js, nuxt.js",entry level,4,backend developer,teknis wajib menguasai vuejs komunikasi nodejs serta nuxtjs memiliki kemampuan problem solving yang baik sangat diutamakan,
12ec463e-33a6-4916-809e-dae54c3fb988,it recruiter,"project management, scrum, problem solving, strategic planning, leadership",entry level,5,hr / recruiter,teknis wajib menguasai project management scrum problem solving strategic planning serta leadership memiliki kemampuan problem solving yang baik sangat diutamakan,
d926925a-3e22-45a5-9d1b-e8ae0e2e8255,data scientist,"statistika, leadership, python, r, tensorflow, komunikasi",entry level,6,researcher,teknis wajib menguasai statistika leadership python r tensorflow serta komunikasi memiliki kemampuan problem solving yang baik sangat diutamakan,
ee2cdaae-b1d1-4fa9-a290-733bad54fb7f,data scientist,"powerbi, tensorflow, agile, tableau",entry level,4,researcher,teknis wajib menguasai powerbi tensorflow agile serta tableau memiliki kemampuan problem solving yang baik sangat diutamakan,
a1d4e741-c4ca-4d33-ba21-849ef6417e66,devops engineer,"postgresql, javascript, typescript, problem solving, strategic planning, node.js, nuxt.js",entry level,7,devops / cloud engineer,teknis wajib menguasai postgresql javascript typescript problem solving strategic planning nodejs serta nuxtjs memiliki kemampuan problem solving yang baik sangat diutamakan,
9d4e355b-6988-41b0-9c0f-4b5b778a2765,frontend developer,"javascript, docker, git, negosiasi, vue.js, mongodb",,6,frontend developer,teknis wajib menguasai javascript docker git negosiasi vuejs serta mongodb memiliki kemampuan problem solving yang baik sangat diutamakan,
19ee3322-da8e-45d9-a786-85721994eeec,product manager,"jira, problem solving, leadership, strategic planning, agile, komunikasi",senior level,6,product manager,teknis wajib menguasai jira problem solving leadership strategic planning agile serta komunikasi memiliki kemampuan problem solving yang baik sangat diutamakan,
5c2d8ef8-2b93-48ce-a711-da26c395c549,devops engineer,"mongodb, fastapi, nuxt.js, komunikasi",entry level,4,devops / cloud engineer,teknis wajib menguasai mongodb fastapi nuxtjs serta komunikasi memiliki kemampuan problem solving yang baik sangat diutamakan,
7fec3f7c-1d76-48ab-be5f-3bf2c7a13761,backend developer,"docker, typescript, problem solving, strategic planning, node.js",,5,backend developer,teknis wajib menguasai docker typescript problem solving strategic planning serta nodejs memiliki kemampuan problem solving yang baik sangat diutamakan,